Filename,Ground_Truth,Prediction,Confidence,Avg_RPM
0D.csv,Normal,Imbalance,0.9218,780.8
0D.csv,Normal,Imbalance,0.8620,780.8
0D.csv,Normal,Bearing,0.7525,780.8
0D.csv,Normal,Imbalance,0.9722,780.8
0D.csv,Normal,Imbalance,0.9709,770.8
0D.csv,Normal,Imbalance,0.8748,770.8
0D.csv,Normal,Imbalance,0.9937,770.8
0D.csv,Normal,Imbalance,0.9623,770.8
0D.csv,Normal,Imbalance,0.9844,769.7
0D.csv,Normal,Imbalance,0.9835,769.7
0D.csv,Normal,Imbalance,0.9915,769.7
0D.csv,Normal,Imbalance,0.9837,769.7
0D.csv,Normal,Imbalance,0.7058,786.3
0D.csv,Normal,Imbalance,0.9898,786.3
0D.csv,Normal,Imbalance,0.5551,786.3
0D.csv,Normal,Imbalance,0.8775,786.3
0D.csv,Normal,Bearing,0.5835,795.0
0D.csv,Normal,Imbalance,0.9785,795.0
0D.csv,Normal,Imbalance,0.7996,795.0
0D.csv,Normal,Imbalance,0.7987,795.0
0D.csv,Normal,Imbalance,0.6361,796.6
0D.csv,Normal,Imbalance,0.7464,796.6
0D.csv,Normal,Imbalance,0.5374,796.6
0D.csv,Normal,Imbalance,0.8763,796.6
0D.csv,Normal,Bearing,0.5133,778.8
0D.csv,Normal,Imbalance,0.8514,778.8
0D.csv,Normal,Imbalance,0.7537,778.8
0D.csv,Normal,Imbalance,0.9587,778.8
0D.csv,Normal,Imbalance,0.8983,792.3
0D.csv,Normal,Bearing,0.8284,792.3
0D.csv,Normal,Imbalance,0.9642,792.3
0D.csv,Normal,Imbalance,0.8418,792.3
0D.csv,Normal,Imbalance,0.9595,797.6
0D.csv,Normal,Imbalance,0.5922,797.6
0D.csv,Normal,Bearing,0.6352,797.6
0D.csv,Normal,Imbalance,0.8821,797.6
0D.csv,Normal,Imbalance,0.8873,792.3
0D.csv,Normal,Imbalance,0.9276,792.3
0D.csv,Normal,Bearing,0.9149,792.3
0D.csv,Normal,Bearing,0.9226,792.3
0D.csv,Normal,Imbalance,0.7959,789.3
0D.csv,Normal,Bearing,0.9028,789.3
0D.csv,Normal,Imbalance,0.8993,789.3
0D.csv,Normal,Imbalance,0.6953,789.3
0D.csv,Normal,Bearing,0.5548,799.8
0D.csv,Normal,Bearing,0.7102,799.8
0D.csv,Normal,Bearing,0.9318,799.8
0D.csv,Normal,Imbalance,0.8464,799.8
0D.csv,Normal,Imbalance,0.9335,807.6
0D.csv,Normal,Bearing,0.7335,807.6
0D.csv,Normal,Imbalance,0.9482,807.6
0D.csv,Normal,Bearing,0.7165,807.6
0D.csv,Normal,Bearing,0.9877,802.7
0D.csv,Normal,Bearing,0.9569,802.7
0D.csv,Normal,Bearing,0.9255,802.7
0D.csv,Normal,Bearing,0.5988,802.7
0D.csv,Normal,Bearing,0.6234,812.2
0D.csv,Normal,Imbalance,0.9284,812.2
0D.csv,Normal,Imbalance,0.8945,812.2
0D.csv,Normal,Imbalance,0.7407,812.2
0D.csv,Normal,Imbalance,0.8354,810.6
0D.csv,Normal,Bearing,0.5350,810.6
0D.csv,Normal,Imbalance,0.8883,810.6
0D.csv,Normal,Bearing,0.6733,810.6
0D.csv,Normal,Imbalance,0.9382,820.2
0D.csv,Normal,Imbalance,0.6540,820.2
0D.csv,Normal,Imbalance,0.5802,820.2
0D.csv,Normal,Imbalance,0.9605,820.2
0D.csv,Normal,Bearing,0.7400,812.6
0D.csv,Normal,Imbalance,0.6898,812.6
0D.csv,Normal,Bearing,0.6777,812.6
0D.csv,Normal,Bearing,0.5511,812.6
0D.csv,Normal,Bearing,0.5171,822.1
0D.csv,Normal,Imbalance,0.7222,822.1
0D.csv,Normal,Imbalance,0.9395,822.1
0D.csv,Normal,Imbalance,0.9377,822.1
0D.csv,Normal,Imbalance,0.7792,830.4
0D.csv,Normal,Bearing,0.5487,830.4
0D.csv,Normal,Bearing,0.5515,830.4
0D.csv,Normal,Imbalance,0.8224,830.4
0D.csv,Normal,Imbalance,0.6157,827.5
0D.csv,Normal,Imbalance,0.9318,827.5
0D.csv,Normal,Imbalance,0.9744,827.5
0D.csv,Normal,Bearing,0.7249,827.5
0D.csv,Normal,Imbalance,0.9741,822.2
0D.csv,Normal,Imbalance,0.9954,822.2
0D.csv,Normal,Imbalance,0.9262,822.2
0D.csv,Normal,Imbalance,0.8537,822.2
0D.csv,Normal,Imbalance,0.5024,820.1
0D.csv,Normal,Imbalance,0.9581,820.1
0D.csv,Normal,Imbalance,0.7850,820.1
0D.csv,Normal,Imbalance,0.9437,820.1
0D.csv,Normal,Imbalance,0.7087,849.4
0D.csv,Normal,Imbalance,0.9591,849.4
0D.csv,Normal,Imbalance,0.9019,849.4
0D.csv,Normal,Bearing,0.7286,849.4
0D.csv,Normal,Imbalance,0.9351,830.5
0D.csv,Normal,Imbalance,0.9041,830.5
0D.csv,Normal,Imbalance,0.9218,830.5
0D.csv,Normal,Imbalance,0.9223,830.5
0D.csv,Normal,Imbalance,0.9399,835.7
0D.csv,Normal,Imbalance,0.8787,835.7
0D.csv,Normal,Bearing,0.6145,835.7
0D.csv,Normal,Bearing,0.5985,835.7
0D.csv,Normal,Bearing,0.9562,849.0
0D.csv,Normal,Imbalance,0.6893,849.0
0D.csv,Normal,Imbalance,0.8633,849.0
0D.csv,Normal,Imbalance,0.9619,849.0
0D.csv,Normal,Imbalance,0.9609,845.7
0D.csv,Normal,Imbalance,0.5854,845.7
0D.csv,Normal,Imbalance,0.8896,845.7
0D.csv,Normal,Imbalance,0.9743,845.7
0D.csv,Normal,Imbalance,0.9291,847.1
0D.csv,Normal,Imbalance,0.9927,847.1
0D.csv,Normal,Imbalance,0.9943,847.1
0D.csv,Normal,Imbalance,0.9939,847.1
0D.csv,Normal,Imbalance,0.9933,853.6
0D.csv,Normal,Imbalance,0.9047,853.6
0D.csv,Normal,Imbalance,0.9852,853.6
0D.csv,Normal,Imbalance,0.9869,853.6
0D.csv,Normal,Imbalance,0.9945,847.0
0D.csv,Normal,Imbalance,0.7146,847.0
0D.csv,Normal,Imbalance,0.9483,847.0
0D.csv,Normal,Imbalance,0.6053,847.0
0D.csv,Normal,Imbalance,0.9231,853.3
0D.csv,Normal,Imbalance,0.7820,853.3
0D.csv,Normal,Imbalance,0.8477,853.3
0D.csv,Normal,Imbalance,0.9764,853.3
0D.csv,Normal,Imbalance,0.9355,860.4
0D.csv,Normal,Imbalance,0.9215,860.4
0D.csv,Normal,Imbalance,0.9448,860.4
0D.csv,Normal,Imbalance,0.9408,860.4
0D.csv,Normal,Imbalance,0.8624,855.0
0D.csv,Normal,Imbalance,0.6125,855.0
0D.csv,Normal,Imbalance,0.7901,855.0
0D.csv,Normal,Imbalance,0.6764,855.0
0D.csv,Normal,Imbalance,0.9478,855.7
0D.csv,Normal,Imbalance,0.9480,855.7
0D.csv,Normal,Imbalance,0.9475,855.7
0D.csv,Normal,Imbalance,0.9645,855.7
0D.csv,Normal,Imbalance,0.6050,873.0
0D.csv,Normal,Imbalance,0.8977,873.0
0D.csv,Normal,Imbalance,0.9881,873.0
0D.csv,Normal,Imbalance,0.9697,873.0
0D.csv,Normal,Imbalance,0.9836,863.7
0D.csv,Normal,Imbalance,0.8818,863.7
0D.csv,Normal,Imbalance,0.9717,863.7
0D.csv,Normal,Imbalance,0.9794,863.7
0D.csv,Normal,Imbalance,0.9781,863.8
0D.csv,Normal,Imbalance,0.9568,863.8
0D.csv,Normal,Imbalance,0.9826,863.8
0D.csv,Normal,Imbalance,0.9367,863.8
0D.csv,Normal,Imbalance,0.9882,881.4
0D.csv,Normal,Imbalance,0.9904,881.4
0D.csv,Normal,Imbalance,0.9652,881.4
0D.csv,Normal,Imbalance,0.9670,881.4
0D.csv,Normal,Imbalance,0.9877,875.7
0D.csv,Normal,Imbalance,0.9366,875.7
0D.csv,Normal,Imbalance,0.9879,875.7
0D.csv,Normal,Imbalance,0.9928,875.7
0D.csv,Normal,Imbalance,0.9723,875.9
0D.csv,Normal,Imbalance,0.9844,875.9
0D.csv,Normal,Imbalance,0.9238,875.9
0D.csv,Normal,Imbalance,0.7942,875.9
0D.csv,Normal,Imbalance,0.9783,874.2
0D.csv,Normal,Imbalance,0.9538,874.2
0D.csv,Normal,Imbalance,0.9813,874.2
0D.csv,Normal,Imbalance,0.9790,874.2
0D.csv,Normal,Imbalance,0.9839,877.9
0D.csv,Normal,Imbalance,0.9678,877.9
0D.csv,Normal,Imbalance,0.9787,877.9
0D.csv,Normal,Imbalance,0.9626,877.9
0D.csv,Normal,Imbalance,0.9236,884.9
0D.csv,Normal,Imbalance,0.9778,884.9
0D.csv,Normal,Imbalance,0.9937,884.9
0D.csv,Normal,Imbalance,0.9701,884.9
0D.csv,Normal,Imbalance,0.9890,885.3
0D.csv,Normal,Imbalance,0.9965,885.3
0D.csv,Normal,Imbalance,0.9969,885.3
0D.csv,Normal,Imbalance,0.9946,885.3
0D.csv,Normal,Imbalance,0.9844,884.3
0D.csv,Normal,Imbalance,0.9955,884.3
0D.csv,Normal,Imbalance,0.9791,884.3
0D.csv,Normal,Imbalance,0.9933,884.3
0D.csv,Normal,Imbalance,0.9768,902.9
0D.csv,Normal,Imbalance,0.9915,902.9
0D.csv,Normal,Imbalance,0.9794,902.9
0D.csv,Normal,Imbalance,0.9935,902.9
0D.csv,Normal,Imbalance,0.9942,893.2
0D.csv,Normal,Imbalance,0.9675,893.2
0D.csv,Normal,Imbalance,0.9933,893.2
0D.csv,Normal,Imbalance,0.9961,893.2
0D.csv,Normal,Imbalance,0.9838,875.2
0D.csv,Normal,Imbalance,0.9865,875.2
0D.csv,Normal,Imbalance,0.9121,875.2
0D.csv,Normal,Imbalance,0.9410,875.2
0D.csv,Normal,Imbalance,0.9925,890.6
0D.csv,Normal,Imbalance,0.9928,890.6
0D.csv,Normal,Imbalance,0.9943,890.6
0D.csv,Normal,Imbalance,0.9972,890.6
0D.csv,Normal,Imbalance,0.9777,910.5
0D.csv,Normal,Imbalance,0.9584,910.5
0D.csv,Normal,Imbalance,0.9520,910.5
0D.csv,Normal,Imbalance,0.9945,910.5
0D.csv,Normal,Imbalance,0.9912,913.4
0D.csv,Normal,Imbalance,0.9954,913.4
0D.csv,Normal,Imbalance,0.9914,913.4
0D.csv,Normal,Imbalance,0.9933,913.4
0D.csv,Normal,Imbalance,0.9839,905.7
0D.csv,Normal,Imbalance,0.9969,905.7
0D.csv,Normal,Imbalance,0.9927,905.7
0D.csv,Normal,Imbalance,0.9908,905.7
0D.csv,Normal,Imbalance,0.9994,909.1
0D.csv,Normal,Imbalance,0.9984,909.1
0D.csv,Normal,Imbalance,0.9097,909.1
0D.csv,Normal,Imbalance,0.9946,909.1
0D.csv,Normal,Imbalance,0.9961,917.4
0D.csv,Normal,Imbalance,0.9719,917.4
0D.csv,Normal,Imbalance,0.9880,917.4
0D.csv,Normal,Imbalance,0.9985,917.4
0D.csv,Normal,Imbalance,0.9913,924.2
0D.csv,Normal,Imbalance,0.9925,924.2
0D.csv,Normal,Imbalance,0.9960,924.2
0D.csv,Normal,Imbalance,0.9687,924.2
0D.csv,Normal,Imbalance,0.9673,916.5
0D.csv,Normal,Imbalance,0.9805,916.5
0D.csv,Normal,Imbalance,0.9789,916.5
0D.csv,Normal,Imbalance,0.9583,916.5
0D.csv,Normal,Imbalance,0.9854,917.5
0D.csv,Normal,Imbalance,0.9946,917.5
0D.csv,Normal,Imbalance,0.9847,917.5
0D.csv,Normal,Imbalance,0.9935,917.5
0D.csv,Normal,Imbalance,0.9828,928.8
0D.csv,Normal,Imbalance,0.9936,928.8
0D.csv,Normal,Imbalance,0.9910,928.8
0D.csv,Normal,Imbalance,0.9966,928.8
0D.csv,Normal,Imbalance,0.9886,941.8
0D.csv,Normal,Imbalance,0.9936,941.8
0D.csv,Normal,Imbalance,0.9863,941.8
0D.csv,Normal,Imbalance,0.9965,941.8
0D.csv,Normal,Imbalance,0.9881,943.2
0D.csv,Normal,Imbalance,0.9787,943.2
0D.csv,Normal,Imbalance,0.9783,943.2
0D.csv,Normal,Imbalance,0.9920,943.2
0D.csv,Normal,Imbalance,0.9949,941.2
0D.csv,Normal,Imbalance,0.9870,941.2
0D.csv,Normal,Imbalance,0.9986,941.2
0D.csv,Normal,Imbalance,0.9960,941.2
0D.csv,Normal,Imbalance,0.9841,938.6
0D.csv,Normal,Imbalance,0.9682,938.6
0D.csv,Normal,Imbalance,0.9942,938.6
0D.csv,Normal,Imbalance,0.9376,938.6
0D.csv,Normal,Imbalance,0.9929,946.3
0D.csv,Normal,Imbalance,0.9739,946.3
0D.csv,Normal,Imbalance,0.9918,946.3
0D.csv,Normal,Imbalance,0.9864,946.3
0D.csv,Normal,Imbalance,0.9903,939.2
0D.csv,Normal,Imbalance,0.9986,939.2
0D.csv,Normal,Imbalance,0.9927,939.2
0D.csv,Normal,Imbalance,0.9907,939.2
0D.csv,Normal,Imbalance,0.9854,936.3
0D.csv,Normal,Imbalance,0.9990,936.3
0D.csv,Normal,Imbalance,0.9985,936.3
0D.csv,Normal,Imbalance,0.9898,936.3
0D.csv,Normal,Imbalance,0.9814,942.7
0D.csv,Normal,Imbalance,0.9918,942.7
0D.csv,Normal,Imbalance,0.9953,942.7
0D.csv,Normal,Imbalance,0.9957,942.7
0D.csv,Normal,Imbalance,0.9913,948.1
0D.csv,Normal,Imbalance,0.9939,948.1
0D.csv,Normal,Imbalance,0.9979,948.1
0D.csv,Normal,Imbalance,0.9945,948.1
0D.csv,Normal,Imbalance,0.9613,964.0
0D.csv,Normal,Imbalance,0.9944,964.0
0D.csv,Normal,Imbalance,0.9939,964.0
0D.csv,Normal,Imbalance,0.9993,964.0
0D.csv,Normal,Imbalance,0.9942,949.2
0D.csv,Normal,Imbalance,0.9979,949.2
0D.csv,Normal,Imbalance,0.9974,949.2
0D.csv,Normal,Imbalance,0.9913,949.2
0D.csv,Normal,Imbalance,0.9936,937.2
0D.csv,Normal,Imbalance,0.9899,937.2
0D.csv,Normal,Imbalance,0.9884,937.2
0D.csv,Normal,Imbalance,0.9985,937.2
0D.csv,Normal,Imbalance,0.9980,937.2
0D.csv,Normal,Imbalance,0.9978,937.2
0D.csv,Normal,Imbalance,0.9859,937.2
0D.csv,Normal,Imbalance,0.9940,937.2
0D.csv,Normal,Imbalance,0.9988,949.7
0D.csv,Normal,Imbalance,0.9948,949.7
0D.csv,Normal,Imbalance,0.9891,949.7
0D.csv,Normal,Imbalance,0.9846,949.7
0D.csv,Normal,Imbalance,0.9951,969.4
0D.csv,Normal,Imbalance,0.9903,969.4
0D.csv,Normal,Imbalance,0.9982,969.4
0D.csv,Normal,Imbalance,0.9938,969.4
0D.csv,Normal,Imbalance,0.9944,977.3
0D.csv,Normal,Imbalance,0.9969,977.3
0D.csv,Normal,Imbalance,0.9987,977.3
0D.csv,Normal,Imbalance,0.9992,977.3
0D.csv,Normal,Imbalance,0.9985,970.0
0D.csv,Normal,Imbalance,0.9995,970.0
0D.csv,Normal,Imbalance,0.9989,970.0
0D.csv,Normal,Imbalance,0.9997,970.0
0D.csv,Normal,Imbalance,0.9978,970.8
0D.csv,Normal,Imbalance,0.9970,970.8
0D.csv,Normal,Imbalance,0.9930,970.8
0D.csv,Normal,Imbalance,0.9917,970.8
0D.csv,Normal,Imbalance,0.9963,971.0
0D.csv,Normal,Imbalance,0.9903,971.0
0D.csv,Normal,Imbalance,0.9980,971.0
0D.csv,Normal,Imbalance,0.9916,971.0
0D.csv,Normal,Imbalance,0.9983,966.4
0D.csv,Normal,Imbalance,0.9991,966.4
0D.csv,Normal,Imbalance,0.9994,966.4
0D.csv,Normal,Imbalance,0.9995,966.4
0D.csv,Normal,Imbalance,0.9970,979.7
0D.csv,Normal,Imbalance,0.9993,979.7
0D.csv,Normal,Imbalance,0.9992,979.7
0D.csv,Normal,Imbalance,0.9982,979.7
0D.csv,Normal,Imbalance,0.9984,987.6
0D.csv,Normal,Imbalance,0.9989,987.6
0D.csv,Normal,Imbalance,0.9985,987.6
0D.csv,Normal,Imbalance,0.9994,987.6
0D.csv,Normal,Imbalance,0.9991,979.2
0D.csv,Normal,Imbalance,0.9975,979.2
0D.csv,Normal,Imbalance,0.9985,979.2
0D.csv,Normal,Imbalance,0.9968,979.2
0D.csv,Normal,Imbalance,0.9986,992.9
0D.csv,Normal,Imbalance,0.9991,992.9
0D.csv,Normal,Imbalance,0.9978,992.9
0D.csv,Normal,Imbalance,0.9969,992.9
0D.csv,Normal,Imbalance,0.9993,989.8
0D.csv,Normal,Imbalance,0.9961,989.8
0D.csv,Normal,Imbalance,0.9947,989.8
0D.csv,Normal,Imbalance,0.9996,989.8
0D.csv,Normal,Imbalance,0.9974,998.7
0D.csv,Normal,Imbalance,0.9986,998.7
0D.csv,Normal,Imbalance,0.9951,998.7
0D.csv,Normal,Imbalance,0.9978,998.7
0D.csv,Normal,Imbalance,0.9967,980.8
0D.csv,Normal,Imbalance,0.9977,980.8
0D.csv,Normal,Imbalance,0.9989,980.8
0D.csv,Normal,Imbalance,0.9993,980.8
0D.csv,Normal,Imbalance,0.9992,996.7
0D.csv,Normal,Imbalance,0.9989,996.7
0D.csv,Normal,Imbalance,0.9989,996.7
0D.csv,Normal,Imbalance,0.9997,996.7
0D.csv,Normal,Imbalance,0.9975,1011.2
0D.csv,Normal,Imbalance,0.9992,1011.2
0D.csv,Normal,Imbalance,0.9995,1011.2
0D.csv,Normal,Imbalance,0.9993,1011.2
0D.csv,Normal,Imbalance,0.9979,1007.5
0D.csv,Normal,Imbalance,0.9981,1007.5
0D.csv,Normal,Imbalance,0.9968,1007.5
0D.csv,Normal,Imbalance,0.9933,1007.5
0D.csv,Normal,Imbalance,0.9985,1002.2
0D.csv,Normal,Imbalance,0.9996,1002.2
0D.csv,Normal,Imbalance,0.9995,1002.2
0D.csv,Normal,Imbalance,0.9985,1002.2
0D.csv,Normal,Imbalance,0.9948,997.6
0D.csv,Normal,Imbalance,0.9989,997.6
0D.csv,Normal,Imbalance,0.9986,997.6
0D.csv,Normal,Imbalance,0.9988,997.6
0D.csv,Normal,Imbalance,0.9968,1030.9
0D.csv,Normal,Imbalance,0.9937,1030.9
0D.csv,Normal,Imbalance,0.9976,1030.9
0D.csv,Normal,Imbalance,0.9945,1030.9
0D.csv,Normal,Imbalance,0.9964,1002.2
0D.csv,Normal,Imbalance,0.9983,1002.2
0D.csv,Normal,Imbalance,0.9963,1002.2
0D.csv,Normal,Imbalance,0.9979,1002.2
0D.csv,Normal,Imbalance,0.9961,1021.7
0D.csv,Normal,Imbalance,0.9992,1021.7
0D.csv,Normal,Imbalance,0.9985,1021.7
0D.csv,Normal,Imbalance,0.9976,1021.7
0D.csv,Normal,Imbalance,0.9938,1026.0
0D.csv,Normal,Imbalance,0.9969,1026.0
0D.csv,Normal,Imbalance,0.9922,1026.0
0D.csv,Normal,Imbalance,0.9979,1026.0
0D.csv,Normal,Imbalance,0.9964,1039.4
0D.csv,Normal,Imbalance,0.9946,1039.4
0D.csv,Normal,Imbalance,0.9924,1039.4
0D.csv,Normal,Imbalance,0.9935,1039.4
0D.csv,Normal,Imbalance,0.9994,1016.3
0D.csv,Normal,Imbalance,0.9991,1016.3
0D.csv,Normal,Imbalance,0.9973,1016.3
0D.csv,Normal,Imbalance,0.9961,1016.3
0D.csv,Normal,Imbalance,0.9872,1025.8
0D.csv,Normal,Imbalance,0.9954,1025.8
0D.csv,Normal,Imbalance,0.9964,1025.8
0D.csv,Normal,Imbalance,0.9324,1025.8
0D.csv,Normal,Imbalance,0.9976,1036.8
0D.csv,Normal,Imbalance,0.9937,1036.8
0D.csv,Normal,Imbalance,0.9912,1036.8
0D.csv,Normal,Imbalance,0.9948,1036.8
0D.csv,Normal,Imbalance,0.9961,1038.2
0D.csv,Normal,Imbalance,0.9759,1038.2
0D.csv,Normal,Imbalance,0.9950,1038.2
0D.csv,Normal,Imbalance,0.9973,1038.2
0D.csv,Normal,Imbalance,0.9973,1040.5
0D.csv,Normal,Imbalance,0.9911,1040.5
0D.csv,Normal,Imbalance,0.9845,1040.5
0D.csv,Normal,Imbalance,0.9939,1040.5
0D.csv,Normal,Imbalance,0.9586,1034.0
0D.csv,Normal,Imbalance,0.9911,1034.0
0D.csv,Normal,Imbalance,0.9948,1034.0
0D.csv,Normal,Imbalance,0.9940,1034.0
0D.csv,Normal,Imbalance,0.9979,1046.8
0D.csv,Normal,Imbalance,0.9824,1046.8
0D.csv,Normal,Imbalance,0.9857,1046.8
0D.csv,Normal,Imbalance,0.9986,1046.8
0D.csv,Normal,Imbalance,0.9936,1042.0
0D.csv,Normal,Imbalance,0.9981,1042.0
0D.csv,Normal,Imbalance,0.9895,1042.0
0D.csv,Normal,Imbalance,0.9963,1042.0
0D.csv,Normal,Imbalance,0.9918,1042.2
0D.csv,Normal,Imbalance,0.9989,1042.2
0D.csv,Normal,Imbalance,0.9888,1042.2
0D.csv,Normal,Imbalance,0.9682,1042.2
0D.csv,Normal,Imbalance,0.9952,1052.4
0D.csv,Normal,Imbalance,0.9866,1052.4
0D.csv,Normal,Imbalance,0.9895,1052.4
0D.csv,Normal,Imbalance,0.9805,1052.4
0D.csv,Normal,Imbalance,0.9873,1048.6
0D.csv,Normal,Imbalance,0.9865,1048.6
0D.csv,Normal,Imbalance,0.9972,1048.6
0D.csv,Normal,Imbalance,0.9977,1048.6
0D.csv,Normal,Imbalance,0.9947,1055.8
0D.csv,Normal,Imbalance,0.9919,1055.8
0D.csv,Normal,Imbalance,0.9796,1055.8
0D.csv,Normal,Imbalance,0.9939,1055.8
0D.csv,Normal,Imbalance,0.9965,1062.4
0D.csv,Normal,Imbalance,0.9970,1062.4
0D.csv,Normal,Imbalance,0.9564,1062.4
0D.csv,Normal,Imbalance,0.9924,1062.4
0D.csv,Normal,Imbalance,0.9984,1053.0
0D.csv,Normal,Imbalance,0.9789,1053.0
0D.csv,Normal,Imbalance,0.9405,1053.0
0D.csv,Normal,Imbalance,0.9611,1053.0
0D.csv,Normal,Imbalance,0.9953,1057.5
0D.csv,Normal,Imbalance,0.9906,1057.5
0D.csv,Normal,Imbalance,0.9738,1057.5
0D.csv,Normal,Imbalance,0.9740,1057.5
0D.csv,Normal,Imbalance,0.9804,1066.0
0D.csv,Normal,Imbalance,0.8806,1066.0
0D.csv,Normal,Imbalance,0.9742,1066.0
0D.csv,Normal,Imbalance,0.9450,1066.0
0D.csv,Normal,Imbalance,0.9843,1064.5
0D.csv,Normal,Imbalance,0.9965,1064.5
0D.csv,Normal,Imbalance,0.9779,1064.5
0D.csv,Normal,Imbalance,0.9156,1064.5
0D.csv,Normal,Imbalance,0.9835,1073.4
0D.csv,Normal,Imbalance,0.9965,1073.4
0D.csv,Normal,Imbalance,0.9771,1073.4
0D.csv,Normal,Imbalance,0.9878,1073.4
0D.csv,Normal,Imbalance,0.9756,1060.7
0D.csv,Normal,Imbalance,0.9718,1060.7
0D.csv,Normal,Imbalance,0.9275,1060.7
0D.csv,Normal,Imbalance,0.9782,1060.7
0D.csv,Normal,Imbalance,0.9899,1059.3
0D.csv,Normal,Imbalance,0.9949,1059.3
0D.csv,Normal,Imbalance,0.9929,1059.3
0D.csv,Normal,Imbalance,0.9904,1059.3
0D.csv,Normal,Imbalance,0.9283,1097.3
0D.csv,Normal,Imbalance,0.9773,1097.3
0D.csv,Normal,Imbalance,0.9697,1097.3
0D.csv,Normal,Imbalance,0.9812,1097.3
0D.csv,Normal,Imbalance,0.7194,1092.8
0D.csv,Normal,Imbalance,0.9913,1092.8
0D.csv,Normal,Imbalance,0.9843,1092.8
0D.csv,Normal,Imbalance,0.9920,1092.8
0D.csv,Normal,Imbalance,0.9795,1093.2
0D.csv,Normal,Imbalance,0.9627,1093.2
0D.csv,Normal,Imbalance,0.9645,1093.2
0D.csv,Normal,Imbalance,0.9809,1093.2
0D.csv,Normal,Imbalance,0.9849,1087.0
0D.csv,Normal,Imbalance,0.9937,1087.0
0D.csv,Normal,Imbalance,0.9665,1087.0
0D.csv,Normal,Imbalance,0.9482,1087.0
0D.csv,Normal,Imbalance,0.9838,1094.2
0D.csv,Normal,Imbalance,0.9254,1094.2
0D.csv,Normal,Imbalance,0.9865,1094.2
0D.csv,Normal,Imbalance,0.9641,1094.2
0D.csv,Normal,Imbalance,0.9933,1085.2
0D.csv,Normal,Imbalance,0.8253,1085.2
0D.csv,Normal,Imbalance,0.9855,1085.2
0D.csv,Normal,Imbalance,0.9948,1085.2
0D.csv,Normal,Imbalance,0.9767,1091.3
0D.csv,Normal,Imbalance,0.9936,1091.3
0D.csv,Normal,Imbalance,0.9798,1091.3
0D.csv,Normal,Imbalance,0.9876,1091.3
0D.csv,Normal,Imbalance,0.9934,1095.1
0D.csv,Normal,Imbalance,0.9881,1095.1
0D.csv,Normal,Imbalance,0.9937,1095.1
0D.csv,Normal,Imbalance,0.5950,1095.1
0D.csv,Normal,Imbalance,0.9867,1104.5
0D.csv,Normal,Imbalance,0.9951,1104.5
0D.csv,Normal,Imbalance,0.9789,1104.5
0D.csv,Normal,Imbalance,0.9889,1104.5
0D.csv,Normal,Imbalance,0.9726,1095.8
0D.csv,Normal,Imbalance,0.9023,1095.8
0D.csv,Normal,Imbalance,0.9765,1095.8
0D.csv,Normal,Imbalance,0.9841,1095.8
0D.csv,Normal,Imbalance,0.9908,1101.6
0D.csv,Normal,Imbalance,0.8975,1101.6
0D.csv,Normal,Imbalance,0.9660,1101.6
0D.csv,Normal,Imbalance,0.9984,1101.6
0D.csv,Normal,Imbalance,0.9960,1110.7
0D.csv,Normal,Imbalance,0.9876,1110.7
0D.csv,Normal,Imbalance,0.9661,1110.7
0D.csv,Normal,Imbalance,0.9971,1110.7
0D.csv,Normal,Imbalance,0.9814,1100.7
0D.csv,Normal,Imbalance,0.9950,1100.7
0D.csv,Normal,Imbalance,0.9035,1100.7
0D.csv,Normal,Imbalance,0.9708,1100.7
0D.csv,Normal,Imbalance,0.9620,1103.1
0D.csv,Normal,Imbalance,0.9450,1103.1
0D.csv,Normal,Imbalance,0.9414,1103.1
0D.csv,Normal,Imbalance,0.9024,1103.1
0D.csv,Normal,Imbalance,0.9882,1109.7
0D.csv,Normal,Imbalance,0.8550,1109.7
0D.csv,Normal,Imbalance,0.9904,1109.7
0D.csv,Normal,Imbalance,0.9271,1109.7
0D.csv,Normal,Imbalance,0.9917,1128.2
0D.csv,Normal,Imbalance,0.9888,1128.2
0D.csv,Normal,Imbalance,0.9886,1128.2
0D.csv,Normal,Imbalance,0.9897,1128.2
0D.csv,Normal,Imbalance,0.9961,1118.0
0D.csv,Normal,Imbalance,0.9886,1118.0
0D.csv,Normal,Imbalance,0.9753,1118.0
0D.csv,Normal,Imbalance,0.9918,1118.0
0D.csv,Normal,Imbalance,0.9850,1116.6
0D.csv,Normal,Imbalance,0.9483,1116.6
0D.csv,Normal,Imbalance,0.9972,1116.6
0D.csv,Normal,Imbalance,0.9627,1116.6
0D.csv,Normal,Imbalance,0.9285,1123.1
0D.csv,Normal,Imbalance,0.8763,1123.1
0D.csv,Normal,Imbalance,0.9887,1123.1
0D.csv,Normal,Imbalance,0.9848,1123.1
0D.csv,Normal,Imbalance,0.9866,1126.8
0D.csv,Normal,Imbalance,0.9878,1126.8
0D.csv,Normal,Imbalance,0.9890,1126.8
0D.csv,Normal,Imbalance,0.9854,1126.8
0D.csv,Normal,Imbalance,0.9697,1143.9
0D.csv,Normal,Imbalance,0.9445,1143.9
0D.csv,Normal,Imbalance,0.9856,1143.9
0D.csv,Normal,Imbalance,0.9971,1143.9
0D.csv,Normal,Imbalance,0.9751,1129.1
0D.csv,Normal,Imbalance,0.9849,1129.1
0D.csv,Normal,Imbalance,0.9532,1129.1
0D.csv,Normal,Imbalance,0.9836,1129.1
0D.csv,Normal,Imbalance,0.9811,1113.9
0D.csv,Normal,Imbalance,0.9860,1113.9
0D.csv,Normal,Imbalance,0.9768,1113.9
0D.csv,Normal,Imbalance,0.9833,1113.9
0D.csv,Normal,Imbalance,0.9753,1112.2
0D.csv,Normal,Imbalance,0.9901,1112.2
0D.csv,Normal,Imbalance,0.9981,1112.2
0D.csv,Normal,Imbalance,0.9925,1112.2
0D.csv,Normal,Imbalance,0.9920,1112.4
0D.csv,Normal,Imbalance,0.9974,1112.4
0D.csv,Normal,Imbalance,0.9804,1112.4
0D.csv,Normal,Imbalance,0.9980,1112.4
0D.csv,Normal,Imbalance,0.9959,1112.8
0D.csv,Normal,Imbalance,0.9968,1112.8
0D.csv,Normal,Imbalance,0.9961,1112.8
0D.csv,Normal,Imbalance,0.9949,1112.8
0D.csv,Normal,Imbalance,0.9907,1141.8
0D.csv,Normal,Imbalance,0.8280,1141.8
0D.csv,Normal,Imbalance,0.9946,1141.8
0D.csv,Normal,Imbalance,0.9959,1141.8
0D.csv,Normal,Imbalance,0.9879,1147.6
0D.csv,Normal,Imbalance,0.9946,1147.6
0D.csv,Normal,Imbalance,0.9852,1147.6
0D.csv,Normal,Imbalance,0.9874,1147.6
0D.csv,Normal,Imbalance,0.9442,1147.2
0D.csv,Normal,Imbalance,0.9802,1147.2
0D.csv,Normal,Imbalance,0.9957,1147.2
0D.csv,Normal,Imbalance,0.9863,1147.2
0D.csv,Normal,Imbalance,0.9803,1147.6
0D.csv,Normal,Imbalance,0.9587,1147.6
0D.csv,Normal,Imbalance,0.9936,1147.6
0D.csv,Normal,Imbalance,0.9827,1147.6
0D.csv,Normal,Imbalance,0.9772,1165.1
0D.csv,Normal,Imbalance,0.9720,1165.1
0D.csv,Normal,Imbalance,0.9782,1165.1
0D.csv,Normal,Imbalance,0.5716,1165.1
0D.csv,Normal,Imbalance,0.9705,1161.0
0D.csv,Normal,Imbalance,0.9122,1161.0
0D.csv,Normal,Imbalance,0.8904,1161.0
0D.csv,Normal,Imbalance,0.8834,1161.0
0D.csv,Normal,Imbalance,0.8927,1158.5
0D.csv,Normal,Imbalance,0.8377,1158.5
0D.csv,Normal,Imbalance,0.8674,1158.5
0D.csv,Normal,Imbalance,0.9736,1158.5
0D.csv,Normal,Imbalance,0.8705,1158.2
0D.csv,Normal,Imbalance,0.9155,1158.2
0D.csv,Normal,Imbalance,0.9439,1158.2
0D.csv,Normal,Imbalance,0.9624,1158.2
0D.csv,Normal,Imbalance,0.8068,1171.6
0D.csv,Normal,Imbalance,0.8253,1171.6
0D.csv,Normal,Imbalance,0.9722,1171.6
0D.csv,Normal,Imbalance,0.8961,1171.6
0D.csv,Normal,Imbalance,0.8965,1161.1
0D.csv,Normal,Imbalance,0.9936,1161.1
0D.csv,Normal,Imbalance,0.9796,1161.1
0D.csv,Normal,Imbalance,0.9960,1161.1
0D.csv,Normal,Imbalance,0.9920,1181.4
0D.csv,Normal,Imbalance,0.9843,1181.4
0D.csv,Normal,Imbalance,0.8630,1181.4
0D.csv,Normal,Imbalance,0.9115,1181.4
0D.csv,Normal,Imbalance,0.9601,1168.7
0D.csv,Normal,Imbalance,0.9412,1168.7
0D.csv,Normal,Imbalance,0.8648,1168.7
0D.csv,Normal,Imbalance,0.5870,1168.7
0D.csv,Normal,Imbalance,0.8949,1185.4
0D.csv,Normal,Imbalance,0.9510,1185.4
0D.csv,Normal,Imbalance,0.9758,1185.4
0D.csv,Normal,Imbalance,0.9937,1185.4
0D.csv,Normal,Imbalance,0.9461,1179.6
0D.csv,Normal,Imbalance,0.9705,1179.6
0D.csv,Normal,Imbalance,0.9594,1179.6
0D.csv,Normal,Imbalance,0.9890,1179.6
0D.csv,Normal,Imbalance,0.9876,1181.4
0D.csv,Normal,Imbalance,0.9936,1181.4
0D.csv,Normal,Imbalance,0.9558,1181.4
0D.csv,Normal,Imbalance,0.9938,1181.4
0D.csv,Normal,Imbalance,0.9728,1187.4
0D.csv,Normal,Imbalance,0.9913,1187.4
0D.csv,Normal,Imbalance,0.9953,1187.4
0D.csv,Normal,Imbalance,0.9885,1187.4
0D.csv,Normal,Imbalance,0.9739,1194.3
0D.csv,Normal,Imbalance,0.9968,1194.3
0D.csv,Normal,Imbalance,0.9872,1194.3
0D.csv,Normal,Imbalance,0.9557,1194.3
0D.csv,Normal,Imbalance,0.9800,1181.9
0D.csv,Normal,Imbalance,0.9906,1181.9
0D.csv,Normal,Imbalance,0.9722,1181.9
0D.csv,Normal,Imbalance,0.9324,1181.9
0D.csv,Normal,Imbalance,0.9763,1208.0
0D.csv,Normal,Imbalance,0.9484,1208.0
0D.csv,Normal,Imbalance,0.9890,1208.0
0D.csv,Normal,Imbalance,0.9914,1208.0
0D.csv,Normal,Imbalance,0.9980,1182.5
0D.csv,Normal,Imbalance,0.9928,1182.5
0D.csv,Normal,Imbalance,0.9758,1182.5
0D.csv,Normal,Imbalance,0.9982,1182.5
0D.csv,Normal,Imbalance,0.9842,1214.8
0D.csv,Normal,Imbalance,0.9897,1214.8
0D.csv,Normal,Imbalance,0.9942,1214.8
0D.csv,Normal,Imbalance,0.9687,1214.8
0D.csv,Normal,Imbalance,0.9945,1205.7
0D.csv,Normal,Imbalance,0.9940,1205.7
0D.csv,Normal,Imbalance,0.9943,1205.7
0D.csv,Normal,Imbalance,0.9985,1205.7
0D.csv,Normal,Imbalance,0.9597,1189.9
0D.csv,Normal,Imbalance,0.9941,1189.9
0D.csv,Normal,Imbalance,0.9622,1189.9
0D.csv,Normal,Imbalance,0.9538,1189.9
0D.csv,Normal,Imbalance,0.9675,1221.6
0D.csv,Normal,Imbalance,0.9852,1221.6
0D.csv,Normal,Imbalance,0.9951,1221.6
0D.csv,Normal,Imbalance,0.9784,1221.6
0D.csv,Normal,Imbalance,0.9937,1207.0
0D.csv,Normal,Imbalance,0.9595,1207.0
0D.csv,Normal,Imbalance,0.9604,1207.0
0D.csv,Normal,Imbalance,0.7341,1207.0
0D.csv,Normal,Imbalance,0.9893,1213.2
0D.csv,Normal,Imbalance,0.9582,1213.2
0D.csv,Normal,Imbalance,0.8800,1213.2
0D.csv,Normal,Imbalance,0.9899,1213.2
0D.csv,Normal,Imbalance,0.9906,1203.2
0D.csv,Normal,Imbalance,0.9310,1203.2
0D.csv,Normal,Imbalance,0.9839,1203.2
0D.csv,Normal,Imbalance,0.9583,1203.2
0D.csv,Normal,Imbalance,0.9190,1203.0
0D.csv,Normal,Imbalance,0.9898,1203.0
0D.csv,Normal,Imbalance,0.8979,1203.0
0D.csv,Normal,Imbalance,0.9663,1203.0
0D.csv,Normal,Imbalance,0.7869,1226.3
0D.csv,Normal,Imbalance,0.9434,1226.3
0D.csv,Normal,Imbalance,0.9703,1226.3
0D.csv,Normal,Imbalance,0.9707,1226.3
0D.csv,Normal,Imbalance,0.9489,1213.7
0D.csv,Normal,Imbalance,0.7431,1213.7
0D.csv,Normal,Imbalance,0.9959,1213.7
0D.csv,Normal,Imbalance,0.9589,1213.7
0D.csv,Normal,Imbalance,0.9838,1224.3
0D.csv,Normal,Imbalance,0.9949,1224.3
0D.csv,Normal,Imbalance,0.9924,1224.3
0D.csv,Normal,Imbalance,0.9576,1224.3
0D.csv,Normal,Imbalance,0.9807,1222.0
0D.csv,Normal,Imbalance,0.9630,1222.0
0D.csv,Normal,Imbalance,0.9519,1222.0
0D.csv,Normal,Imbalance,0.9688,1222.0
0D.csv,Normal,Imbalance,0.9923,1228.6
0D.csv,Normal,Imbalance,0.9130,1228.6
0D.csv,Normal,Imbalance,0.9619,1228.6
0D.csv,Normal,Imbalance,0.9469,1228.6
0D.csv,Normal,Imbalance,0.9906,1242.5
0D.csv,Normal,Imbalance,0.9773,1242.5
0D.csv,Normal,Imbalance,0.9924,1242.5
0D.csv,Normal,Imbalance,0.9895,1242.5
0D.csv,Normal,Imbalance,0.9829,1243.6
0D.csv,Normal,Imbalance,0.9787,1243.6
0D.csv,Normal,Imbalance,0.9924,1243.6
0D.csv,Normal,Imbalance,0.9803,1243.6
0D.csv,Normal,Imbalance,0.9950,1243.6
0D.csv,Normal,Imbalance,0.9788,1243.6
0D.csv,Normal,Imbalance,0.8990,1243.6
0D.csv,Normal,Imbalance,0.7956,1243.6
0D.csv,Normal,Imbalance,0.9391,1233.5
0D.csv,Normal,Imbalance,0.9897,1233.5
0D.csv,Normal,Imbalance,0.9912,1233.5
0D.csv,Normal,Imbalance,0.9789,1233.5
0D.csv,Normal,Imbalance,0.9973,1245.3
0D.csv,Normal,Imbalance,0.9971,1245.3
0D.csv,Normal,Imbalance,0.9940,1245.3
0D.csv,Normal,Imbalance,0.9918,1245.3
0D.csv,Normal,Imbalance,0.9978,1254.0
0D.csv,Normal,Imbalance,0.9682,1254.0
0D.csv,Normal,Imbalance,0.9496,1254.0
0D.csv,Normal,Imbalance,0.9870,1254.0
0D.csv,Normal,Imbalance,0.9725,1246.3
0D.csv,Normal,Imbalance,0.9906,1246.3
0D.csv,Normal,Imbalance,0.9726,1246.3
0D.csv,Normal,Imbalance,0.9801,1246.3
0D.csv,Normal,Imbalance,0.8936,1236.1
0D.csv,Normal,Imbalance,0.9902,1236.1
0D.csv,Normal,Imbalance,0.9961,1236.1
0D.csv,Normal,Imbalance,0.9807,1236.1
0D.csv,Normal,Imbalance,0.9967,1280.2
0D.csv,Normal,Imbalance,0.9477,1280.2
0D.csv,Normal,Imbalance,0.9876,1280.2
0D.csv,Normal,Imbalance,0.9892,1280.2
0D.csv,Normal,Imbalance,0.9918,1276.4
0D.csv,Normal,Imbalance,0.9974,1276.4
0D.csv,Normal,Imbalance,0.9963,1276.4
0D.csv,Normal,Imbalance,0.9887,1276.4
0D.csv,Normal,Imbalance,0.9828,1266.0
0D.csv,Normal,Imbalance,0.9883,1266.0
0D.csv,Normal,Imbalance,0.9992,1266.0
0D.csv,Normal,Imbalance,0.9841,1266.0
0D.csv,Normal,Imbalance,0.9978,1246.2
0D.csv,Normal,Imbalance,0.9937,1246.2
0D.csv,Normal,Imbalance,0.9490,1246.2
0D.csv,Normal,Imbalance,0.9871,1246.2
0D.csv,Normal,Imbalance,0.9855,1277.1
0D.csv,Normal,Imbalance,0.9864,1277.1
0D.csv,Normal,Imbalance,0.9556,1277.1
0D.csv,Normal,Imbalance,0.9992,1277.1
0D.csv,Normal,Imbalance,0.9913,1271.6
0D.csv,Normal,Imbalance,0.9923,1271.6
0D.csv,Normal,Imbalance,0.9992,1271.6
0D.csv,Normal,Imbalance,0.9886,1271.6
0D.csv,Normal,Imbalance,0.9818,1256.0
0D.csv,Normal,Imbalance,0.9884,1256.0
0D.csv,Normal,Imbalance,0.9978,1256.0
0D.csv,Normal,Imbalance,0.9960,1256.0
0D.csv,Normal,Imbalance,0.9855,1278.9
0D.csv,Normal,Imbalance,0.9885,1278.9
0D.csv,Normal,Imbalance,0.9982,1278.9
0D.csv,Normal,Imbalance,0.9973,1278.9
0D.csv,Normal,Imbalance,0.9963,1276.7
0D.csv,Normal,Imbalance,0.9939,1276.7
0D.csv,Normal,Imbalance,0.9983,1276.7
0D.csv,Normal,Imbalance,0.9909,1276.7
0D.csv,Normal,Imbalance,0.9968,1274.6
0D.csv,Normal,Imbalance,0.9928,1274.6
0D.csv,Normal,Imbalance,0.9985,1274.6
0D.csv,Normal,Imbalance,0.9781,1274.6
0D.csv,Normal,Imbalance,0.9755,1276.8
0D.csv,Normal,Imbalance,0.9987,1276.8
0D.csv,Normal,Imbalance,0.9989,1276.8
0D.csv,Normal,Imbalance,0.9955,1276.8
0D.csv,Normal,Imbalance,0.9894,1297.3
0D.csv,Normal,Imbalance,0.9730,1297.3
0D.csv,Normal,Imbalance,0.9981,1297.3
0D.csv,Normal,Imbalance,0.9963,1297.3
0D.csv,Normal,Imbalance,0.9917,1287.8
0D.csv,Normal,Imbalance,0.9970,1287.8
0D.csv,Normal,Imbalance,0.9843,1287.8
0D.csv,Normal,Imbalance,0.9862,1287.8
0D.csv,Normal,Imbalance,0.9962,1290.4
0D.csv,Normal,Imbalance,0.9959,1290.4
0D.csv,Normal,Imbalance,0.9860,1290.4
0D.csv,Normal,Imbalance,0.9882,1290.4
0D.csv,Normal,Imbalance,0.9713,1276.9
0D.csv,Normal,Imbalance,0.9878,1276.9
0D.csv,Normal,Imbalance,0.9882,1276.9
0D.csv,Normal,Imbalance,0.9698,1276.9
0D.csv,Normal,Imbalance,0.9925,1288.1
0D.csv,Normal,Imbalance,0.9912,1288.1
0D.csv,Normal,Imbalance,0.9925,1288.1
0D.csv,Normal,Imbalance,0.9944,1288.1
0D.csv,Normal,Imbalance,0.9956,1295.6
0D.csv,Normal,Imbalance,0.9639,1295.6
0D.csv,Normal,Imbalance,0.9971,1295.6
0D.csv,Normal,Imbalance,0.9188,1295.6
0D.csv,Normal,Imbalance,0.9836,1305.7
0D.csv,Normal,Imbalance,0.9983,1305.7
0D.csv,Normal,Imbalance,0.9902,1305.7
0D.csv,Normal,Imbalance,0.9889,1305.7
0D.csv,Normal,Imbalance,0.9919,1298.9
0D.csv,Normal,Imbalance,0.9970,1298.9
0D.csv,Normal,Imbalance,0.9964,1298.9
0D.csv,Normal,Imbalance,0.9339,1298.9
0D.csv,Normal,Imbalance,0.9952,1308.8
0D.csv,Normal,Imbalance,0.9238,1308.8
0D.csv,Normal,Imbalance,0.9934,1308.8
0D.csv,Normal,Imbalance,0.9829,1308.8
0D.csv,Normal,Imbalance,0.9947,1308.9
0D.csv,Normal,Imbalance,0.9908,1308.9
0D.csv,Normal,Imbalance,0.9556,1308.9
0D.csv,Normal,Imbalance,0.9856,1308.9
0D.csv,Normal,Imbalance,0.9883,1308.1
0D.csv,Normal,Imbalance,0.9838,1308.1
0D.csv,Normal,Imbalance,0.9989,1308.1
0D.csv,Normal,Imbalance,0.9833,1308.1
0D.csv,Normal,Imbalance,0.9961,1304.8
0D.csv,Normal,Imbalance,0.9763,1304.8
0D.csv,Normal,Imbalance,0.9899,1304.8
0D.csv,Normal,Imbalance,0.9811,1304.8
0D.csv,Normal,Imbalance,0.9895,1326.5
0D.csv,Normal,Imbalance,0.9723,1326.5
0D.csv,Normal,Imbalance,0.9890,1326.5
0D.csv,Normal,Imbalance,0.9877,1326.5
0D.csv,Normal,Imbalance,0.9925,1329.2
0D.csv,Normal,Imbalance,0.9983,1329.2
0D.csv,Normal,Imbalance,0.9896,1329.2
0D.csv,Normal,Imbalance,0.9536,1329.2
0D.csv,Normal,Imbalance,0.9284,1329.6
0D.csv,Normal,Imbalance,0.9974,1329.6
0D.csv,Normal,Imbalance,0.9990,1329.6
0D.csv,Normal,Imbalance,0.9973,1329.6
0D.csv,Normal,Imbalance,0.9922,1330.7
0D.csv,Normal,Imbalance,0.9921,1330.7
0D.csv,Normal,Imbalance,0.9649,1330.7
0D.csv,Normal,Imbalance,0.9987,1330.7
0D.csv,Normal,Imbalance,0.9907,1340.5
0D.csv,Normal,Imbalance,0.9959,1340.5
0D.csv,Normal,Imbalance,0.9989,1340.5
0D.csv,Normal,Imbalance,0.9749,1340.5
0D.csv,Normal,Imbalance,0.9986,1326.4
0D.csv,Normal,Imbalance,0.9965,1326.4
0D.csv,Normal,Imbalance,0.9992,1326.4
0D.csv,Normal,Imbalance,0.9997,1326.4
0D.csv,Normal,Imbalance,0.9982,1328.5
0D.csv,Normal,Imbalance,0.9992,1328.5
0D.csv,Normal,Imbalance,0.9955,1328.5
0D.csv,Normal,Imbalance,0.9989,1328.5
0D.csv,Normal,Imbalance,0.9978,1338.3
0D.csv,Normal,Imbalance,0.9995,1338.3
0D.csv,Normal,Imbalance,0.9898,1338.3
0D.csv,Normal,Imbalance,0.9900,1338.3
0D.csv,Normal,Imbalance,0.9871,1330.0
0D.csv,Normal,Imbalance,0.9970,1330.0
0D.csv,Normal,Imbalance,0.9790,1330.0
0D.csv,Normal,Imbalance,0.9987,1330.0
0D.csv,Normal,Imbalance,0.9835,1349.0
0D.csv,Normal,Imbalance,0.9964,1349.0
0D.csv,Normal,Imbalance,0.9990,1349.0
0D.csv,Normal,Imbalance,0.9984,1349.0
0D.csv,Normal,Imbalance,0.9921,1336.7
0D.csv,Normal,Imbalance,0.9817,1336.7
0D.csv,Normal,Imbalance,0.9830,1336.7
0D.csv,Normal,Imbalance,0.9955,1336.7
0D.csv,Normal,Imbalance,0.9720,1337.3
0D.csv,Normal,Imbalance,0.9988,1337.3
0D.csv,Normal,Imbalance,0.9812,1337.3
0D.csv,Normal,Imbalance,0.9731,1337.3
0D.csv,Normal,Imbalance,0.9954,1341.0
0D.csv,Normal,Imbalance,0.9969,1341.0
0D.csv,Normal,Imbalance,0.9927,1341.0
0D.csv,Normal,Imbalance,0.9987,1341.0
0D.csv,Normal,Imbalance,0.9833,1342.0
0D.csv,Normal,Imbalance,0.9906,1342.0
0D.csv,Normal,Imbalance,0.9977,1342.0
0D.csv,Normal,Imbalance,0.9746,1342.0
0D.csv,Normal,Imbalance,0.8892,1371.8
0D.csv,Normal,Imbalance,0.9934,1371.8
0D.csv,Normal,Imbalance,0.9872,1371.8
0D.csv,Normal,Imbalance,0.9888,1371.8
0D.csv,Normal,Imbalance,0.9921,1348.2
0D.csv,Normal,Imbalance,0.9983,1348.2
0D.csv,Normal,Imbalance,0.9990,1348.2
0D.csv,Normal,Imbalance,0.9947,1348.2
0D.csv,Normal,Imbalance,0.9919,1359.9
0D.csv,Normal,Imbalance,0.8516,1359.9
0D.csv,Normal,Imbalance,0.9975,1359.9
0D.csv,Normal,Imbalance,0.9981,1359.9
0D.csv,Normal,Imbalance,0.9838,1358.4
0D.csv,Normal,Imbalance,0.9814,1358.4
0D.csv,Normal,Imbalance,0.9796,1358.4
0D.csv,Normal,Imbalance,0.9942,1358.4
0D.csv,Normal,Imbalance,0.9715,1374.0
0D.csv,Normal,Imbalance,0.9940,1374.0
0D.csv,Normal,Imbalance,0.9656,1374.0
0D.csv,Normal,Imbalance,0.9832,1374.0
0D.csv,Normal,Imbalance,0.9875,1358.5
0D.csv,Normal,Imbalance,0.9963,1358.5
0D.csv,Normal,Imbalance,0.9912,1358.5
0D.csv,Normal,Imbalance,0.9972,1358.5
0D.csv,Normal,Imbalance,0.9990,1362.0
0D.csv,Normal,Imbalance,0.9488,1362.0
0D.csv,Normal,Imbalance,0.9905,1362.0
0D.csv,Normal,Imbalance,0.9375,1362.0
0D.csv,Normal,Imbalance,0.9955,1374.6
0D.csv,Normal,Imbalance,0.8644,1374.6
0D.csv,Normal,Imbalance,0.9438,1374.6
0D.csv,Normal,Imbalance,0.9794,1374.6
0D.csv,Normal,Imbalance,0.9032,1377.0
0D.csv,Normal,Imbalance,0.9788,1377.0
0D.csv,Normal,Imbalance,0.9552,1377.0
0D.csv,Normal,Imbalance,0.9727,1377.0
0D.csv,Normal,Imbalance,0.9554,1375.7
0D.csv,Normal,Imbalance,0.9069,1375.7
0D.csv,Normal,Imbalance,0.9764,1375.7
0D.csv,Normal,Imbalance,0.9384,1375.7
0D.csv,Normal,Imbalance,0.9938,1387.9
0D.csv,Normal,Imbalance,0.8672,1387.9
0D.csv,Normal,Imbalance,0.9375,1387.9
0D.csv,Normal,Imbalance,0.8484,1387.9
0D.csv,Normal,Imbalance,0.8709,1404.0
0D.csv,Normal,Imbalance,0.8247,1404.0
0D.csv,Normal,Imbalance,0.8779,1404.0
0D.csv,Normal,Imbalance,0.9875,1404.0
0D.csv,Normal,Imbalance,0.9402,1374.1
0D.csv,Normal,Imbalance,0.8010,1374.1
0D.csv,Normal,Imbalance,0.9452,1374.1
0D.csv,Normal,Imbalance,0.9540,1374.1
0D.csv,Normal,Imbalance,0.8708,1375.5
0D.csv,Normal,Imbalance,0.9809,1375.5
0D.csv,Normal,Imbalance,0.9334,1375.5
0D.csv,Normal,Imbalance,0.9804,1375.5
0D.csv,Normal,Imbalance,0.9777,1396.1
0D.csv,Normal,Imbalance,0.8430,1396.1
0D.csv,Normal,Imbalance,0.7592,1396.1
0D.csv,Normal,Imbalance,0.9510,1396.1
0D.csv,Normal,Imbalance,0.9719,1399.7
0D.csv,Normal,Imbalance,0.9090,1399.7
0D.csv,Normal,Imbalance,0.9823,1399.7
0D.csv,Normal,Imbalance,0.8987,1399.7
0D.csv,Normal,Imbalance,0.6608,1389.4
0D.csv,Normal,Imbalance,0.9761,1389.4
0D.csv,Normal,Imbalance,0.9843,1389.4
0D.csv,Normal,Imbalance,0.9009,1389.4
0D.csv,Normal,Imbalance,0.8386,1392.8
0D.csv,Normal,Imbalance,0.9845,1392.8
0D.csv,Normal,Imbalance,0.7976,1392.8
0D.csv,Normal,Imbalance,0.9443,1392.8
0D.csv,Normal,Imbalance,0.8541,1385.2
0D.csv,Normal,Imbalance,0.8481,1385.2
0D.csv,Normal,Imbalance,0.5813,1385.2
0D.csv,Normal,Imbalance,0.7823,1385.2
0D.csv,Normal,Imbalance,0.6078,1412.1
0D.csv,Normal,Bearing,0.7774,1412.1
0D.csv,Normal,Bearing,0.5682,1412.1
0D.csv,Normal,Imbalance,0.5113,1412.1
0D.csv,Normal,Imbalance,0.5512,1400.3
0D.csv,Normal,Bearing,0.7944,1400.3
0D.csv,Normal,Imbalance,0.5566,1400.3
0D.csv,Normal,Bearing,0.6169,1400.3
0D.csv,Normal,Bearing,0.6967,1412.6
0D.csv,Normal,Imbalance,0.7015,1412.6
0D.csv,Normal,Imbalance,0.8981,1412.6
0D.csv,Normal,Bearing,0.5687,1412.6
0D.csv,Normal,Bearing,0.6204,1417.3
0D.csv,Normal,Imbalance,0.7758,1417.3
0D.csv,Normal,Imbalance,0.6015,1417.3
0D.csv,Normal,Imbalance,0.8820,1417.3
0D.csv,Normal,Imbalance,0.7484,1423.7
0D.csv,Normal,Imbalance,0.6499,1423.7
0D.csv,Normal,Imbalance,0.6850,1423.7
0D.csv,Normal,Imbalance,0.6889,1423.7
0D.csv,Normal,Imbalance,0.5580,1423.4
0D.csv,Normal,Imbalance,0.8526,1423.4
0D.csv,Normal,Imbalance,0.7000,1423.4
0D.csv,Normal,Imbalance,0.6275,1423.4
0D.csv,Normal,Imbalance,0.8207,1423.7
0D.csv,Normal,Imbalance,0.9255,1423.7
0D.csv,Normal,Imbalance,0.6900,1423.7
0D.csv,Normal,Bearing,0.7052,1423.7
0D.csv,Normal,Imbalance,0.8539,1414.1
0D.csv,Normal,Imbalance,0.8417,1414.1
0D.csv,Normal,Imbalance,0.9562,1414.1
0D.csv,Normal,Imbalance,0.9340,1414.1
0D.csv,Normal,Imbalance,0.9221,1424.6
0D.csv,Normal,Imbalance,0.9553,1424.6
0D.csv,Normal,Imbalance,0.9697,1424.6
0D.csv,Normal,Imbalance,0.9234,1424.6
0D.csv,Normal,Imbalance,0.9244,1433.7
0D.csv,Normal,Imbalance,0.9543,1433.7
0D.csv,Normal,Imbalance,0.9684,1433.7
0D.csv,Normal,Imbalance,0.6599,1433.7
0D.csv,Normal,Imbalance,0.7774,1425.4
0D.csv,Normal,Imbalance,0.6046,1425.4
0D.csv,Normal,Imbalance,0.8690,1425.4
0D.csv,Normal,Imbalance,0.9563,1425.4
0D.csv,Normal,Imbalance,0.8819,1426.0
0D.csv,Normal,Imbalance,0.9481,1426.0
0D.csv,Normal,Imbalance,0.8798,1426.0
0D.csv,Normal,Imbalance,0.9886,1426.0
0D.csv,Normal,Imbalance,0.9899,1463.6
0D.csv,Normal,Imbalance,0.7799,1463.6
0D.csv,Normal,Imbalance,0.8367,1463.6
0D.csv,Normal,Imbalance,0.9782,1463.6
0D.csv,Normal,Imbalance,0.8792,1449.3
0D.csv,Normal,Imbalance,0.9744,1449.3
0D.csv,Normal,Imbalance,0.9730,1449.3
0D.csv,Normal,Imbalance,0.8646,1449.3
0D.csv,Normal,Imbalance,0.9675,1428.5
0D.csv,Normal,Imbalance,0.9405,1428.5
0D.csv,Normal,Imbalance,0.9921,1428.5
0D.csv,Normal,Imbalance,0.9105,1428.5
0D.csv,Normal,Imbalance,0.9928,1405.0
0D.csv,Normal,Imbalance,0.9910,1405.0
0D.csv,Normal,Imbalance,0.9850,1405.0
0D.csv,Normal,Imbalance,0.9917,1405.0
0D.csv,Normal,Imbalance,0.9622,1467.6
0D.csv,Normal,Imbalance,0.9911,1467.6
0D.csv,Normal,Imbalance,0.9644,1467.6
0D.csv,Normal,Imbalance,0.9417,1467.6
0D.csv,Normal,Imbalance,0.9872,1430.0
0D.csv,Normal,Imbalance,0.9923,1430.0
0D.csv,Normal,Imbalance,0.9678,1430.0
0D.csv,Normal,Imbalance,0.9792,1430.0
0D.csv,Normal,Imbalance,0.9810,1448.9
0D.csv,Normal,Imbalance,0.9924,1448.9
0D.csv,Normal,Imbalance,0.9789,1448.9
0D.csv,Normal,Imbalance,0.9671,1448.9
0D.csv,Normal,Imbalance,0.9650,1456.6
0D.csv,Normal,Imbalance,0.9755,1456.6
0D.csv,Normal,Imbalance,0.9693,1456.6
0D.csv,Normal,Imbalance,0.9957,1456.6
0D.csv,Normal,Imbalance,0.9966,1462.9
0D.csv,Normal,Imbalance,0.9902,1462.9
0D.csv,Normal,Imbalance,0.9815,1462.9
0D.csv,Normal,Imbalance,0.9957,1462.9
0D.csv,Normal,Imbalance,0.9974,1456.4
0D.csv,Normal,Imbalance,0.9781,1456.4
0D.csv,Normal,Imbalance,0.9919,1456.4
0D.csv,Normal,Imbalance,0.9765,1456.4
0D.csv,Normal,Imbalance,0.9858,1465.8
0D.csv,Normal,Imbalance,0.9428,1465.8
0D.csv,Normal,Imbalance,0.9826,1465.8
0D.csv,Normal,Imbalance,0.9937,1465.8
0D.csv,Normal,Imbalance,0.9587,1458.2
0D.csv,Normal,Imbalance,0.9957,1458.2
0D.csv,Normal,Imbalance,0.9798,1458.2
0D.csv,Normal,Imbalance,0.9876,1458.2
0D.csv,Normal,Imbalance,0.9887,1489.5
0D.csv,Normal,Imbalance,0.9830,1489.5
0D.csv,Normal,Imbalance,0.9925,1489.5
0D.csv,Normal,Imbalance,0.9650,1489.5
0D.csv,Normal,Imbalance,0.9925,1467.7
0D.csv,Normal,Imbalance,0.9914,1467.7
0D.csv,Normal,Imbalance,0.8900,1467.7
0D.csv,Normal,Imbalance,0.9772,1467.7
0D.csv,Normal,Imbalance,0.9833,1471.0
0D.csv,Normal,Imbalance,0.9774,1471.0
0D.csv,Normal,Imbalance,0.9976,1471.0
0D.csv,Normal,Imbalance,0.9878,1471.0
0D.csv,Normal,Imbalance,0.9995,1467.6
0D.csv,Normal,Imbalance,0.9887,1467.6
0D.csv,Normal,Imbalance,0.9497,1467.6
0D.csv,Normal,Imbalance,0.9883,1467.6
0D.csv,Normal,Imbalance,0.9994,1487.3
0D.csv,Normal,Imbalance,0.9987,1487.3
0D.csv,Normal,Imbalance,0.9796,1487.3
0D.csv,Normal,Imbalance,0.9822,1487.3
0D.csv,Normal,Imbalance,0.9791,1477.9
0D.csv,Normal,Imbalance,0.9992,1477.9
0D.csv,Normal,Imbalance,0.9679,1477.9
0D.csv,Normal,Imbalance,0.9753,1477.9
0D.csv,Normal,Imbalance,0.9837,1475.0
0D.csv,Normal,Imbalance,0.9604,1475.0
0D.csv,Normal,Imbalance,0.9708,1475.0
0D.csv,Normal,Imbalance,0.9175,1475.0
0D.csv,Normal,Imbalance,0.9720,1495.3
0D.csv,Normal,Imbalance,0.8899,1495.3
0D.csv,Normal,Imbalance,0.9515,1495.3
0D.csv,Normal,Imbalance,0.9515,1495.3
0D.csv,Normal,Imbalance,0.9950,1485.2
0D.csv,Normal,Imbalance,0.9909,1485.2
0D.csv,Normal,Imbalance,0.9959,1485.2
0D.csv,Normal,Imbalance,0.9904,1485.2
0D.csv,Normal,Imbalance,0.9574,1485.5
0D.csv,Normal,Imbalance,0.9938,1485.5
0D.csv,Normal,Imbalance,0.9785,1485.5
0D.csv,Normal,Imbalance,0.9845,1485.5
0D.csv,Normal,Imbalance,0.9308,1498.0
0D.csv,Normal,Imbalance,0.9597,1498.0
0D.csv,Normal,Imbalance,0.8796,1498.0
0D.csv,Normal,Imbalance,0.9113,1498.0
0D.csv,Normal,Imbalance,0.8833,1508.5
0D.csv,Normal,Imbalance,0.9099,1508.5
0D.csv,Normal,Imbalance,0.8077,1508.5
0D.csv,Normal,Imbalance,0.9669,1508.5
0D.csv,Normal,Imbalance,0.8741,1528.7
0D.csv,Normal,Imbalance,0.9128,1528.7
0D.csv,Normal,Imbalance,0.8567,1528.7
0D.csv,Normal,Imbalance,0.9223,1528.7
0D.csv,Normal,Imbalance,0.9510,1529.0
0D.csv,Normal,Imbalance,0.8703,1529.0
0D.csv,Normal,Imbalance,0.9137,1529.0
0D.csv,Normal,Imbalance,0.7871,1529.0
0D.csv,Normal,Imbalance,0.9792,1527.5
0D.csv,Normal,Imbalance,0.9551,1527.5
0D.csv,Normal,Imbalance,0.9167,1527.5
0D.csv,Normal,Imbalance,0.9879,1527.5
0D.csv,Normal,Imbalance,0.8940,1518.8
0D.csv,Normal,Imbalance,0.8089,1518.8
0D.csv,Normal,Imbalance,0.5908,1518.8
0D.csv,Normal,Imbalance,0.8595,1518.8
0D.csv,Normal,Imbalance,0.9287,1509.0
0D.csv,Normal,Imbalance,0.9079,1509.0
0D.csv,Normal,Imbalance,0.9319,1509.0
0D.csv,Normal,Imbalance,0.7757,1509.0
0D.csv,Normal,Imbalance,0.8723,1518.7
0D.csv,Normal,Imbalance,0.8098,1518.7
0D.csv,Normal,Imbalance,0.5990,1518.7
0D.csv,Normal,Imbalance,0.7330,1518.7
0D.csv,Normal,Imbalance,0.8171,1518.5
0D.csv,Normal,Imbalance,0.9347,1518.5
0D.csv,Normal,Imbalance,0.5934,1518.5
0D.csv,Normal,Imbalance,0.9108,1518.5
0D.csv,Normal,Imbalance,0.9258,1500.7
0D.csv,Normal,Imbalance,0.8181,1500.7
0D.csv,Normal,Imbalance,0.8483,1500.7
0D.csv,Normal,Imbalance,0.9436,1500.7
0D.csv,Normal,Imbalance,0.7525,1529.8
0D.csv,Normal,Imbalance,0.8376,1529.8
0D.csv,Normal,Imbalance,0.9208,1529.8
0D.csv,Normal,Imbalance,0.5055,1529.8
0D.csv,Normal,Imbalance,0.7345,1516.3
0D.csv,Normal,Imbalance,0.7787,1516.3
0D.csv,Normal,Imbalance,0.8421,1516.3
0D.csv,Normal,Imbalance,0.9055,1516.3
0D.csv,Normal,Imbalance,0.8092,1516.1
0D.csv,Normal,Imbalance,0.8935,1516.1
0D.csv,Normal,Imbalance,0.8478,1516.1
0D.csv,Normal,Imbalance,0.8261,1516.1
0D.csv,Normal,Imbalance,0.7135,1519.6
0D.csv,Normal,Bearing,0.5204,1519.6
0D.csv,Normal,Imbalance,0.7303,1519.6
0D.csv,Normal,Imbalance,0.7259,1519.6
0D.csv,Normal,Imbalance,0.8401,1522.1
0D.csv,Normal,Bearing,0.6541,1522.1
0D.csv,Normal,Imbalance,0.6967,1522.1
0D.csv,Normal,Imbalance,0.7697,1522.1
0D.csv,Normal,Imbalance,0.6005,1540.3
0D.csv,Normal,Imbalance,0.8369,1540.3
0D.csv,Normal,Imbalance,0.7692,1540.3
0D.csv,Normal,Imbalance,0.6502,1540.3
0D.csv,Normal,Imbalance,0.5814,1527.2
0D.csv,Normal,Imbalance,0.7084,1527.2
0D.csv,Normal,Imbalance,0.7348,1527.2
0D.csv,Normal,Imbalance,0.8657,1527.2
0D.csv,Normal,Imbalance,0.7080,1539.2
0D.csv,Normal,Imbalance,0.5268,1539.2
0D.csv,Normal,Imbalance,0.7416,1539.2
0D.csv,Normal,Imbalance,0.7960,1539.2
0D.csv,Normal,Imbalance,0.6553,1537.4
0D.csv,Normal,Imbalance,0.6356,1537.4
0D.csv,Normal,Imbalance,0.6359,1537.4
0D.csv,Normal,Imbalance,0.5679,1537.4
0D.csv,Normal,Imbalance,0.6281,1555.7
0D.csv,Normal,Imbalance,0.6795,1555.7
0D.csv,Normal,Imbalance,0.6570,1555.7
0D.csv,Normal,Imbalance,0.7634,1555.7
0D.csv,Normal,Bearing,0.6802,1550.6
0D.csv,Normal,Imbalance,0.7440,1550.6
0D.csv,Normal,Bearing,0.6088,1550.6
0D.csv,Normal,Imbalance,0.6996,1550.6
0D.csv,Normal,Imbalance,0.6820,1541.9
0D.csv,Normal,Bearing,0.6140,1541.9
0D.csv,Normal,Imbalance,0.6047,1541.9
0D.csv,Normal,Bearing,0.6609,1541.9
0D.csv,Normal,Bearing,0.6489,1556.2
0D.csv,Normal,Imbalance,0.5816,1556.2
0D.csv,Normal,Bearing,0.8360,1556.2
0D.csv,Normal,Imbalance,0.6015,1556.2
0D.csv,Normal,Imbalance,0.6915,1544.1
0D.csv,Normal,Bearing,0.8504,1544.1
0D.csv,Normal,Imbalance,0.7015,1544.1
0D.csv,Normal,Imbalance,0.7756,1544.1
0D.csv,Normal,Imbalance,0.7193,1565.5
0D.csv,Normal,Imbalance,0.5844,1565.5
0D.csv,Normal,Bearing,0.6626,1565.5
0D.csv,Normal,Imbalance,0.8549,1565.5
0D.csv,Normal,Imbalance,0.6860,1548.1
0D.csv,Normal,Imbalance,0.5680,1548.1
0D.csv,Normal,Bearing,0.5723,1548.1
0D.csv,Normal,Imbalance,0.9922,1548.1
0D.csv,Normal,Imbalance,0.9569,1576.2
0D.csv,Normal,Imbalance,0.7871,1576.2
0D.csv,Normal,Imbalance,0.5711,1576.2
0D.csv,Normal,Imbalance,0.7585,1576.2
0D.csv,Normal,Imbalance,0.5628,1593.6
0D.csv,Normal,Imbalance,0.5294,1593.6
0D.csv,Normal,Imbalance,0.5399,1593.6
0D.csv,Normal,Bearing,0.7163,1593.6
0D.csv,Normal,Imbalance,0.5687,1535.8
0D.csv,Normal,Bearing,0.6527,1535.8
0D.csv,Normal,Imbalance,0.6811,1535.8
0D.csv,Normal,Imbalance,0.7740,1535.8
0D.csv,Normal,Imbalance,0.6171,1585.2
0D.csv,Normal,Imbalance,0.6977,1585.2
0D.csv,Normal,Imbalance,0.5424,1585.2
0D.csv,Normal,Bearing,0.5645,1585.2
0D.csv,Normal,Bearing,0.7059,1573.1
0D.csv,Normal,Imbalance,0.6330,1573.1
0D.csv,Normal,Imbalance,0.5002,1573.1
0D.csv,Normal,Imbalance,0.7083,1573.1
0D.csv,Normal,Bearing,0.6923,1578.4
0D.csv,Normal,Bearing,0.7224,1578.4
0D.csv,Normal,Imbalance,0.6449,1578.4
0D.csv,Normal,Bearing,0.6536,1578.4
0D.csv,Normal,Imbalance,0.5975,1578.9
0D.csv,Normal,Bearing,0.7800,1578.9
0D.csv,Normal,Bearing,0.6600,1578.9
0D.csv,Normal,Imbalance,0.8557,1578.9
0D.csv,Normal,Imbalance,0.6799,1568.1
0D.csv,Normal,Bearing,0.6875,1568.1
0D.csv,Normal,Imbalance,0.6013,1568.1
0D.csv,Normal,Bearing,0.6509,1568.1
0D.csv,Normal,Bearing,0.5980,1593.9
0D.csv,Normal,Bearing,0.5596,1593.9
0D.csv,Normal,Bearing,0.9269,1593.9
0D.csv,Normal,Bearing,0.7763,1593.9
0D.csv,Normal,Bearing,0.6444,1579.8
0D.csv,Normal,Bearing,0.6475,1579.8
0D.csv,Normal,Imbalance,0.6149,1579.8
0D.csv,Normal,Imbalance,0.7028,1579.8
0D.csv,Normal,Bearing,0.6141,1593.4
0D.csv,Normal,Bearing,0.7527,1593.4
0D.csv,Normal,Imbalance,0.6342,1593.4
0D.csv,Normal,Bearing,0.6275,1593.4
0D.csv,Normal,Bearing,0.6101,1587.8
0D.csv,Normal,Imbalance,0.5714,1587.8
0D.csv,Normal,Bearing,0.5766,1587.8
0D.csv,Normal,Imbalance,0.6242,1587.8
0D.csv,Normal,Bearing,0.8780,1603.4
0D.csv,Normal,Bearing,0.7882,1603.4
0D.csv,Normal,Bearing,0.7385,1603.4
0D.csv,Normal,Bearing,0.8851,1603.4
0D.csv,Normal,Bearing,0.7480,1604.2
0D.csv,Normal,Bearing,0.8986,1604.2
0D.csv,Normal,Imbalance,0.6703,1604.2
0D.csv,Normal,Imbalance,0.5189,1604.2
0D.csv,Normal,Bearing,0.7153,1604.6
0D.csv,Normal,Bearing,0.7033,1604.6
0D.csv,Normal,Bearing,0.6628,1604.6
0D.csv,Normal,Bearing,0.9424,1604.6
0D.csv,Normal,Bearing,0.8853,1598.7
0D.csv,Normal,Bearing,0.8256,1598.7
0D.csv,Normal,Bearing,0.7788,1598.7
0D.csv,Normal,Bearing,0.9486,1598.7
0D.csv,Normal,Imbalance,0.6351,1605.4
0D.csv,Normal,Bearing,0.8537,1605.4
0D.csv,Normal,Bearing,0.6780,1605.4
0D.csv,Normal,Imbalance,0.6974,1605.4
0D.csv,Normal,Imbalance,0.5718,1614.1
0D.csv,Normal,Bearing,0.5552,1614.1
0D.csv,Normal,Bearing,0.9029,1614.1
0D.csv,Normal,Bearing,0.5744,1614.1
0D.csv,Normal,Bearing,0.8479,1601.1
0D.csv,Normal,Bearing,0.6834,1601.1
0D.csv,Normal,Bearing,0.9283,1601.1
0D.csv,Normal,Bearing,0.8201,1601.1
0D.csv,Normal,Bearing,0.5994,1624.0
0D.csv,Normal,Bearing,0.8769,1624.0
0D.csv,Normal,Bearing,0.7189,1624.0
0D.csv,Normal,Bearing,0.8438,1624.0
0D.csv,Normal,Bearing,0.9139,1630.2
0D.csv,Normal,Bearing,0.9482,1630.2
0D.csv,Normal,Bearing,0.9487,1630.2
0D.csv,Normal,Bearing,0.7307,1630.2
0D.csv,Normal,Bearing,0.9427,1606.2
0D.csv,Normal,Bearing,0.9274,1606.2
0D.csv,Normal,Bearing,0.6756,1606.2
0D.csv,Normal,Bearing,0.9628,1606.2
0D.csv,Normal,Bearing,0.6500,1578.4
0D.csv,Normal,Bearing,0.8960,1578.4
0D.csv,Normal,Bearing,0.7175,1578.4
0D.csv,Normal,Bearing,0.7212,1578.4
0D.csv,Normal,Bearing,0.8105,1637.5
0D.csv,Normal,Bearing,0.9407,1637.5
0D.csv,Normal,Bearing,0.9303,1637.5
0D.csv,Normal,Bearing,0.9738,1637.5
0D.csv,Normal,Bearing,0.8692,1617.6
0D.csv,Normal,Bearing,0.8379,1617.6
0D.csv,Normal,Bearing,0.9131,1617.6
0D.csv,Normal,Bearing,0.9372,1617.6
0D.csv,Normal,Bearing,0.9422,1616.4
0D.csv,Normal,Bearing,0.7782,1616.4
0D.csv,Normal,Bearing,0.8170,1616.4
0D.csv,Normal,Bearing,0.9210,1616.4
0D.csv,Normal,Bearing,0.8484,1649.8
0D.csv,Normal,Bearing,0.9525,1649.8
0D.csv,Normal,Bearing,0.9698,1649.8
0D.csv,Normal,Bearing,0.7785,1649.8
0D.csv,Normal,Bearing,0.7848,1616.6
0D.csv,Normal,Bearing,0.7217,1616.6
0D.csv,Normal,Bearing,0.9675,1616.6
0D.csv,Normal,Bearing,0.8991,1616.6
0D.csv,Normal,Bearing,0.9838,1633.1
0D.csv,Normal,Bearing,0.9322,1633.1
0D.csv,Normal,Bearing,0.9595,1633.1
0D.csv,Normal,Bearing,0.9035,1633.1
0D.csv,Normal,Bearing,0.9646,1650.6
0D.csv,Normal,Bearing,0.9618,1650.6
0D.csv,Normal,Bearing,0.9299,1650.6
0D.csv,Normal,Bearing,0.9472,1650.6
0D.csv,Normal,Bearing,0.7278,1632.2
0D.csv,Normal,Bearing,0.9166,1632.2
0D.csv,Normal,Bearing,0.9780,1632.2
0D.csv,Normal,Bearing,0.9912,1632.2
0D.csv,Normal,Bearing,0.8676,1630.8
0D.csv,Normal,Bearing,0.9403,1630.8
0D.csv,Normal,Bearing,0.9528,1630.8
0D.csv,Normal,Bearing,0.9483,1630.8
0D.csv,Normal,Bearing,0.9783,1643.2
0D.csv,Normal,Bearing,0.9416,1643.2
0D.csv,Normal,Bearing,0.9537,1643.2
0D.csv,Normal,Bearing,0.9222,1643.2
0D.csv,Normal,Bearing,0.9607,1643.8
0D.csv,Normal,Bearing,0.9490,1643.8
0D.csv,Normal,Bearing,0.9237,1643.8
0D.csv,Normal,Bearing,0.9442,1643.8
0D.csv,Normal,Bearing,0.9074,1667.7
0D.csv,Normal,Bearing,0.9056,1667.7
0D.csv,Normal,Bearing,0.9443,1667.7
0D.csv,Normal,Bearing,0.9131,1667.7
0D.csv,Normal,Bearing,0.8795,1660.7
0D.csv,Normal,Bearing,0.9436,1660.7
0D.csv,Normal,Bearing,0.8276,1660.7
0D.csv,Normal,Bearing,0.9271,1660.7
0D.csv,Normal,Bearing,0.9201,1668.4
0D.csv,Normal,Bearing,0.7916,1668.4
0D.csv,Normal,Bearing,0.9453,1668.4
0D.csv,Normal,Bearing,0.9286,1668.4
0D.csv,Normal,Bearing,0.9250,1668.3
0D.csv,Normal,Bearing,0.7537,1668.3
0D.csv,Normal,Bearing,0.9424,1668.3
0D.csv,Normal,Bearing,0.8521,1668.3
0D.csv,Normal,Bearing,0.9562,1658.9
0D.csv,Normal,Bearing,0.7685,1658.9
0D.csv,Normal,Bearing,0.7529,1658.9
0D.csv,Normal,Bearing,0.9257,1658.9
0D.csv,Normal,Bearing,0.9571,1672.2
0D.csv,Normal,Bearing,0.9260,1672.2
0D.csv,Normal,Bearing,0.9586,1672.2
0D.csv,Normal,Bearing,0.8634,1672.2
0D.csv,Normal,Bearing,0.6289,1683.6
0D.csv,Normal,Bearing,0.8522,1683.6
0D.csv,Normal,Bearing,0.7279,1683.6
0D.csv,Normal,Imbalance,0.5357,1683.6
0D.csv,Normal,Bearing,0.9701,1668.2
0D.csv,Normal,Bearing,0.6088,1668.2
0D.csv,Normal,Bearing,0.7065,1668.2
0D.csv,Normal,Bearing,0.6807,1668.2
0D.csv,Normal,Imbalance,0.5390,1664.2
0D.csv,Normal,Bearing,0.8081,1664.2
0D.csv,Normal,Bearing,0.9007,1664.2
0D.csv,Normal,Bearing,0.5916,1664.2
0D.csv,Normal,Bearing,0.7156,1688.5
0D.csv,Normal,Bearing,0.7544,1688.5
0D.csv,Normal,Bearing,0.6195,1688.5
0D.csv,Normal,Bearing,0.9226,1688.5
0D.csv,Normal,Bearing,0.9515,1689.5
0D.csv,Normal,Bearing,0.9179,1689.5
0D.csv,Normal,Bearing,0.7947,1689.5
0D.csv,Normal,Bearing,0.6543,1689.5
0D.csv,Normal,Bearing,0.9335,1690.5
0D.csv,Normal,Bearing,0.9107,1690.5
0D.csv,Normal,Imbalance,0.5071,1690.5
0D.csv,Normal,Bearing,0.9210,1690.5
0D.csv,Normal,Bearing,0.8931,1689.5
0D.csv,Normal,Bearing,0.7478,1689.5
0D.csv,Normal,Bearing,0.8960,1689.5
0D.csv,Normal,Bearing,0.8587,1689.5
0D.csv,Normal,Bearing,0.8262,1704.8
0D.csv,Normal,Bearing,0.9307,1704.8
0D.csv,Normal,Bearing,0.6480,1704.8
0D.csv,Normal,Bearing,0.7003,1704.8
0D.csv,Normal,Bearing,0.5504,1690.4
0D.csv,Normal,Bearing,0.8263,1690.4
0D.csv,Normal,Bearing,0.7472,1690.4
0D.csv,Normal,Bearing,0.8213,1690.4
0D.csv,Normal,Imbalance,0.7151,1684.5
0D.csv,Normal,Bearing,0.8388,1684.5
0D.csv,Normal,Bearing,0.8092,1684.5
0D.csv,Normal,Bearing,0.8302,1684.5
0D.csv,Normal,Bearing,0.9032,1700.2
0D.csv,Normal,Bearing,0.7204,1700.2
0D.csv,Normal,Bearing,0.9478,1700.2
0D.csv,Normal,Bearing,0.9473,1700.2
0D.csv,Normal,Bearing,0.7420,1693.7
0D.csv,Normal,Bearing,0.6039,1693.7
0D.csv,Normal,Bearing,0.6225,1693.7
0D.csv,Normal,Bearing,0.8219,1693.7
0D.csv,Normal,Bearing,0.5127,1700.8
0D.csv,Normal,Imbalance,0.6291,1700.8
0D.csv,Normal,Bearing,0.8560,1700.8
0D.csv,Normal,Bearing,0.8472,1700.8
0D.csv,Normal,Imbalance,0.7279,1697.2
0D.csv,Normal,Imbalance,0.5762,1697.2
0D.csv,Normal,Bearing,0.6289,1697.2
0D.csv,Normal,Bearing,0.7673,1697.2
0D.csv,Normal,Bearing,0.7850,1695.4
0D.csv,Normal,Bearing,0.8055,1695.4
0D.csv,Normal,Bearing,0.7418,1695.4
0D.csv,Normal,Bearing,0.7927,1695.4
0D.csv,Normal,Bearing,0.8157,1715.2
0D.csv,Normal,Bearing,0.8600,1715.2
0D.csv,Normal,Bearing,0.7732,1715.2
0D.csv,Normal,Bearing,0.7939,1715.2
0D.csv,Normal,Bearing,0.8681,1691.6
0D.csv,Normal,Bearing,0.6083,1691.6
0D.csv,Normal,Bearing,0.8381,1691.6
0D.csv,Normal,Bearing,0.5960,1691.6
0D.csv,Normal,Bearing,0.8253,1725.3
0D.csv,Normal,Bearing,0.8575,1725.3
0D.csv,Normal,Bearing,0.8171,1725.3
0D.csv,Normal,Bearing,0.5338,1725.3
0D.csv,Normal,Bearing,0.8026,1716.4
0D.csv,Normal,Bearing,0.6550,1716.4
0D.csv,Normal,Bearing,0.9155,1716.4
0D.csv,Normal,Bearing,0.7477,1716.4
0D.csv,Normal,Bearing,0.5181,1710.1
0D.csv,Normal,Bearing,0.9394,1710.1
0D.csv,Normal,Bearing,0.9371,1710.1
0D.csv,Normal,Bearing,0.7110,1710.1
0D.csv,Normal,Bearing,0.8802,1722.3
0D.csv,Normal,Bearing,0.7482,1722.3
0D.csv,Normal,Bearing,0.9062,1722.3
0D.csv,Normal,Bearing,0.7850,1722.3
0D.csv,Normal,Bearing,0.7265,1734.4
0D.csv,Normal,Bearing,0.7660,1734.4
0D.csv,Normal,Bearing,0.7971,1734.4
0D.csv,Normal,Bearing,0.7945,1734.4
0D.csv,Normal,Bearing,0.7990,1716.6
0D.csv,Normal,Bearing,0.9188,1716.6
0D.csv,Normal,Bearing,0.7304,1716.6
0D.csv,Normal,Bearing,0.8558,1716.6
0D.csv,Normal,Bearing,0.7386,1711.6
0D.csv,Normal,Bearing,0.7426,1711.6
0D.csv,Normal,Bearing,0.7646,1711.6
0D.csv,Normal,Bearing,0.9204,1711.6
0D.csv,Normal,Bearing,0.7770,1747.4
0D.csv,Normal,Bearing,0.9356,1747.4
0D.csv,Normal,Bearing,0.9765,1747.4
0D.csv,Normal,Bearing,0.7991,1747.4
0D.csv,Normal,Bearing,0.8152,1712.6
0D.csv,Normal,Bearing,0.5373,1712.6
0D.csv,Normal,Bearing,0.6876,1712.6
0D.csv,Normal,Bearing,0.7811,1712.6
0D.csv,Normal,Bearing,0.9480,1756.7
0D.csv,Normal,Bearing,0.8140,1756.7
0D.csv,Normal,Bearing,0.9549,1756.7
0D.csv,Normal,Bearing,0.9606,1756.7
0D.csv,Normal,Bearing,0.5313,1706.0
0D.csv,Normal,Bearing,0.6774,1706.0
0D.csv,Normal,Bearing,0.6953,1706.0
0D.csv,Normal,Bearing,0.8365,1706.0
0D.csv,Normal,Bearing,0.9107,1753.6
0D.csv,Normal,Bearing,0.9030,1753.6
0D.csv,Normal,Bearing,0.8640,1753.6
0D.csv,Normal,Bearing,0.9697,1753.6
0D.csv,Normal,Bearing,0.9780,1777.3
0D.csv,Normal,Bearing,0.9719,1777.3
0D.csv,Normal,Bearing,0.9866,1777.3
0D.csv,Normal,Bearing,0.9747,1777.3
0D.csv,Normal,Bearing,0.8642,1714.0
0D.csv,Normal,Bearing,0.6295,1714.0
0D.csv,Normal,Bearing,0.7544,1714.0
0D.csv,Normal,Bearing,0.9145,1714.0
0D.csv,Normal,Bearing,0.8101,1767.0
0D.csv,Normal,Bearing,0.9912,1767.0
0D.csv,Normal,Bearing,0.9576,1767.0
0D.csv,Normal,Bearing,0.9667,1767.0
0D.csv,Normal,Bearing,0.8109,1753.2
0D.csv,Normal,Bearing,0.9931,1753.2
0D.csv,Normal,Bearing,0.9825,1753.2
0D.csv,Normal,Bearing,0.9532,1753.2
0D.csv,Normal,Bearing,0.9903,1762.7
0D.csv,Normal,Bearing,0.7589,1762.7
0D.csv,Normal,Bearing,0.8203,1762.7
0D.csv,Normal,Bearing,0.9758,1762.7
0D.csv,Normal,Bearing,0.9558,1767.8
0D.csv,Normal,Bearing,0.9873,1767.8
0D.csv,Normal,Bearing,0.9229,1767.8
0D.csv,Normal,Bearing,0.9780,1767.8
0D.csv,Normal,Bearing,0.8077,1757.2
0D.csv,Normal,Bearing,0.9608,1757.2
0D.csv,Normal,Bearing,0.9044,1757.2
0D.csv,Normal,Bearing,0.9731,1757.2
0D.csv,Normal,Bearing,0.9047,1759.5
0D.csv,Normal,Bearing,0.9282,1759.5
0D.csv,Normal,Bearing,0.7420,1759.5
0D.csv,Normal,Bearing,0.6800,1759.5
0D.csv,Normal,Bearing,0.9950,1772.9
0D.csv,Normal,Bearing,0.9839,1772.9
0D.csv,Normal,Bearing,0.9879,1772.9
0D.csv,Normal,Bearing,0.9871,1772.9
0D.csv,Normal,Bearing,0.9443,1760.0
0D.csv,Normal,Bearing,0.9820,1760.0
0D.csv,Normal,Bearing,0.9698,1760.0
0D.csv,Normal,Bearing,0.9388,1760.0
0D.csv,Normal,Bearing,0.9750,1783.3
0D.csv,Normal,Bearing,0.9891,1783.3
0D.csv,Normal,Bearing,0.8491,1783.3
0D.csv,Normal,Bearing,0.9861,1783.3
0D.csv,Normal,Bearing,0.9908,1774.4
0D.csv,Normal,Bearing,0.9455,1774.4
0D.csv,Normal,Bearing,0.9507,1774.4
0D.csv,Normal,Bearing,0.9891,1774.4
0D.csv,Normal,Bearing,0.9645,1774.9
0D.csv,Normal,Bearing,0.9812,1774.9
0D.csv,Normal,Bearing,0.9424,1774.9
0D.csv,Normal,Bearing,0.9914,1774.9
0D.csv,Normal,Bearing,0.9940,1774.5
0D.csv,Normal,Bearing,0.9756,1774.5
0D.csv,Normal,Bearing,0.9934,1774.5
0D.csv,Normal,Bearing,0.9686,1774.5
0D.csv,Normal,Bearing,0.9875,1774.4
0D.csv,Normal,Bearing,0.9956,1774.4
0D.csv,Normal,Bearing,0.9853,1774.4
0D.csv,Normal,Bearing,0.9925,1774.4
0D.csv,Normal,Bearing,0.9989,1785.5
0D.csv,Normal,Bearing,0.9849,1785.5
0D.csv,Normal,Bearing,0.9917,1785.5
0D.csv,Normal,Bearing,0.9895,1785.5
0D.csv,Normal,Bearing,0.9780,1795.7
0D.csv,Normal,Bearing,0.9979,1795.7
0D.csv,Normal,Bearing,0.9934,1795.7
0D.csv,Normal,Bearing,0.9904,1795.7
0D.csv,Normal,Bearing,0.9926,1784.7
0D.csv,Normal,Bearing,0.9926,1784.7
0D.csv,Normal,Bearing,0.9859,1784.7
0D.csv,Normal,Bearing,0.9957,1784.7
0D.csv,Normal,Bearing,0.9940,1784.9
0D.csv,Normal,Bearing,0.9952,1784.9
0D.csv,Normal,Bearing,0.9897,1784.9
0D.csv,Normal,Bearing,0.9726,1784.9
0D.csv,Normal,Bearing,0.9995,1830.2
0D.csv,Normal,Bearing,0.9983,1830.2
0D.csv,Normal,Bearing,0.9981,1830.2
0D.csv,Normal,Bearing,0.9988,1830.2
0D.csv,Normal,Bearing,0.9944,1811.7
0D.csv,Normal,Bearing,0.9974,1811.7
0D.csv,Normal,Bearing,0.9963,1811.7
0D.csv,Normal,Bearing,0.9952,1811.7
0D.csv,Normal,Bearing,0.9856,1786.3
0D.csv,Normal,Bearing,0.9887,1786.3
0D.csv,Normal,Bearing,0.9941,1786.3
0D.csv,Normal,Bearing,0.9972,1786.3
0D.csv,Normal,Bearing,0.9926,1758.5
0D.csv,Normal,Bearing,0.9913,1758.5
0D.csv,Normal,Bearing,0.9882,1758.5
0D.csv,Normal,Bearing,0.7760,1758.5
0D.csv,Normal,Bearing,0.9960,1831.8
0D.csv,Normal,Bearing,0.9986,1831.8
0D.csv,Normal,Bearing,0.9929,1831.8
0D.csv,Normal,Bearing,0.9952,1831.8
0D.csv,Normal,Bearing,0.9754,1796.9
0D.csv,Normal,Bearing,0.9972,1796.9
0D.csv,Normal,Bearing,0.9298,1796.9
0D.csv,Normal,Bearing,0.9875,1796.9
0D.csv,Normal,Bearing,0.9960,1811.3
0D.csv,Normal,Bearing,0.9950,1811.3
0D.csv,Normal,Bearing,0.9816,1811.3
0D.csv,Normal,Bearing,0.9955,1811.3
0D.csv,Normal,Bearing,0.9962,1816.0
0D.csv,Normal,Bearing,0.9935,1816.0
0D.csv,Normal,Bearing,0.9895,1816.0
0D.csv,Normal,Bearing,0.9928,1816.0
0D.csv,Normal,Bearing,0.9962,1827.6
0D.csv,Normal,Bearing,0.9991,1827.6
0D.csv,Normal,Bearing,0.9963,1827.6
0D.csv,Normal,Bearing,0.9983,1827.6
0D.csv,Normal,Bearing,0.9966,1802.4
0D.csv,Normal,Bearing,0.9962,1802.4
0D.csv,Normal,Bearing,0.9847,1802.4
0D.csv,Normal,Bearing,0.9896,1802.4
0D.csv,Normal,Bearing,0.9920,1826.5
0D.csv,Normal,Bearing,0.9979,1826.5
0D.csv,Normal,Bearing,0.9650,1826.5
0D.csv,Normal,Bearing,0.9968,1826.5
0D.csv,Normal,Bearing,0.9926,1816.2
0D.csv,Normal,Bearing,0.9937,1816.2
0D.csv,Normal,Bearing,0.9912,1816.2
0D.csv,Normal,Bearing,0.9668,1816.2
0D.csv,Normal,Bearing,0.9982,1806.8
0D.csv,Normal,Bearing,0.9960,1806.8
0D.csv,Normal,Bearing,0.9969,1806.8
0D.csv,Normal,Bearing,0.9939,1806.8
0D.csv,Normal,Bearing,0.9977,1848.9
0D.csv,Normal,Bearing,0.9981,1848.9
0D.csv,Normal,Bearing,0.9993,1848.9
0D.csv,Normal,Bearing,0.9995,1848.9
0D.csv,Normal,Bearing,0.9997,1854.7
0D.csv,Normal,Bearing,0.9968,1854.7
0D.csv,Normal,Bearing,0.9989,1854.7
0D.csv,Normal,Bearing,0.9992,1854.7
0D.csv,Normal,Bearing,0.9994,1832.0
0D.csv,Normal,Bearing,0.9987,1832.0
0D.csv,Normal,Bearing,0.9989,1832.0
0D.csv,Normal,Bearing,0.9991,1832.0
0D.csv,Normal,Bearing,0.9991,1838.6
0D.csv,Normal,Bearing,0.9981,1838.6
0D.csv,Normal,Bearing,0.9988,1838.6
0D.csv,Normal,Bearing,0.9951,1838.6
0D.csv,Normal,Bearing,0.9978,1833.8
0D.csv,Normal,Bearing,0.9976,1833.8
0D.csv,Normal,Bearing,0.9995,1833.8
0D.csv,Normal,Bearing,0.9992,1833.8
0D.csv,Normal,Bearing,0.9983,1849.2
0D.csv,Normal,Bearing,0.9996,1849.2
0D.csv,Normal,Bearing,0.9987,1849.2
0D.csv,Normal,Bearing,0.9998,1849.2
0D.csv,Normal,Bearing,0.9995,1826.3
0D.csv,Normal,Bearing,0.9996,1826.3
0D.csv,Normal,Bearing,0.9994,1826.3
0D.csv,Normal,Bearing,0.9992,1826.3
0D.csv,Normal,Bearing,0.9991,1859.0
0D.csv,Normal,Bearing,0.9993,1859.0
0D.csv,Normal,Bearing,0.9997,1859.0
0D.csv,Normal,Bearing,0.9991,1859.0
0D.csv,Normal,Bearing,0.9993,1859.7
0D.csv,Normal,Bearing,0.9992,1859.7
0D.csv,Normal,Bearing,0.9965,1859.7
0D.csv,Normal,Bearing,0.9987,1859.7
0D.csv,Normal,Bearing,0.9988,1849.1
0D.csv,Normal,Bearing,0.9996,1849.1
0D.csv,Normal,Bearing,0.9953,1849.1
0D.csv,Normal,Bearing,0.9974,1849.1
0D.csv,Normal,Bearing,0.9950,1838.7
0D.csv,Normal,Bearing,0.9980,1838.7
0D.csv,Normal,Bearing,0.9958,1838.7
0D.csv,Normal,Bearing,0.9981,1838.7
0D.csv,Normal,Bearing,0.9979,1817.7
0D.csv,Normal,Bearing,0.9986,1817.7
0D.csv,Normal,Bearing,0.9960,1817.7
0D.csv,Normal,Bearing,0.9976,1817.7
0D.csv,Normal,Bearing,0.9999,1817.5
0D.csv,Normal,Bearing,0.9985,1817.5
0D.csv,Normal,Bearing,0.9983,1817.5
0D.csv,Normal,Bearing,0.9990,1817.5
0D.csv,Normal,Bearing,0.9993,1818.1
0D.csv,Normal,Bearing,0.9898,1818.1
0D.csv,Normal,Bearing,0.9971,1818.1
0D.csv,Normal,Bearing,0.9927,1818.1
0D.csv,Normal,Bearing,0.9972,1842.9
0D.csv,Normal,Bearing,0.9927,1842.9
0D.csv,Normal,Bearing,0.9967,1842.9
0D.csv,Normal,Bearing,0.9995,1842.9
0D.csv,Normal,Bearing,0.9998,1870.3
0D.csv,Normal,Bearing,0.9999,1870.3
0D.csv,Normal,Bearing,0.9985,1870.3
0D.csv,Normal,Bearing,0.9997,1870.3
0D.csv,Normal,Bearing,1.0000,1868.7
0D.csv,Normal,Bearing,0.9989,1868.7
0D.csv,Normal,Bearing,0.9989,1868.7
0D.csv,Normal,Bearing,0.9998,1868.7
0D.csv,Normal,Bearing,0.9999,1864.7
0D.csv,Normal,Bearing,0.9997,1864.7
0D.csv,Normal,Bearing,0.9999,1864.7
0D.csv,Normal,Bearing,0.9998,1864.7
0D.csv,Normal,Bearing,0.9996,1883.3
0D.csv,Normal,Bearing,1.0000,1883.3
0D.csv,Normal,Bearing,0.9999,1883.3
0D.csv,Normal,Bearing,0.9999,1883.3
0D.csv,Normal,Bearing,0.9999,1890.8
0D.csv,Normal,Bearing,0.9995,1890.8
0D.csv,Normal,Bearing,0.9999,1890.8
0D.csv,Normal,Bearing,1.0000,1890.8
0D.csv,Normal,Bearing,0.9991,1880.4
0D.csv,Normal,Bearing,0.9947,1880.4
0D.csv,Normal,Bearing,0.9998,1880.4
0D.csv,Normal,Bearing,0.9992,1880.4
0D.csv,Normal,Bearing,0.9999,1875.2
0D.csv,Normal,Bearing,0.9999,1875.2
0D.csv,Normal,Bearing,0.9943,1875.2
0D.csv,Normal,Bearing,0.9997,1875.2
0D.csv,Normal,Bearing,0.9993,1880.1
0D.csv,Normal,Bearing,0.9996,1880.1
0D.csv,Normal,Bearing,0.9995,1880.1
0D.csv,Normal,Bearing,0.9997,1880.1
0D.csv,Normal,Bearing,0.9996,1907.9
0D.csv,Normal,Bearing,0.9998,1907.9
0D.csv,Normal,Bearing,0.9999,1907.9
0D.csv,Normal,Bearing,0.9998,1907.9
0D.csv,Normal,Bearing,0.9998,1897.6
0D.csv,Normal,Bearing,0.9999,1897.6
0D.csv,Normal,Bearing,0.9999,1897.6
0D.csv,Normal,Bearing,0.9997,1897.6
0D.csv,Normal,Bearing,0.9998,1891.6
0D.csv,Normal,Bearing,0.9996,1891.6
0D.csv,Normal,Bearing,0.9999,1891.6
0D.csv,Normal,Bearing,0.9999,1891.6
0D.csv,Normal,Bearing,0.9999,1907.3
0D.csv,Normal,Bearing,0.9998,1907.3
0D.csv,Normal,Bearing,0.9996,1907.3
0D.csv,Normal,Bearing,0.9999,1907.3
0D.csv,Normal,Bearing,1.0000,1902.5
0D.csv,Normal,Bearing,0.9999,1902.5
0D.csv,Normal,Bearing,1.0000,1902.5
0D.csv,Normal,Bearing,0.9999,1902.5
0D.csv,Normal,Bearing,0.9996,1907.2
0D.csv,Normal,Bearing,0.9987,1907.2
0D.csv,Normal,Bearing,0.9997,1907.2
0D.csv,Normal,Bearing,0.9997,1907.2
0D.csv,Normal,Bearing,0.9999,1902.0
0D.csv,Normal,Bearing,0.9999,1902.0
0D.csv,Normal,Bearing,0.9999,1902.0
0D.csv,Normal,Bearing,0.9997,1902.0
0D.csv,Normal,Bearing,0.9991,1906.1
0D.csv,Normal,Bearing,0.9999,1906.1
0D.csv,Normal,Bearing,0.9998,1906.1
0D.csv,Normal,Bearing,0.9994,1906.1
0D.csv,Normal,Bearing,0.9999,1934.0
0D.csv,Normal,Bearing,1.0000,1934.0
0D.csv,Normal,Bearing,0.9998,1934.0
0D.csv,Normal,Bearing,0.9998,1934.0
0D.csv,Normal,Bearing,0.9999,1897.3
0D.csv,Normal,Bearing,0.9996,1897.3
0D.csv,Normal,Bearing,0.9994,1897.3
0D.csv,Normal,Bearing,0.9990,1897.3
0D.csv,Normal,Bearing,0.9999,1934.0
0D.csv,Normal,Bearing,0.9994,1934.0
0D.csv,Normal,Bearing,0.9999,1934.0
0D.csv,Normal,Bearing,0.9998,1934.0
0D.csv,Normal,Bearing,0.9975,1873.2
0D.csv,Normal,Bearing,0.9987,1873.2
0D.csv,Normal,Bearing,0.9598,1873.2
0D.csv,Normal,Bearing,0.9974,1873.2
0D.csv,Normal,Bearing,0.9991,1911.6
0D.csv,Normal,Bearing,0.9998,1911.6
0D.csv,Normal,Bearing,0.9991,1911.6
0D.csv,Normal,Bearing,0.9997,1911.6
0D.csv,Normal,Bearing,1.0000,1956.2
0D.csv,Normal,Bearing,1.0000,1956.2
0D.csv,Normal,Bearing,1.0000,1956.2
0D.csv,Normal,Bearing,0.9999,1956.2
0D.csv,Normal,Bearing,0.9996,1894.4
0D.csv,Normal,Bearing,0.9997,1894.4
0D.csv,Normal,Bearing,0.9998,1894.4
0D.csv,Normal,Bearing,0.9996,1894.4
0D.csv,Normal,Bearing,0.9999,1933.7
0D.csv,Normal,Bearing,0.9999,1933.7
0D.csv,Normal,Bearing,0.9998,1933.7
0D.csv,Normal,Bearing,1.0000,1933.7
0D.csv,Normal,Bearing,0.9999,1928.1
0D.csv,Normal,Bearing,0.9998,1928.1
0D.csv,Normal,Bearing,0.9998,1928.1
0D.csv,Normal,Bearing,0.9997,1928.1
0D.csv,Normal,Bearing,0.9999,1938.5
0D.csv,Normal,Bearing,0.9998,1938.5
0D.csv,Normal,Bearing,0.9981,1938.5
0D.csv,Normal,Bearing,1.0000,1938.5
0D.csv,Normal,Bearing,0.9999,1939.7
0D.csv,Normal,Bearing,0.9999,1939.7
0D.csv,Normal,Bearing,0.9999,1939.7
0D.csv,Normal,Bearing,0.9999,1939.7
0D.csv,Normal,Bearing,1.0000,1938.8
0D.csv,Normal,Bearing,0.9999,1938.8
0D.csv,Normal,Bearing,0.9998,1938.8
0D.csv,Normal,Bearing,0.9999,1938.8
0D.csv,Normal,Bearing,0.9999,1938.5
0D.csv,Normal,Bearing,0.9999,1938.5
0D.csv,Normal,Bearing,1.0000,1938.5
0D.csv,Normal,Bearing,1.0000,1938.5
0D.csv,Normal,Bearing,0.9999,1955.3
0D.csv,Normal,Bearing,0.9999,1955.3
0D.csv,Normal,Bearing,0.9998,1955.3
0D.csv,Normal,Bearing,0.9997,1955.3
0D.csv,Normal,Bearing,0.9998,1943.7
0D.csv,Normal,Bearing,0.9999,1943.7
0D.csv,Normal,Bearing,0.9999,1943.7
0D.csv,Normal,Bearing,1.0000,1943.7
0D.csv,Normal,Bearing,0.9995,1975.9
0D.csv,Normal,Bearing,0.9999,1975.9
0D.csv,Normal,Bearing,0.9999,1975.9
0D.csv,Normal,Bearing,1.0000,1975.9
0D.csv,Normal,Bearing,0.9999,1966.2
0D.csv,Normal,Bearing,1.0000,1966.2
0D.csv,Normal,Bearing,0.9998,1966.2
0D.csv,Normal,Bearing,0.9998,1966.2
0D.csv,Normal,Bearing,0.9999,1965.2
0D.csv,Normal,Bearing,1.0000,1965.2
0D.csv,Normal,Bearing,1.0000,1965.2
0D.csv,Normal,Bearing,1.0000,1965.2
0D.csv,Normal,Bearing,1.0000,1949.9
0D.csv,Normal,Bearing,1.0000,1949.9
0D.csv,Normal,Bearing,1.0000,1949.9
0D.csv,Normal,Bearing,0.9999,1949.9
0D.csv,Normal,Bearing,0.9997,1953.6
0D.csv,Normal,Bearing,0.9999,1953.6
0D.csv,Normal,Bearing,0.9999,1953.6
0D.csv,Normal,Bearing,0.9997,1953.6
0D.csv,Normal,Bearing,1.0000,1959.0
0D.csv,Normal,Bearing,1.0000,1959.0
0D.csv,Normal,Bearing,0.9998,1959.0
0D.csv,Normal,Bearing,0.9998,1959.0
0D.csv,Normal,Bearing,0.9999,1965.2
0D.csv,Normal,Bearing,0.9998,1965.2
0D.csv,Normal,Bearing,0.9997,1965.2
0D.csv,Normal,Bearing,0.9999,1965.2
0D.csv,Normal,Bearing,0.9999,1976.7
0D.csv,Normal,Bearing,0.9998,1976.7
0D.csv,Normal,Bearing,1.0000,1976.7
0D.csv,Normal,Bearing,0.9999,1976.7
0D.csv,Normal,Bearing,0.9999,1953.0
0D.csv,Normal,Bearing,0.9999,1953.0
0D.csv,Normal,Bearing,0.9999,1953.0
0D.csv,Normal,Bearing,1.0000,1953.0
0D.csv,Normal,Bearing,0.9999,1964.8
0D.csv,Normal,Bearing,0.9998,1964.8
0D.csv,Normal,Bearing,0.9998,1964.8
0D.csv,Normal,Bearing,0.9997,1964.8
0D.csv,Normal,Bearing,0.9998,2014.1
0D.csv,Normal,Bearing,0.9995,2014.1
0D.csv,Normal,Bearing,0.9996,2014.1
0D.csv,Normal,Bearing,0.9981,2014.1
0D.csv,Normal,Bearing,0.9991,1993.4
0D.csv,Normal,Bearing,0.9998,1993.4
0D.csv,Normal,Bearing,0.9994,1993.4
0D.csv,Normal,Bearing,0.9995,1993.4
0D.csv,Normal,Bearing,0.9990,1991.5
0D.csv,Normal,Bearing,0.9994,1991.5
0D.csv,Normal,Bearing,0.9994,1991.5
0D.csv,Normal,Bearing,0.9997,1991.5
0D.csv,Normal,Bearing,0.9997,1992.9
0D.csv,Normal,Bearing,0.9993,1992.9
0D.csv,Normal,Bearing,0.9994,1992.9
0D.csv,Normal,Bearing,0.9993,1992.9
0D.csv,Normal,Bearing,0.9994,2009.2
0D.csv,Normal,Bearing,0.9993,2009.2
0D.csv,Normal,Bearing,0.9996,2009.2
0D.csv,Normal,Bearing,0.9985,2009.2
0D.csv,Normal,Bearing,0.9998,1965.7
0D.csv,Normal,Bearing,0.9994,1965.7
0D.csv,Normal,Bearing,0.9990,1965.7
0D.csv,Normal,Bearing,0.9998,1965.7
0D.csv,Normal,Bearing,0.9982,2006.3
0D.csv,Normal,Bearing,0.9980,2006.3
0D.csv,Normal,Bearing,0.9981,2006.3
0D.csv,Normal,Bearing,0.9990,2006.3
0D.csv,Normal,Bearing,0.9998,1997.7
0D.csv,Normal,Bearing,0.9999,1997.7
0D.csv,Normal,Bearing,0.9994,1997.7
0D.csv,Normal,Bearing,0.9924,1997.7
0D.csv,Normal,Bearing,0.9994,2007.8
0D.csv,Normal,Bearing,0.9932,2007.8
0D.csv,Normal,Bearing,0.9998,2007.8
0D.csv,Normal,Bearing,0.9997,2007.8
0D.csv,Normal,Bearing,0.9992,1996.4
0D.csv,Normal,Bearing,0.9996,1996.4
0D.csv,Normal,Bearing,0.9993,1996.4
0D.csv,Normal,Bearing,0.9993,1996.4
0D.csv,Normal,Bearing,0.9998,1995.8
0D.csv,Normal,Bearing,0.9987,1995.8
0D.csv,Normal,Bearing,0.9981,1995.8
0D.csv,Normal,Bearing,0.9992,1995.8
0D.csv,Normal,Bearing,0.9968,1997.3
0D.csv,Normal,Bearing,0.9989,1997.3
0D.csv,Normal,Bearing,0.9999,1997.3
0D.csv,Normal,Bearing,0.9998,1997.3
0D.csv,Normal,Bearing,0.9996,2017.8
0D.csv,Normal,Bearing,0.9992,2017.8
0D.csv,Normal,Bearing,0.9996,2017.8
0D.csv,Normal,Bearing,0.9974,2017.8
0D.csv,Normal,Bearing,0.9986,2030.3
0D.csv,Normal,Bearing,0.9978,2030.3
0D.csv,Normal,Bearing,0.9988,2030.3
0D.csv,Normal,Bearing,0.9983,2030.3
0D.csv,Normal,Bearing,0.9995,2023.0
0D.csv,Normal,Bearing,0.9975,2023.0
0D.csv,Normal,Bearing,0.9977,2023.0
0D.csv,Normal,Bearing,0.9993,2023.0
0D.csv,Normal,Bearing,0.9995,2030.6
0D.csv,Normal,Bearing,0.9990,2030.6
0D.csv,Normal,Bearing,0.9959,2030.6
0D.csv,Normal,Bearing,0.9990,2030.6
0D.csv,Normal,Bearing,0.9996,2018.0
0D.csv,Normal,Bearing,0.9992,2018.0
0D.csv,Normal,Bearing,0.9950,2018.0
0D.csv,Normal,Bearing,0.9958,2018.0
0D.csv,Normal,Bearing,0.9993,2014.0
0D.csv,Normal,Bearing,0.9977,2014.0
0D.csv,Normal,Bearing,0.9993,2014.0
0D.csv,Normal,Bearing,0.9995,2014.0
0D.csv,Normal,Bearing,0.9998,2038.9
0D.csv,Normal,Bearing,0.9988,2038.9
0D.csv,Normal,Bearing,0.9987,2038.9
0D.csv,Normal,Bearing,0.9984,2038.9
0D.csv,Normal,Bearing,0.9996,2023.0
0D.csv,Normal,Bearing,0.9987,2023.0
0D.csv,Normal,Bearing,0.9998,2023.0
0D.csv,Normal,Bearing,0.9996,2023.0
0D.csv,Normal,Bearing,0.9987,2024.3
0D.csv,Normal,Bearing,0.9964,2024.3
0D.csv,Normal,Bearing,0.9953,2024.3
0D.csv,Normal,Bearing,0.9998,2024.3
0D.csv,Normal,Bearing,0.9993,2040.5
0D.csv,Normal,Bearing,0.9999,2040.5
0D.csv,Normal,Bearing,0.9991,2040.5
0D.csv,Normal,Bearing,0.9997,2040.5
0D.csv,Normal,Bearing,0.9987,2037.6
0D.csv,Normal,Bearing,0.9995,2037.6
0D.csv,Normal,Bearing,0.9991,2037.6
0D.csv,Normal,Bearing,0.9995,2037.6
0D.csv,Normal,Bearing,0.9995,2078.8
0D.csv,Normal,Bearing,0.9997,2078.8
0D.csv,Normal,Bearing,0.9994,2078.8
0D.csv,Normal,Bearing,0.9999,2078.8
0D.csv,Normal,Bearing,0.9967,2079.5
0D.csv,Normal,Bearing,0.9984,2079.5
0D.csv,Normal,Bearing,0.9982,2079.5
0D.csv,Normal,Bearing,0.9972,2079.5
0D.csv,Normal,Bearing,0.9729,1994.3
0D.csv,Normal,Bearing,0.9883,1994.3
0D.csv,Normal,Bearing,0.9980,1994.3
0D.csv,Normal,Bearing,0.9984,1994.3
0D.csv,Normal,Bearing,0.9969,2010.0
0D.csv,Normal,Bearing,0.9996,2010.0
0D.csv,Normal,Bearing,0.9982,2010.0
0D.csv,Normal,Bearing,0.9984,2010.0
0D.csv,Normal,Bearing,0.9981,2044.1
0D.csv,Normal,Bearing,0.9984,2044.1
0D.csv,Normal,Bearing,0.9995,2044.1
0D.csv,Normal,Bearing,0.9973,2044.1
0D.csv,Normal,Bearing,0.9997,2045.3
0D.csv,Normal,Bearing,0.9992,2045.3
0D.csv,Normal,Bearing,0.9995,2045.3
0D.csv,Normal,Bearing,0.9977,2045.3
0D.csv,Normal,Bearing,0.9995,2045.1
0D.csv,Normal,Bearing,0.9998,2045.1
0D.csv,Normal,Bearing,0.9933,2045.1
0D.csv,Normal,Bearing,0.9996,2045.1
0D.csv,Normal,Bearing,0.9999,2065.6
0D.csv,Normal,Bearing,0.9997,2065.6
0D.csv,Normal,Bearing,0.9988,2065.6
0D.csv,Normal,Bearing,0.9998,2065.6
0D.csv,Normal,Bearing,0.9999,2055.3
0D.csv,Normal,Bearing,0.9991,2055.3
0D.csv,Normal,Bearing,0.9996,2055.3
0D.csv,Normal,Bearing,0.9991,2055.3
0D.csv,Normal,Bearing,0.9993,2055.4
0D.csv,Normal,Bearing,0.9968,2055.4
0D.csv,Normal,Bearing,0.9995,2055.4
0D.csv,Normal,Bearing,0.9998,2055.4
0D.csv,Normal,Bearing,0.9994,2060.9
0D.csv,Normal,Bearing,1.0000,2060.9
0D.csv,Normal,Bearing,0.9923,2060.9
0D.csv,Normal,Bearing,0.9995,2060.9
0D.csv,Normal,Bearing,0.9999,2071.3
0D.csv,Normal,Bearing,0.9998,2071.3
0D.csv,Normal,Bearing,0.9996,2071.3
0D.csv,Normal,Bearing,0.9996,2071.3
0D.csv,Normal,Bearing,0.9999,2065.6
0D.csv,Normal,Bearing,1.0000,2065.6
0D.csv,Normal,Bearing,0.9997,2065.6
0D.csv,Normal,Bearing,0.9999,2065.6
0D.csv,Normal,Bearing,0.9999,2088.0
0D.csv,Normal,Bearing,0.9999,2088.0
0D.csv,Normal,Bearing,0.9999,2088.0
0D.csv,Normal,Bearing,0.9996,2088.0
0D.csv,Normal,Bearing,0.9997,2065.5
0D.csv,Normal,Bearing,0.9998,2065.5
0D.csv,Normal,Bearing,0.9999,2065.5
0D.csv,Normal,Bearing,0.9997,2065.5
0D.csv,Normal,Bearing,0.9993,2092.3
0D.csv,Normal,Bearing,0.9998,2092.3
0D.csv,Normal,Bearing,1.0000,2092.3
0D.csv,Normal,Bearing,1.0000,2092.3
0D.csv,Normal,Bearing,0.9999,2087.8
0D.csv,Normal,Bearing,0.9999,2087.8
0D.csv,Normal,Bearing,1.0000,2087.8
0D.csv,Normal,Bearing,0.9999,2087.8
0D.csv,Normal,Bearing,0.9977,2081.0
0D.csv,Normal,Bearing,1.0000,2081.0
0D.csv,Normal,Bearing,1.0000,2081.0
0D.csv,Normal,Bearing,1.0000,2081.0
0D.csv,Normal,Bearing,1.0000,2093.3
0D.csv,Normal,Bearing,0.9996,2093.3
0D.csv,Normal,Bearing,1.0000,2093.3
0D.csv,Normal,Bearing,0.9988,2093.3
0D.csv,Normal,Bearing,0.9974,2093.4
0D.csv,Normal,Bearing,1.0000,2093.4
0D.csv,Normal,Bearing,0.9998,2093.4
0D.csv,Normal,Bearing,0.9997,2093.4
0D.csv,Normal,Bearing,0.9999,2069.5
0D.csv,Normal,Bearing,0.9998,2069.5
0D.csv,Normal,Bearing,0.9999,2069.5
0D.csv,Normal,Bearing,0.9999,2069.5
0D.csv,Normal,Bearing,1.0000,2128.5
0D.csv,Normal,Bearing,0.9998,2128.5
0D.csv,Normal,Bearing,1.0000,2128.5
0D.csv,Normal,Bearing,1.0000,2128.5
0D.csv,Normal,Bearing,0.9997,2069.3
0D.csv,Normal,Bearing,0.9933,2069.3
0D.csv,Normal,Bearing,0.9995,2069.3
0D.csv,Normal,Bearing,0.9999,2069.3
0D.csv,Normal,Bearing,0.9997,2119.4
0D.csv,Normal,Bearing,1.0000,2119.4
0D.csv,Normal,Bearing,1.0000,2119.4
0D.csv,Normal,Bearing,0.9989,2119.4
0D.csv,Normal,Bearing,0.9999,2068.3
0D.csv,Normal,Bearing,0.9994,2068.3
0D.csv,Normal,Bearing,0.9995,2068.3
0D.csv,Normal,Bearing,0.9999,2068.3
0D.csv,Normal,Bearing,0.9999,2127.5
0D.csv,Normal,Bearing,1.0000,2127.5
0D.csv,Normal,Bearing,0.9998,2127.5
0D.csv,Normal,Bearing,1.0000,2127.5
0D.csv,Normal,Bearing,1.0000,2090.8
0D.csv,Normal,Bearing,1.0000,2090.8
0D.csv,Normal,Bearing,0.9999,2090.8
0D.csv,Normal,Bearing,1.0000,2090.8
0D.csv,Normal,Bearing,1.0000,2114.3
0D.csv,Normal,Bearing,0.9999,2114.3
0D.csv,Normal,Bearing,1.0000,2114.3
0D.csv,Normal,Bearing,1.0000,2114.3
0D.csv,Normal,Bearing,1.0000,2114.5
0D.csv,Normal,Bearing,1.0000,2114.5
0D.csv,Normal,Bearing,1.0000,2114.5
0D.csv,Normal,Bearing,1.0000,2114.5
0D.csv,Normal,Bearing,1.0000,2125.8
0D.csv,Normal,Bearing,1.0000,2125.8
0D.csv,Normal,Bearing,0.9999,2125.8
0D.csv,Normal,Bearing,1.0000,2125.8
0D.csv,Normal,Bearing,1.0000,2115.3
0D.csv,Normal,Bearing,0.9999,2115.3
0D.csv,Normal,Bearing,1.0000,2115.3
0D.csv,Normal,Bearing,1.0000,2115.3
0D.csv,Normal,Bearing,1.0000,2122.3
0D.csv,Normal,Bearing,1.0000,2122.3
0D.csv,Normal,Bearing,1.0000,2122.3
0D.csv,Normal,Bearing,1.0000,2122.3
0D.csv,Normal,Bearing,1.0000,2125.3
0D.csv,Normal,Bearing,1.0000,2125.3
0D.csv,Normal,Bearing,1.0000,2125.3
0D.csv,Normal,Bearing,1.0000,2125.3
0D.csv,Normal,Bearing,1.0000,2125.9
0D.csv,Normal,Bearing,0.9999,2125.9
0D.csv,Normal,Bearing,1.0000,2125.9
0D.csv,Normal,Bearing,1.0000,2125.9
0D.csv,Normal,Bearing,0.9994,2118.1
0D.csv,Normal,Bearing,1.0000,2118.1
0D.csv,Normal,Bearing,0.9999,2118.1
0D.csv,Normal,Bearing,0.9998,2118.1
0D.csv,Normal,Bearing,1.0000,2140.2
0D.csv,Normal,Bearing,1.0000,2140.2
0D.csv,Normal,Bearing,1.0000,2140.2
0D.csv,Normal,Bearing,1.0000,2140.2
0D.csv,Normal,Bearing,1.0000,2129.4
0D.csv,Normal,Bearing,1.0000,2129.4
0D.csv,Normal,Bearing,1.0000,2129.4
0D.csv,Normal,Bearing,1.0000,2129.4
0D.csv,Normal,Bearing,1.0000,2147.4
0D.csv,Normal,Bearing,1.0000,2147.4
0D.csv,Normal,Bearing,1.0000,2147.4
0D.csv,Normal,Bearing,0.9999,2147.4
0D.csv,Normal,Bearing,1.0000,2135.3
0D.csv,Normal,Bearing,1.0000,2135.3
0D.csv,Normal,Bearing,1.0000,2135.3
0D.csv,Normal,Bearing,1.0000,2135.3
0D.csv,Normal,Bearing,0.9999,2121.8
0D.csv,Normal,Bearing,1.0000,2121.8
0D.csv,Normal,Bearing,0.9999,2121.8
0D.csv,Normal,Bearing,1.0000,2121.8
0D.csv,Normal,Bearing,1.0000,2158.4
0D.csv,Normal,Bearing,1.0000,2158.4
0D.csv,Normal,Bearing,1.0000,2158.4
0D.csv,Normal,Bearing,1.0000,2158.4
0D.csv,Normal,Bearing,1.0000,2157.8
0D.csv,Normal,Bearing,1.0000,2157.8
0D.csv,Normal,Bearing,1.0000,2157.8
0D.csv,Normal,Bearing,0.9998,2157.8
0D.csv,Normal,Bearing,1.0000,2157.1
0D.csv,Normal,Bearing,1.0000,2157.1
0D.csv,Normal,Bearing,1.0000,2157.1
0D.csv,Normal,Bearing,1.0000,2157.1
0D.csv,Normal,Bearing,1.0000,2143.8
0D.csv,Normal,Bearing,1.0000,2143.8
0D.csv,Normal,Bearing,1.0000,2143.8
0D.csv,Normal,Bearing,1.0000,2143.8
0D.csv,Normal,Bearing,0.9996,2110.2
0D.csv,Normal,Bearing,0.9996,2110.2
0D.csv,Normal,Bearing,0.9998,2110.2
0D.csv,Normal,Bearing,0.9996,2110.2
0D.csv,Normal,Bearing,1.0000,2181.7
0D.csv,Normal,Bearing,1.0000,2181.7
0D.csv,Normal,Bearing,1.0000,2181.7
0D.csv,Normal,Bearing,1.0000,2181.7
0D.csv,Normal,Bearing,1.0000,2198.9
0D.csv,Normal,Bearing,1.0000,2198.9
0D.csv,Normal,Bearing,1.0000,2198.9
0D.csv,Normal,Bearing,1.0000,2198.9
0D.csv,Normal,Bearing,1.0000,2203.8
0D.csv,Normal,Bearing,1.0000,2203.8
0D.csv,Normal,Bearing,1.0000,2203.8
0D.csv,Normal,Bearing,1.0000,2203.8
0D.csv,Normal,Bearing,1.0000,2161.5
0D.csv,Normal,Bearing,1.0000,2161.5
0D.csv,Normal,Bearing,1.0000,2161.5
0D.csv,Normal,Bearing,1.0000,2161.5
0D.csv,Normal,Bearing,1.0000,2168.1
0D.csv,Normal,Bearing,1.0000,2168.1
0D.csv,Normal,Bearing,1.0000,2168.1
0D.csv,Normal,Bearing,1.0000,2168.1
0D.csv,Normal,Bearing,1.0000,2166.0
0D.csv,Normal,Bearing,1.0000,2166.0
0D.csv,Normal,Bearing,1.0000,2166.0
0D.csv,Normal,Bearing,1.0000,2166.0
0D.csv,Normal,Bearing,1.0000,2165.3
0D.csv,Normal,Bearing,1.0000,2165.3
0D.csv,Normal,Bearing,0.9998,2165.3
0D.csv,Normal,Bearing,0.9999,2165.3
0D.csv,Normal,Bearing,0.9997,2191.3
0D.csv,Normal,Bearing,1.0000,2191.3
0D.csv,Normal,Bearing,0.9999,2191.3
0D.csv,Normal,Bearing,1.0000,2191.3
0D.csv,Normal,Bearing,1.0000,2171.9
0D.csv,Normal,Bearing,1.0000,2171.9
0D.csv,Normal,Bearing,1.0000,2171.9
0D.csv,Normal,Bearing,1.0000,2171.9
0D.csv,Normal,Bearing,1.0000,2177.0
0D.csv,Normal,Bearing,1.0000,2177.0
0D.csv,Normal,Bearing,1.0000,2177.0
0D.csv,Normal,Bearing,1.0000,2177.0
0D.csv,Normal,Bearing,1.0000,2177.9
0D.csv,Normal,Bearing,1.0000,2177.9
0D.csv,Normal,Bearing,1.0000,2177.9
0D.csv,Normal,Bearing,1.0000,2177.9
0D.csv,Normal,Bearing,1.0000,2176.8
0D.csv,Normal,Bearing,1.0000,2176.8
0D.csv,Normal,Bearing,0.9996,2176.8
0D.csv,Normal,Bearing,1.0000,2176.8
0D.csv,Normal,Bearing,1.0000,2164.3
0D.csv,Normal,Bearing,1.0000,2164.3
0D.csv,Normal,Bearing,1.0000,2164.3
0D.csv,Normal,Bearing,1.0000,2164.3
0D.csv,Normal,Bearing,1.0000,2176.5
0D.csv,Normal,Bearing,1.0000,2176.5
0D.csv,Normal,Bearing,0.9996,2176.5
0D.csv,Normal,Bearing,1.0000,2176.5
0D.csv,Normal,Bearing,1.0000,2186.3
0D.csv,Normal,Bearing,1.0000,2186.3
0D.csv,Normal,Bearing,1.0000,2186.3
0D.csv,Normal,Bearing,0.9999,2186.3
0D.csv,Normal,Bearing,1.0000,2198.1
0D.csv,Normal,Bearing,1.0000,2198.1
0D.csv,Normal,Bearing,1.0000,2198.1
0D.csv,Normal,Bearing,1.0000,2198.1
0D.csv,Normal,Bearing,1.0000,2192.4
0D.csv,Normal,Bearing,1.0000,2192.4
0D.csv,Normal,Bearing,1.0000,2192.4
0D.csv,Normal,Bearing,1.0000,2192.4
0D.csv,Normal,Bearing,1.0000,2199.6
0D.csv,Normal,Bearing,1.0000,2199.6
0D.csv,Normal,Bearing,1.0000,2199.6
0D.csv,Normal,Bearing,1.0000,2199.6
0D.csv,Normal,Bearing,1.0000,2211.4
0D.csv,Normal,Bearing,1.0000,2211.4
0D.csv,Normal,Bearing,0.9999,2211.4
0D.csv,Normal,Bearing,1.0000,2211.4
0D.csv,Normal,Bearing,1.0000,2215.0
0D.csv,Normal,Bearing,1.0000,2215.0
0D.csv,Normal,Bearing,1.0000,2215.0
0D.csv,Normal,Bearing,1.0000,2215.0
0D.csv,Normal,Bearing,1.0000,2185.4
0D.csv,Normal,Bearing,1.0000,2185.4
0D.csv,Normal,Bearing,1.0000,2185.4
0D.csv,Normal,Bearing,1.0000,2185.4
0D.csv,Normal,Bearing,1.0000,2224.1
0D.csv,Normal,Bearing,1.0000,2224.1
0D.csv,Normal,Bearing,1.0000,2224.1
0D.csv,Normal,Bearing,1.0000,2224.1
0D.csv,Normal,Bearing,0.9998,2220.8
0D.csv,Normal,Bearing,0.9998,2220.8
0D.csv,Normal,Bearing,1.0000,2220.8
0D.csv,Normal,Bearing,1.0000,2220.8
0D.csv,Normal,Bearing,1.0000,2226.6
0D.csv,Normal,Bearing,1.0000,2226.6
0D.csv,Normal,Bearing,1.0000,2226.6
0D.csv,Normal,Bearing,1.0000,2226.6
0D.csv,Normal,Bearing,1.0000,2172.3
0D.csv,Normal,Bearing,1.0000,2172.3
0D.csv,Normal,Bearing,1.0000,2172.3
0D.csv,Normal,Bearing,1.0000,2172.3
0D.csv,Normal,Bearing,1.0000,2221.6
0D.csv,Normal,Bearing,1.0000,2221.6
0D.csv,Normal,Bearing,1.0000,2221.6
0D.csv,Normal,Bearing,1.0000,2221.6
0D.csv,Normal,Bearing,1.0000,2249.0
0D.csv,Normal,Bearing,1.0000,2249.0
0D.csv,Normal,Bearing,1.0000,2249.0
0D.csv,Normal,Bearing,1.0000,2249.0
0D.csv,Normal,Bearing,1.0000,2223.4
0D.csv,Normal,Bearing,1.0000,2223.4
0D.csv,Normal,Bearing,1.0000,2223.4
0D.csv,Normal,Bearing,1.0000,2223.4
0D.csv,Normal,Bearing,0.9999,2232.1
0D.csv,Normal,Bearing,0.9999,2232.1
0D.csv,Normal,Bearing,0.9999,2232.1
0D.csv,Normal,Bearing,0.9999,2232.1
0D.csv,Normal,Bearing,1.0000,2230.1
0D.csv,Normal,Bearing,1.0000,2230.1
0D.csv,Normal,Bearing,1.0000,2230.1
0D.csv,Normal,Bearing,1.0000,2230.1
0D.csv,Normal,Bearing,1.0000,2242.8
0D.csv,Normal,Bearing,1.0000,2242.8
0D.csv,Normal,Bearing,1.0000,2242.8
0D.csv,Normal,Bearing,1.0000,2242.8
0D.csv,Normal,Bearing,1.0000,2256.6
0D.csv,Normal,Bearing,1.0000,2256.6
0D.csv,Normal,Bearing,1.0000,2256.6
0D.csv,Normal,Bearing,1.0000,2256.6
0D.csv,Normal,Bearing,1.0000,2240.9
0D.csv,Normal,Bearing,1.0000,2240.9
0D.csv,Normal,Bearing,1.0000,2240.9
0D.csv,Normal,Bearing,1.0000,2240.9
0D.csv,Normal,Bearing,1.0000,2243.2
0D.csv,Normal,Bearing,1.0000,2243.2
0D.csv,Normal,Bearing,1.0000,2243.2
0D.csv,Normal,Bearing,1.0000,2243.2
0D.csv,Normal,Bearing,1.0000,2247.5
0D.csv,Normal,Bearing,1.0000,2247.5
0D.csv,Normal,Bearing,1.0000,2247.5
0D.csv,Normal,Bearing,1.0000,2247.5
0D.csv,Normal,Bearing,1.0000,2264.7
0D.csv,Normal,Bearing,1.0000,2264.7
0D.csv,Normal,Bearing,1.0000,2264.7
0D.csv,Normal,Bearing,1.0000,2264.7
0D.csv,Normal,Bearing,1.0000,2252.9
0D.csv,Normal,Bearing,1.0000,2252.9
0D.csv,Normal,Bearing,1.0000,2252.9
0D.csv,Normal,Bearing,1.0000,2252.9
0D.csv,Normal,Bearing,1.0000,2234.1
0D.csv,Normal,Bearing,1.0000,2234.1
0D.csv,Normal,Bearing,1.0000,2234.1
0D.csv,Normal,Bearing,1.0000,2234.1
0D.csv,Normal,Bearing,0.9999,2269.0
0D.csv,Normal,Bearing,1.0000,2269.0
0D.csv,Normal,Bearing,1.0000,2269.0
0D.csv,Normal,Bearing,1.0000,2269.0
0D.csv,Normal,Bearing,1.0000,2264.2
0D.csv,Normal,Bearing,1.0000,2264.2
0D.csv,Normal,Bearing,1.0000,2264.2
0D.csv,Normal,Bearing,1.0000,2264.2
0D.csv,Normal,Bearing,1.0000,2281.2
0D.csv,Normal,Bearing,1.0000,2281.2
0D.csv,Normal,Bearing,1.0000,2281.2
0D.csv,Normal,Bearing,1.0000,2281.2
0D.csv,Normal,Bearing,1.0000,2282.9
0D.csv,Normal,Bearing,1.0000,2282.9
0D.csv,Normal,Bearing,1.0000,2282.9
0D.csv,Normal,Bearing,1.0000,2282.9
0D.csv,Normal,Bearing,1.0000,2287.0
0D.csv,Normal,Bearing,1.0000,2287.0
0D.csv,Normal,Bearing,1.0000,2287.0
0D.csv,Normal,Bearing,1.0000,2287.0
0D.csv,Normal,Bearing,1.0000,2295.6
0D.csv,Normal,Bearing,1.0000,2295.6
0D.csv,Normal,Bearing,1.0000,2295.6
0D.csv,Normal,Bearing,1.0000,2295.6
0D.csv,Normal,Bearing,1.0000,2222.9
0D.csv,Normal,Bearing,1.0000,2222.9
0D.csv,Normal,Bearing,1.0000,2222.9
0D.csv,Normal,Bearing,1.0000,2222.9
0D.csv,Normal,Bearing,1.0000,2318.2
0D.csv,Normal,Bearing,1.0000,2318.2
0D.csv,Normal,Bearing,1.0000,2318.2
0D.csv,Normal,Bearing,1.0000,2318.2
0D.csv,Normal,Bearing,1.0000,2290.5
0D.csv,Normal,Bearing,1.0000,2290.5
0D.csv,Normal,Bearing,0.9999,2290.5
0D.csv,Normal,Bearing,1.0000,2290.5
0D.csv,Normal,Bearing,1.0000,2291.7
0D.csv,Normal,Bearing,1.0000,2291.7
0D.csv,Normal,Bearing,1.0000,2291.7
0D.csv,Normal,Bearing,1.0000,2291.7
0D.csv,Normal,Bearing,1.0000,2271.9
0D.csv,Normal,Bearing,1.0000,2271.9
0D.csv,Normal,Bearing,1.0000,2271.9
0D.csv,Normal,Bearing,1.0000,2271.9
0D.csv,Normal,Bearing,1.0000,2289.9
0D.csv,Normal,Bearing,1.0000,2289.9
0D.csv,Normal,Bearing,1.0000,2289.9
0D.csv,Normal,Bearing,1.0000,2289.9
0D.csv,Normal,Bearing,1.0000,2302.1
0D.csv,Normal,Bearing,1.0000,2302.1
0D.csv,Normal,Bearing,1.0000,2302.1
0D.csv,Normal,Bearing,1.0000,2302.1
0D.csv,Normal,Bearing,1.0000,2289.4
0D.csv,Normal,Bearing,1.0000,2289.4
0D.csv,Normal,Bearing,1.0000,2289.4
0D.csv,Normal,Bearing,1.0000,2289.4
0D.csv,Normal,Bearing,1.0000,2314.6
0D.csv,Normal,Bearing,1.0000,2314.6
0D.csv,Normal,Bearing,1.0000,2314.6
0D.csv,Normal,Bearing,1.0000,2314.6
0D.csv,Normal,Bearing,1.0000,2294.8
0D.csv,Normal,Bearing,1.0000,2294.8
0D.csv,Normal,Bearing,1.0000,2294.8
0D.csv,Normal,Bearing,1.0000,2294.8
0D.csv,Normal,Bearing,1.0000,2312.7
0D.csv,Normal,Bearing,1.0000,2312.7
0D.csv,Normal,Bearing,1.0000,2312.7
0D.csv,Normal,Bearing,1.0000,2312.7
0D.csv,Normal,Bearing,1.0000,2321.0
0D.csv,Normal,Bearing,1.0000,2321.0
0D.csv,Normal,Bearing,1.0000,2321.0
0D.csv,Normal,Bearing,1.0000,2321.0
0D.csv,Normal,Bearing,1.0000,2305.5
0D.csv,Normal,Bearing,1.0000,2305.5
0D.csv,Normal,Bearing,1.0000,2305.5
0D.csv,Normal,Bearing,1.0000,2305.5
0D.csv,Normal,Bearing,1.0000,2299.4
0D.csv,Normal,Bearing,1.0000,2299.4
0D.csv,Normal,Bearing,1.0000,2299.4
0D.csv,Normal,Bearing,1.0000,2299.4
0D.csv,Normal,Bearing,1.0000,2336.9
0D.csv,Normal,Bearing,1.0000,2336.9
0D.csv,Normal,Bearing,1.0000,2336.9
0D.csv,Normal,Bearing,1.0000,2336.9
0D.csv,Normal,Bearing,1.0000,2316.5
0D.csv,Normal,Bearing,1.0000,2316.5
0D.csv,Normal,Bearing,1.0000,2316.5
0D.csv,Normal,Bearing,1.0000,2316.5
0D.csv,Normal,Bearing,1.0000,2312.1
0D.csv,Normal,Bearing,1.0000,2312.1
0D.csv,Normal,Bearing,1.0000,2312.1
0D.csv,Normal,Bearing,1.0000,2312.1
0D.csv,Normal,Bearing,1.0000,2309.4
0D.csv,Normal,Bearing,1.0000,2309.4
0D.csv,Normal,Bearing,1.0000,2309.4
0D.csv,Normal,Bearing,1.0000,2309.4
0D.csv,Normal,Bearing,1.0000,2343.0
0D.csv,Normal,Bearing,1.0000,2343.0
0D.csv,Normal,Bearing,1.0000,2343.0
0D.csv,Normal,Bearing,1.0000,2343.0
0D.csv,Normal,Bearing,1.0000,2321.3
0D.csv,Normal,Bearing,1.0000,2321.3
0D.csv,Normal,Bearing,1.0000,2321.3
0D.csv,Normal,Bearing,1.0000,2321.3
0D.csv,Normal,Bearing,1.0000,2321.5
0D.csv,Normal,Bearing,1.0000,2321.5
0D.csv,Normal,Bearing,1.0000,2321.5
0D.csv,Normal,Bearing,1.0000,2321.5
0D.csv,Normal,Bearing,1.0000,2323.2
0D.csv,Normal,Bearing,1.0000,2323.2
0D.csv,Normal,Bearing,1.0000,2323.2
0D.csv,Normal,Bearing,1.0000,2323.2
0D.csv,Normal,Bearing,0.9995,1688.4
0D.csv,Normal,Imbalance,0.8674,1688.4
0D.csv,Normal,Imbalance,0.8299,1688.4
0D.csv,Normal,Bearing,0.8771,1688.4
0D.csv,Normal,Imbalance,0.9402,774.9
0D.csv,Normal,Bearing,0.8961,774.9
0D.csv,Normal,Imbalance,0.9535,774.9
0D.csv,Normal,Imbalance,0.9023,774.9
0D.csv,Normal,Imbalance,0.8889,783.0
0D.csv,Normal,Bearing,0.8741,783.0
0D.csv,Normal,Bearing,0.7714,783.0
0D.csv,Normal,Bearing,0.9217,783.0
0D.csv,Normal,Bearing,0.6804,768.5
0D.csv,Normal,Imbalance,0.9217,768.5
0D.csv,Normal,Imbalance,0.7257,768.5
0D.csv,Normal,Imbalance,0.5980,768.5
0D.csv,Normal,Imbalance,0.7838,784.2
0D.csv,Normal,Imbalance,0.8243,784.2
0D.csv,Normal,Imbalance,0.9211,784.2
0D.csv,Normal,Imbalance,0.8979,784.2
0D.csv,Normal,Imbalance,0.6771,786.2
0D.csv,Normal,Imbalance,0.8626,786.2
0D.csv,Normal,Imbalance,0.8275,786.2
0D.csv,Normal,Imbalance,0.7193,786.2
0D.csv,Normal,Imbalance,0.5629,791.9
0D.csv,Normal,Imbalance,0.8102,791.9
0D.csv,Normal,Imbalance,0.8798,791.9
0D.csv,Normal,Imbalance,0.5155,791.9
0D.csv,Normal,Imbalance,0.9073,770.5
0D.csv,Normal,Imbalance,0.8146,770.5
0D.csv,Normal,Imbalance,0.8116,770.5
0D.csv,Normal,Imbalance,0.5457,770.5
0D.csv,Normal,Imbalance,0.5943,791.8
0D.csv,Normal,Imbalance,0.9352,791.8
0D.csv,Normal,Imbalance,0.9859,791.8
0D.csv,Normal,Imbalance,0.9906,791.8
0D.csv,Normal,Imbalance,0.5836,788.4
0D.csv,Normal,Imbalance,0.7029,788.4
0D.csv,Normal,Imbalance,0.9307,788.4
0D.csv,Normal,Imbalance,0.9922,788.4
0D.csv,Normal,Imbalance,0.8621,798.5
0D.csv,Normal,Imbalance,0.7230,798.5
0D.csv,Normal,Bearing,0.6969,798.5
0D.csv,Normal,Bearing,0.6557,798.5
0D.csv,Normal,Imbalance,0.5255,798.9
0D.csv,Normal,Bearing,0.8596,798.9
0D.csv,Normal,Bearing,0.8841,798.9
0D.csv,Normal,Imbalance,0.7886,798.9
0D.csv,Normal,Imbalance,0.6275,802.1
0D.csv,Normal,Bearing,0.9064,802.1
0D.csv,Normal,Bearing,0.7555,802.1
0D.csv,Normal,Bearing,0.5436,802.1
0D.csv,Normal,Bearing,0.9095,804.4
0D.csv,Normal,Imbalance,0.7741,804.4
0D.csv,Normal,Imbalance,0.6096,804.4
0D.csv,Normal,Imbalance,0.7295,804.4
0D.csv,Normal,Bearing,0.5302,812.1
0D.csv,Normal,Imbalance,0.9725,812.1
0D.csv,Normal,Imbalance,0.9674,812.1
0D.csv,Normal,Imbalance,0.9174,812.1
0D.csv,Normal,Imbalance,0.9312,810.2
0D.csv,Normal,Imbalance,0.9457,810.2
0D.csv,Normal,Imbalance,0.7735,810.2
0D.csv,Normal,Imbalance,0.8849,810.2
0D.csv,Normal,Bearing,0.8737,801.4
0D.csv,Normal,Imbalance,0.7930,801.4
0D.csv,Normal,Imbalance,0.8821,801.4
0D.csv,Normal,Imbalance,0.9971,801.4
0D.csv,Normal,Imbalance,0.9614,813.9
0D.csv,Normal,Bearing,0.6380,813.9
0D.csv,Normal,Imbalance,0.8564,813.9
0D.csv,Normal,Imbalance,0.8199,813.9
0D.csv,Normal,Bearing,0.6034,814.6
0D.csv,Normal,Bearing,0.6853,814.6
0D.csv,Normal,Imbalance,0.8597,814.6
0D.csv,Normal,Imbalance,0.7946,814.6
0D.csv,Normal,Bearing,0.8347,815.8
0D.csv,Normal,Bearing,0.8356,815.8
0D.csv,Normal,Imbalance,0.5237,815.8
0D.csv,Normal,Bearing,0.9343,815.8
0D.csv,Normal,Imbalance,0.7716,824.5
0D.csv,Normal,Bearing,0.5116,824.5
0D.csv,Normal,Imbalance,0.9692,824.5
0D.csv,Normal,Bearing,0.5704,824.5
0D.csv,Normal,Imbalance,0.6295,831.6
0D.csv,Normal,Bearing,0.7531,831.6
0D.csv,Normal,Imbalance,0.8884,831.6
0D.csv,Normal,Bearing,0.5942,831.6
0D.csv,Normal,Imbalance,0.7637,824.2
0D.csv,Normal,Imbalance,0.9032,824.2
0D.csv,Normal,Imbalance,0.9774,824.2
0D.csv,Normal,Imbalance,0.9844,824.2
0D.csv,Normal,Imbalance,0.8468,826.1
0D.csv,Normal,Imbalance,0.9784,826.1
0D.csv,Normal,Imbalance,0.7288,826.1
0D.csv,Normal,Imbalance,0.9985,826.1
0D.csv,Normal,Imbalance,0.8456,834.0
0D.csv,Normal,Imbalance,0.9636,834.0
0D.csv,Normal,Imbalance,0.6000,834.0
0D.csv,Normal,Imbalance,0.9623,834.0
0D.csv,Normal,Imbalance,0.8979,827.3
0D.csv,Normal,Imbalance,0.7572,827.3
0D.csv,Normal,Imbalance,0.8996,827.3
0D.csv,Normal,Imbalance,0.7636,827.3
0D.csv,Normal,Imbalance,0.8245,823.3
0D.csv,Normal,Imbalance,0.8421,823.3
0D.csv,Normal,Bearing,0.7203,823.3
0D.csv,Normal,Bearing,0.5461,823.3
0D.csv,Normal,Imbalance,0.9542,852.5
0D.csv,Normal,Bearing,0.6655,852.5
0D.csv,Normal,Bearing,0.8415,852.5
0D.csv,Normal,Bearing,0.9579,852.5
0D.csv,Normal,Imbalance,0.9887,852.7
0D.csv,Normal,Imbalance,0.6284,852.7
0D.csv,Normal,Imbalance,0.8806,852.7
0D.csv,Normal,Imbalance,0.7063,852.7
0D.csv,Normal,Imbalance,0.9883,839.5
0D.csv,Normal,Imbalance,0.9774,839.5
0D.csv,Normal,Imbalance,0.9802,839.5
0D.csv,Normal,Imbalance,0.9947,839.5
0D.csv,Normal,Imbalance,0.9700,854.0
0D.csv,Normal,Imbalance,0.8078,854.0
0D.csv,Normal,Imbalance,0.6949,854.0
0D.csv,Normal,Imbalance,0.9131,854.0
0D.csv,Normal,Imbalance,0.8321,850.8
0D.csv,Normal,Imbalance,0.9585,850.8
0D.csv,Normal,Imbalance,0.7681,850.8
0D.csv,Normal,Bearing,0.7340,850.8
0D.csv,Normal,Bearing,0.6596,850.8
0D.csv,Normal,Bearing,0.5817,850.8
0D.csv,Normal,Imbalance,0.9740,850.8
0D.csv,Normal,Bearing,0.5694,850.8
0D.csv,Normal,Imbalance,0.9707,857.5
0D.csv,Normal,Imbalance,0.9225,857.5
0D.csv,Normal,Imbalance,0.9749,857.5
0D.csv,Normal,Imbalance,0.8868,857.5
0D.csv,Normal,Bearing,0.7293,862.8
0D.csv,Normal,Imbalance,0.9153,862.8
0D.csv,Normal,Imbalance,0.9939,862.8
0D.csv,Normal,Imbalance,0.8355,862.8
0D.csv,Normal,Imbalance,0.8042,857.6
0D.csv,Normal,Imbalance,0.9343,857.6
0D.csv,Normal,Imbalance,0.9537,857.6
0D.csv,Normal,Imbalance,0.9294,857.6
0D.csv,Normal,Imbalance,0.9099,866.8
0D.csv,Normal,Imbalance,0.9285,866.8
0D.csv,Normal,Imbalance,0.9592,866.8
0D.csv,Normal,Imbalance,0.9657,866.8
0D.csv,Normal,Imbalance,0.8974,879.3
0D.csv,Normal,Imbalance,0.8632,879.3
0D.csv,Normal,Imbalance,0.9878,879.3
0D.csv,Normal,Imbalance,0.9850,879.3
0D.csv,Normal,Imbalance,0.9795,875.2
0D.csv,Normal,Imbalance,0.9761,875.2
0D.csv,Normal,Imbalance,0.9660,875.2
0D.csv,Normal,Imbalance,0.9474,875.2
0D.csv,Normal,Imbalance,0.9666,862.0
0D.csv,Normal,Imbalance,0.9376,862.0
0D.csv,Normal,Imbalance,0.7355,862.0
0D.csv,Normal,Imbalance,0.9699,862.0
0D.csv,Normal,Imbalance,0.9253,871.3
0D.csv,Normal,Imbalance,0.9816,871.3
0D.csv,Normal,Imbalance,0.9370,871.3
0D.csv,Normal,Imbalance,0.9824,871.3
0D.csv,Normal,Imbalance,0.9765,875.9
0D.csv,Normal,Imbalance,0.9828,875.9
0D.csv,Normal,Imbalance,0.7889,875.9
0D.csv,Normal,Imbalance,0.9855,875.9
0D.csv,Normal,Imbalance,0.9797,883.3
0D.csv,Normal,Imbalance,0.9732,883.3
0D.csv,Normal,Imbalance,0.9501,883.3
0D.csv,Normal,Imbalance,0.9943,883.3
0D.csv,Normal,Imbalance,0.9282,883.7
0D.csv,Normal,Bearing,0.5250,883.7
0D.csv,Normal,Imbalance,0.9873,883.7
0D.csv,Normal,Imbalance,0.9611,883.7
0D.csv,Normal,Imbalance,0.9617,880.5
0D.csv,Normal,Imbalance,0.9518,880.5
0D.csv,Normal,Imbalance,0.9938,880.5
0D.csv,Normal,Imbalance,0.8769,880.5
0D.csv,Normal,Imbalance,0.9465,894.5
0D.csv,Normal,Imbalance,0.9972,894.5
0D.csv,Normal,Imbalance,0.9437,894.5
0D.csv,Normal,Imbalance,0.9964,894.5
0D.csv,Normal,Imbalance,0.9473,893.9
0D.csv,Normal,Imbalance,0.9973,893.9
0D.csv,Normal,Imbalance,0.9685,893.9
0D.csv,Normal,Imbalance,0.9880,893.9
0D.csv,Normal,Imbalance,0.9859,888.8
0D.csv,Normal,Imbalance,0.9555,888.8
0D.csv,Normal,Imbalance,0.9894,888.8
0D.csv,Normal,Imbalance,0.9834,888.8
0D.csv,Normal,Imbalance,0.9896,892.5
0D.csv,Normal,Imbalance,0.9908,892.5
0D.csv,Normal,Imbalance,0.9157,892.5
0D.csv,Normal,Imbalance,0.9470,892.5
0D.csv,Normal,Imbalance,0.9730,909.1
0D.csv,Normal,Imbalance,0.9947,909.1
0D.csv,Normal,Imbalance,0.9826,909.1
0D.csv,Normal,Imbalance,0.7240,909.1
0D.csv,Normal,Imbalance,0.9993,878.0
0D.csv,Normal,Imbalance,0.9884,878.0
0D.csv,Normal,Imbalance,0.9803,878.0
0D.csv,Normal,Imbalance,0.9865,878.0
0D.csv,Normal,Imbalance,0.9751,877.6
0D.csv,Normal,Imbalance,0.9704,877.6
0D.csv,Normal,Imbalance,0.9705,877.6
0D.csv,Normal,Imbalance,0.9814,877.6
0D.csv,Normal,Imbalance,0.9429,881.6
0D.csv,Normal,Imbalance,0.9682,881.6
0D.csv,Normal,Imbalance,0.9872,881.6
0D.csv,Normal,Imbalance,0.9480,881.6
0D.csv,Normal,Imbalance,0.9976,909.7
0D.csv,Normal,Imbalance,0.9971,909.7
0D.csv,Normal,Imbalance,0.9582,909.7
0D.csv,Normal,Imbalance,0.9966,909.7
0D.csv,Normal,Imbalance,0.9899,915.1
0D.csv,Normal,Imbalance,0.9854,915.1
0D.csv,Normal,Imbalance,0.9947,915.1
0D.csv,Normal,Imbalance,0.9940,915.1
0D.csv,Normal,Imbalance,0.9984,907.9
0D.csv,Normal,Imbalance,0.9978,907.9
0D.csv,Normal,Imbalance,0.9994,907.9
0D.csv,Normal,Imbalance,0.9920,907.9
0D.csv,Normal,Imbalance,0.9949,912.0
0D.csv,Normal,Imbalance,0.9980,912.0
0D.csv,Normal,Imbalance,0.9898,912.0
0D.csv,Normal,Imbalance,0.9926,912.0
0D.csv,Normal,Imbalance,0.9964,926.2
0D.csv,Normal,Imbalance,0.9907,926.2
0D.csv,Normal,Imbalance,0.9975,926.2
0D.csv,Normal,Imbalance,0.9944,926.2
0D.csv,Normal,Imbalance,0.9959,918.2
0D.csv,Normal,Imbalance,0.9965,918.2
0D.csv,Normal,Imbalance,0.9919,918.2
0D.csv,Normal,Imbalance,0.7331,918.2
0D.csv,Normal,Imbalance,0.9944,919.1
0D.csv,Normal,Imbalance,0.9895,919.1
0D.csv,Normal,Imbalance,0.9844,919.1
0D.csv,Normal,Imbalance,0.9785,919.1
0D.csv,Normal,Imbalance,0.9719,930.1
0D.csv,Normal,Imbalance,0.9941,930.1
0D.csv,Normal,Imbalance,0.9249,930.1
0D.csv,Normal,Imbalance,0.9834,930.1
0D.csv,Normal,Imbalance,0.9986,920.5
0D.csv,Normal,Imbalance,0.9943,920.5
0D.csv,Normal,Imbalance,0.9983,920.5
0D.csv,Normal,Imbalance,0.9951,920.5
0D.csv,Normal,Imbalance,0.9963,931.7
0D.csv,Normal,Imbalance,0.9891,931.7
0D.csv,Normal,Imbalance,0.9882,931.7
0D.csv,Normal,Imbalance,0.9865,931.7
0D.csv,Normal,Imbalance,0.9578,942.8
0D.csv,Normal,Imbalance,0.9922,942.8
0D.csv,Normal,Imbalance,0.9905,942.8
0D.csv,Normal,Imbalance,0.9220,942.8
0D.csv,Normal,Imbalance,0.9930,932.2
0D.csv,Normal,Imbalance,0.9946,932.2
0D.csv,Normal,Imbalance,0.9972,932.2
0D.csv,Normal,Imbalance,0.9915,932.2
0D.csv,Normal,Imbalance,0.9699,941.6
0D.csv,Normal,Imbalance,0.9985,941.6
0D.csv,Normal,Imbalance,0.9963,941.6
0D.csv,Normal,Imbalance,0.9941,941.6
0D.csv,Normal,Imbalance,0.9941,938.6
0D.csv,Normal,Imbalance,0.9973,938.6
0D.csv,Normal,Imbalance,0.9948,938.6
0D.csv,Normal,Imbalance,0.9882,938.6
0D.csv,Normal,Imbalance,0.9974,940.5
0D.csv,Normal,Imbalance,0.9983,940.5
0D.csv,Normal,Imbalance,0.9943,940.5
0D.csv,Normal,Imbalance,0.9968,940.5
0D.csv,Normal,Imbalance,0.9915,953.9
0D.csv,Normal,Imbalance,0.9964,953.9
0D.csv,Normal,Imbalance,0.9922,953.9
0D.csv,Normal,Imbalance,0.9953,953.9
0D.csv,Normal,Imbalance,0.9862,947.6
0D.csv,Normal,Imbalance,0.9920,947.6
0D.csv,Normal,Imbalance,0.9822,947.6
0D.csv,Normal,Imbalance,0.9398,947.6
0D.csv,Normal,Imbalance,0.9876,957.9
0D.csv,Normal,Imbalance,0.9979,957.9
0D.csv,Normal,Imbalance,0.9815,957.9
0D.csv,Normal,Imbalance,0.9992,957.9
0D.csv,Normal,Imbalance,0.9964,943.8
0D.csv,Normal,Imbalance,0.9690,943.8
0D.csv,Normal,Imbalance,0.9945,943.8
0D.csv,Normal,Imbalance,0.9902,943.8
0D.csv,Normal,Imbalance,0.9941,967.7
0D.csv,Normal,Imbalance,0.9968,967.7
0D.csv,Normal,Imbalance,0.9912,967.7
0D.csv,Normal,Imbalance,0.9986,967.7
0D.csv,Normal,Imbalance,0.9872,979.1
0D.csv,Normal,Imbalance,0.9944,979.1
0D.csv,Normal,Imbalance,0.9894,979.1
0D.csv,Normal,Imbalance,0.9937,979.1
0D.csv,Normal,Imbalance,0.9669,956.1
0D.csv,Normal,Imbalance,0.9951,956.1
0D.csv,Normal,Imbalance,0.9975,956.1
0D.csv,Normal,Imbalance,0.9930,956.1
0D.csv,Normal,Imbalance,0.9967,952.2
0D.csv,Normal,Imbalance,0.9980,952.2
0D.csv,Normal,Imbalance,0.9980,952.2
0D.csv,Normal,Imbalance,0.9940,952.2
0D.csv,Normal,Imbalance,0.9994,979.1
0D.csv,Normal,Imbalance,0.9975,979.1
0D.csv,Normal,Imbalance,0.9977,979.1
0D.csv,Normal,Imbalance,0.9977,979.1
0D.csv,Normal,Imbalance,0.9923,970.7
0D.csv,Normal,Imbalance,0.9989,970.7
0D.csv,Normal,Imbalance,0.9977,970.7
0D.csv,Normal,Imbalance,0.9984,970.7
0D.csv,Normal,Imbalance,0.9996,971.1
0D.csv,Normal,Imbalance,0.9985,971.1
0D.csv,Normal,Imbalance,0.9988,971.1
0D.csv,Normal,Imbalance,0.9985,971.1
0D.csv,Normal,Imbalance,0.9973,979.7
0D.csv,Normal,Imbalance,0.9975,979.7
0D.csv,Normal,Imbalance,0.9979,979.7
0D.csv,Normal,Imbalance,0.9985,979.7
0D.csv,Normal,Imbalance,0.9298,985.0
0D.csv,Normal,Imbalance,0.9941,985.0
0D.csv,Normal,Imbalance,0.9994,985.0
0D.csv,Normal,Imbalance,0.9993,985.0
0D.csv,Normal,Imbalance,0.9998,981.4
0D.csv,Normal,Imbalance,0.9989,981.4
0D.csv,Normal,Imbalance,0.9990,981.4
0D.csv,Normal,Imbalance,0.9988,981.4
0D.csv,Normal,Imbalance,0.9996,983.0
0D.csv,Normal,Imbalance,0.9990,983.0
0D.csv,Normal,Imbalance,0.9985,983.0
0D.csv,Normal,Imbalance,0.9993,983.0
0D.csv,Normal,Imbalance,0.9958,983.2
0D.csv,Normal,Imbalance,0.9980,983.2
0D.csv,Normal,Imbalance,0.9988,983.2
0D.csv,Normal,Imbalance,0.9997,983.2
0D.csv,Normal,Imbalance,0.9982,985.6
0D.csv,Normal,Imbalance,0.9986,985.6
0D.csv,Normal,Imbalance,0.9986,985.6
0D.csv,Normal,Imbalance,0.9998,985.6
0D.csv,Normal,Imbalance,0.9988,1000.3
0D.csv,Normal,Imbalance,0.9995,1000.3
0D.csv,Normal,Imbalance,0.9969,1000.3
0D.csv,Normal,Imbalance,0.9946,1000.3
0D.csv,Normal,Imbalance,0.9990,993.4
0D.csv,Normal,Imbalance,0.9983,993.4
0D.csv,Normal,Imbalance,0.9997,993.4
0D.csv,Normal,Imbalance,0.9959,993.4
0D.csv,Normal,Imbalance,0.9990,1000.6
0D.csv,Normal,Imbalance,0.9988,1000.6
0D.csv,Normal,Imbalance,0.9998,1000.6
0D.csv,Normal,Imbalance,0.9995,1000.6
0D.csv,Normal,Imbalance,0.9997,995.6
0D.csv,Normal,Imbalance,0.9994,995.6
0D.csv,Normal,Imbalance,0.9993,995.6
0D.csv,Normal,Imbalance,0.9993,995.6
0D.csv,Normal,Imbalance,0.9965,1012.8
0D.csv,Normal,Imbalance,0.9989,1012.8
0D.csv,Normal,Imbalance,0.9998,1012.8
0D.csv,Normal,Imbalance,0.9992,1012.8
0D.csv,Normal,Imbalance,0.9994,1013.3
0D.csv,Normal,Imbalance,0.9992,1013.3
0D.csv,Normal,Imbalance,0.9986,1013.3
0D.csv,Normal,Imbalance,0.9994,1013.3
0D.csv,Normal,Imbalance,0.9982,1002.1
0D.csv,Normal,Imbalance,0.9985,1002.1
0D.csv,Normal,Imbalance,0.9971,1002.1
0D.csv,Normal,Imbalance,0.9988,1002.1
0D.csv,Normal,Imbalance,0.9976,1006.4
0D.csv,Normal,Imbalance,0.9984,1006.4
0D.csv,Normal,Imbalance,0.9983,1006.4
0D.csv,Normal,Imbalance,0.9914,1006.4
0D.csv,Normal,Imbalance,0.9987,1011.1
0D.csv,Normal,Imbalance,0.9942,1011.1
0D.csv,Normal,Imbalance,0.9990,1011.1
0D.csv,Normal,Imbalance,0.9986,1011.1
0D.csv,Normal,Imbalance,0.9975,999.5
0D.csv,Normal,Imbalance,0.9960,999.5
0D.csv,Normal,Imbalance,0.9957,999.5
0D.csv,Normal,Imbalance,0.9966,999.5
0D.csv,Normal,Imbalance,0.9857,1032.5
0D.csv,Normal,Imbalance,0.9967,1032.5
0D.csv,Normal,Imbalance,0.9991,1032.5
0D.csv,Normal,Imbalance,0.9942,1032.5
0D.csv,Normal,Imbalance,0.9916,1027.8
0D.csv,Normal,Imbalance,0.9963,1027.8
0D.csv,Normal,Imbalance,0.9966,1027.8
0D.csv,Normal,Imbalance,0.9946,1027.8
0D.csv,Normal,Imbalance,0.9946,1034.4
0D.csv,Normal,Imbalance,0.9978,1034.4
0D.csv,Normal,Imbalance,0.9934,1034.4
0D.csv,Normal,Imbalance,0.9976,1034.4
0D.csv,Normal,Imbalance,0.9945,1020.5
0D.csv,Normal,Imbalance,0.9979,1020.5
0D.csv,Normal,Imbalance,0.9894,1020.5
0D.csv,Normal,Imbalance,0.9976,1020.5
0D.csv,Normal,Imbalance,0.9960,1028.4
0D.csv,Normal,Imbalance,0.9684,1028.4
0D.csv,Normal,Imbalance,0.9990,1028.4
0D.csv,Normal,Imbalance,0.9976,1028.4
0D.csv,Normal,Imbalance,0.9855,1026.8
0D.csv,Normal,Imbalance,0.9967,1026.8
0D.csv,Normal,Imbalance,0.9940,1026.8
0D.csv,Normal,Imbalance,0.9528,1026.8
0D.csv,Normal,Imbalance,0.9975,1034.6
0D.csv,Normal,Imbalance,0.9977,1034.6
0D.csv,Normal,Imbalance,0.9689,1034.6
0D.csv,Normal,Imbalance,0.9781,1034.6
0D.csv,Normal,Imbalance,0.9978,1037.1
0D.csv,Normal,Imbalance,0.9980,1037.1
0D.csv,Normal,Imbalance,0.9983,1037.1
0D.csv,Normal,Imbalance,0.9962,1037.1
0D.csv,Normal,Imbalance,0.9968,1032.9
0D.csv,Normal,Imbalance,0.9944,1032.9
0D.csv,Normal,Imbalance,0.9977,1032.9
0D.csv,Normal,Imbalance,0.9803,1032.9
0D.csv,Normal,Imbalance,0.9966,1038.1
0D.csv,Normal,Imbalance,0.9896,1038.1
0D.csv,Normal,Imbalance,0.9981,1038.1
0D.csv,Normal,Imbalance,0.9951,1038.1
0D.csv,Normal,Imbalance,0.9921,1061.4
0D.csv,Normal,Imbalance,0.9833,1061.4
0D.csv,Normal,Imbalance,0.9865,1061.4
0D.csv,Normal,Imbalance,0.9876,1061.4
0D.csv,Normal,Imbalance,0.9882,1049.5
0D.csv,Normal,Imbalance,0.9950,1049.5
0D.csv,Normal,Imbalance,0.9941,1049.5
0D.csv,Normal,Imbalance,0.9529,1049.5
0D.csv,Normal,Imbalance,0.9831,1036.2
0D.csv,Normal,Imbalance,0.9973,1036.2
0D.csv,Normal,Imbalance,0.9718,1036.2
0D.csv,Normal,Imbalance,0.9451,1036.2
0D.csv,Normal,Imbalance,0.9967,1064.3
0D.csv,Normal,Imbalance,0.9599,1064.3
0D.csv,Normal,Imbalance,0.9559,1064.3
0D.csv,Normal,Imbalance,0.9501,1064.3
0D.csv,Normal,Imbalance,0.9963,1057.1
0D.csv,Normal,Imbalance,0.9970,1057.1
0D.csv,Normal,Imbalance,0.9992,1057.1
0D.csv,Normal,Imbalance,0.9945,1057.1
0D.csv,Normal,Imbalance,0.9746,1055.2
0D.csv,Normal,Imbalance,0.9905,1055.2
0D.csv,Normal,Imbalance,0.9984,1055.2
0D.csv,Normal,Imbalance,0.9589,1055.2
0D.csv,Normal,Imbalance,0.9883,1057.6
0D.csv,Normal,Imbalance,0.9969,1057.6
0D.csv,Normal,Imbalance,0.9974,1057.6
0D.csv,Normal,Imbalance,0.9966,1057.6
0D.csv,Normal,Imbalance,0.9941,1071.6
0D.csv,Normal,Imbalance,0.9041,1071.6
0D.csv,Normal,Imbalance,0.9429,1071.6
0D.csv,Normal,Imbalance,0.9927,1071.6
0D.csv,Normal,Imbalance,0.9885,1074.9
0D.csv,Normal,Imbalance,0.9885,1074.9
0D.csv,Normal,Imbalance,0.9716,1074.9
0D.csv,Normal,Imbalance,0.9970,1074.9
0D.csv,Normal,Imbalance,0.9935,1064.8
0D.csv,Normal,Imbalance,0.9986,1064.8
0D.csv,Normal,Imbalance,0.9882,1064.8
0D.csv,Normal,Imbalance,0.9963,1064.8
0D.csv,Normal,Imbalance,0.9989,1074.7
0D.csv,Normal,Imbalance,0.9992,1074.7
0D.csv,Normal,Imbalance,0.9952,1074.7
0D.csv,Normal,Imbalance,0.9981,1074.7
0D.csv,Normal,Imbalance,0.9916,1070.1
0D.csv,Normal,Imbalance,0.9572,1070.1
0D.csv,Normal,Imbalance,0.9601,1070.1
0D.csv,Normal,Imbalance,0.9956,1070.1
0D.csv,Normal,Imbalance,0.9848,1052.7
0D.csv,Normal,Imbalance,0.9950,1052.7
0D.csv,Normal,Imbalance,0.9979,1052.7
0D.csv,Normal,Imbalance,0.9940,1052.7
0D.csv,Normal,Imbalance,0.9636,1053.0
0D.csv,Normal,Imbalance,0.9994,1053.0
0D.csv,Normal,Imbalance,0.9849,1053.0
0D.csv,Normal,Imbalance,0.9789,1053.0
0D.csv,Normal,Imbalance,0.9054,1052.2
0D.csv,Normal,Imbalance,0.9902,1052.2
0D.csv,Normal,Imbalance,0.9924,1052.2
0D.csv,Normal,Imbalance,0.9934,1052.2
0D.csv,Normal,Imbalance,0.9972,1064.3
0D.csv,Normal,Imbalance,0.9763,1064.3
0D.csv,Normal,Imbalance,0.9857,1064.3
0D.csv,Normal,Imbalance,0.9939,1064.3
0D.csv,Normal,Imbalance,0.9691,1089.9
0D.csv,Normal,Imbalance,0.9887,1089.9
0D.csv,Normal,Imbalance,0.9181,1089.9
0D.csv,Normal,Imbalance,0.9289,1089.9
0D.csv,Normal,Imbalance,0.9885,1099.0
0D.csv,Normal,Imbalance,0.9962,1099.0
0D.csv,Normal,Imbalance,0.9830,1099.0
0D.csv,Normal,Imbalance,0.9927,1099.0
0D.csv,Normal,Imbalance,0.9744,1096.0
0D.csv,Normal,Imbalance,0.9931,1096.0
0D.csv,Normal,Imbalance,0.9948,1096.0
0D.csv,Normal,Imbalance,0.9972,1096.0
0D.csv,Normal,Imbalance,0.9807,1090.3
0D.csv,Normal,Imbalance,0.9627,1090.3
0D.csv,Normal,Imbalance,0.9904,1090.3
0D.csv,Normal,Imbalance,0.9909,1090.3
0D.csv,Normal,Imbalance,0.9895,1107.4
0D.csv,Normal,Imbalance,0.9805,1107.4
0D.csv,Normal,Imbalance,0.9926,1107.4
0D.csv,Normal,Imbalance,0.9907,1107.4
0D.csv,Normal,Imbalance,0.9970,1097.0
0D.csv,Normal,Imbalance,0.9255,1097.0
0D.csv,Normal,Imbalance,0.9922,1097.0
0D.csv,Normal,Imbalance,0.9889,1097.0
0D.csv,Normal,Imbalance,0.9904,1099.4
0D.csv,Normal,Imbalance,0.9968,1099.4
0D.csv,Normal,Imbalance,0.9011,1099.4
0D.csv,Normal,Imbalance,0.9942,1099.4
0D.csv,Normal,Imbalance,0.9829,1104.1
0D.csv,Normal,Imbalance,0.8290,1104.1
0D.csv,Normal,Imbalance,0.9891,1104.1
0D.csv,Normal,Imbalance,0.9374,1104.1
0D.csv,Normal,Imbalance,0.9874,1127.2
0D.csv,Normal,Imbalance,0.9859,1127.2
0D.csv,Normal,Imbalance,0.9497,1127.2
0D.csv,Normal,Imbalance,0.9818,1127.2
0D.csv,Normal,Imbalance,0.9767,1114.2
0D.csv,Normal,Imbalance,0.9916,1114.2
0D.csv,Normal,Imbalance,0.9153,1114.2
0D.csv,Normal,Imbalance,0.9948,1114.2
0D.csv,Normal,Imbalance,0.8718,1097.3
0D.csv,Normal,Imbalance,0.9945,1097.3
0D.csv,Normal,Imbalance,0.9960,1097.3
0D.csv,Normal,Imbalance,0.9954,1097.3
0D.csv,Normal,Imbalance,0.9691,1117.1
0D.csv,Normal,Imbalance,0.9877,1117.1
0D.csv,Normal,Imbalance,0.9932,1117.1
0D.csv,Normal,Imbalance,0.9937,1117.1
0D.csv,Normal,Imbalance,0.9970,1128.1
0D.csv,Normal,Imbalance,0.9778,1128.1
0D.csv,Normal,Imbalance,0.9467,1128.1
0D.csv,Normal,Imbalance,0.9836,1128.1
0D.csv,Normal,Imbalance,0.9929,1120.5
0D.csv,Normal,Imbalance,0.9922,1120.5
0D.csv,Normal,Imbalance,0.9395,1120.5
0D.csv,Normal,Imbalance,0.9895,1120.5
0D.csv,Normal,Imbalance,0.9793,1350.6
0D.csv,Normal,Imbalance,0.9946,1350.6
0D.csv,Normal,Imbalance,0.9926,1350.6
0D.csv,Normal,Imbalance,0.9531,1350.6
0D.csv,Normal,Imbalance,0.9890,1122.0
0D.csv,Normal,Imbalance,0.9867,1122.0
0D.csv,Normal,Imbalance,0.9949,1122.0
0D.csv,Normal,Imbalance,0.9896,1122.0
0D.csv,Normal,Imbalance,0.9879,1141.0
0D.csv,Normal,Imbalance,0.9815,1141.0
0D.csv,Normal,Imbalance,0.9924,1141.0
0D.csv,Normal,Imbalance,0.8886,1141.0
0D.csv,Normal,Imbalance,0.9945,1128.6
0D.csv,Normal,Imbalance,0.9819,1128.6
0D.csv,Normal,Imbalance,0.9625,1128.6
0D.csv,Normal,Imbalance,0.9901,1128.6
0D.csv,Normal,Imbalance,0.9790,1145.9
0D.csv,Normal,Imbalance,0.9902,1145.9
0D.csv,Normal,Imbalance,0.9795,1145.9
0D.csv,Normal,Imbalance,0.9653,1145.9
0D.csv,Normal,Imbalance,0.9955,1137.5
0D.csv,Normal,Imbalance,0.9712,1137.5
0D.csv,Normal,Imbalance,0.9869,1137.5
0D.csv,Normal,Imbalance,0.9609,1137.5
0D.csv,Normal,Imbalance,0.9906,1114.4
0D.csv,Normal,Imbalance,0.9939,1114.4
0D.csv,Normal,Imbalance,0.9909,1114.4
0D.csv,Normal,Imbalance,0.9843,1114.4
0D.csv,Normal,Imbalance,0.9942,1144.1
0D.csv,Normal,Imbalance,0.9733,1144.1
0D.csv,Normal,Imbalance,0.9869,1144.1
0D.csv,Normal,Imbalance,0.9832,1144.1
0D.csv,Normal,Imbalance,0.7022,1159.0
0D.csv,Normal,Imbalance,0.9115,1159.0
0D.csv,Normal,Imbalance,0.9902,1159.0
0D.csv,Normal,Imbalance,0.9563,1159.0
0D.csv,Normal,Imbalance,0.9150,1148.7
0D.csv,Normal,Imbalance,0.9007,1148.7
0D.csv,Normal,Imbalance,0.8010,1148.7
0D.csv,Normal,Imbalance,0.9926,1148.7
0D.csv,Normal,Imbalance,0.9360,1159.6
0D.csv,Normal,Imbalance,0.9840,1159.6
0D.csv,Normal,Imbalance,0.9671,1159.6
0D.csv,Normal,Imbalance,0.9681,1159.6
0D.csv,Normal,Imbalance,0.9814,1149.2
0D.csv,Normal,Imbalance,0.9244,1149.2
0D.csv,Normal,Imbalance,0.9983,1149.2
0D.csv,Normal,Imbalance,0.9377,1149.2
0D.csv,Normal,Imbalance,0.9104,1162.5
0D.csv,Normal,Imbalance,0.9882,1162.5
0D.csv,Normal,Imbalance,0.9860,1162.5
0D.csv,Normal,Imbalance,0.9346,1162.5
0D.csv,Normal,Imbalance,0.9060,1154.3
0D.csv,Normal,Imbalance,0.9573,1154.3
0D.csv,Normal,Imbalance,0.7857,1154.3
0D.csv,Normal,Imbalance,0.8829,1154.3
0D.csv,Normal,Imbalance,0.9801,1163.0
0D.csv,Normal,Imbalance,0.8881,1163.0
0D.csv,Normal,Imbalance,0.9907,1163.0
0D.csv,Normal,Imbalance,0.9375,1163.0
0D.csv,Normal,Imbalance,0.9949,1162.8
0D.csv,Normal,Imbalance,0.9274,1162.8
0D.csv,Normal,Imbalance,0.9491,1162.8
0D.csv,Normal,Imbalance,0.9725,1162.8
0D.csv,Normal,Imbalance,0.9624,1162.7
0D.csv,Normal,Imbalance,0.8808,1162.7
0D.csv,Normal,Imbalance,0.9495,1162.7
0D.csv,Normal,Imbalance,0.8989,1162.7
0D.csv,Normal,Imbalance,0.9846,1174.6
0D.csv,Normal,Imbalance,0.9878,1174.6
0D.csv,Normal,Imbalance,0.9825,1174.6
0D.csv,Normal,Imbalance,0.9550,1174.6
0D.csv,Normal,Imbalance,0.9396,1171.1
0D.csv,Normal,Imbalance,0.9742,1171.1
0D.csv,Normal,Imbalance,0.8760,1171.1
0D.csv,Normal,Imbalance,0.8684,1171.1
0D.csv,Normal,Imbalance,0.9677,1180.7
0D.csv,Normal,Imbalance,0.9601,1180.7
0D.csv,Normal,Imbalance,0.9888,1180.7
0D.csv,Normal,Imbalance,0.9660,1180.7
0D.csv,Normal,Imbalance,0.9969,1173.9
0D.csv,Normal,Imbalance,0.9243,1173.9
0D.csv,Normal,Imbalance,0.9828,1173.9
0D.csv,Normal,Imbalance,0.9734,1173.9
0D.csv,Normal,Imbalance,0.9189,1174.4
0D.csv,Normal,Imbalance,0.9822,1174.4
0D.csv,Normal,Imbalance,0.9925,1174.4
0D.csv,Normal,Imbalance,0.9952,1174.4
0D.csv,Normal,Imbalance,0.9859,1195.2
0D.csv,Normal,Imbalance,0.9780,1195.2
0D.csv,Normal,Imbalance,0.9423,1195.2
0D.csv,Normal,Imbalance,0.9860,1195.2
0D.csv,Normal,Imbalance,0.9956,1194.2
0D.csv,Normal,Imbalance,0.9936,1194.2
0D.csv,Normal,Imbalance,0.9883,1194.2
0D.csv,Normal,Imbalance,0.8255,1194.2
0D.csv,Normal,Imbalance,0.9520,1191.7
0D.csv,Normal,Imbalance,0.8708,1191.7
0D.csv,Normal,Imbalance,0.9928,1191.7
0D.csv,Normal,Imbalance,0.9945,1191.7
0D.csv,Normal,Imbalance,0.8117,1195.4
0D.csv,Normal,Imbalance,0.9170,1195.4
0D.csv,Normal,Imbalance,0.9965,1195.4
0D.csv,Normal,Imbalance,0.9916,1195.4
0D.csv,Normal,Imbalance,0.9753,1180.4
0D.csv,Normal,Imbalance,0.9972,1180.4
0D.csv,Normal,Imbalance,0.9906,1180.4
0D.csv,Normal,Imbalance,0.9859,1180.4
0D.csv,Normal,Imbalance,0.9960,1207.9
0D.csv,Normal,Imbalance,0.9781,1207.9
0D.csv,Normal,Imbalance,0.9822,1207.9
0D.csv,Normal,Imbalance,0.9963,1207.9
0D.csv,Normal,Imbalance,0.9580,1206.9
0D.csv,Normal,Imbalance,0.9764,1206.9
0D.csv,Normal,Imbalance,0.9972,1206.9
0D.csv,Normal,Imbalance,0.9851,1206.9
0D.csv,Normal,Imbalance,0.9941,1185.7
0D.csv,Normal,Imbalance,0.9824,1185.7
0D.csv,Normal,Imbalance,0.9753,1185.7
0D.csv,Normal,Imbalance,0.9901,1185.7
0D.csv,Normal,Imbalance,0.9557,1220.1
0D.csv,Normal,Imbalance,0.9487,1220.1
0D.csv,Normal,Imbalance,0.8621,1220.1
0D.csv,Normal,Imbalance,0.7569,1220.1
0D.csv,Normal,Imbalance,0.9786,1194.4
0D.csv,Normal,Imbalance,0.9920,1194.4
0D.csv,Normal,Imbalance,0.9855,1194.4
0D.csv,Normal,Imbalance,0.9886,1194.4
0D.csv,Normal,Imbalance,0.9937,1223.4
0D.csv,Normal,Imbalance,0.9833,1223.4
0D.csv,Normal,Imbalance,0.9406,1223.4
0D.csv,Normal,Imbalance,0.9849,1223.4
0D.csv,Normal,Imbalance,0.9910,1198.5
0D.csv,Normal,Imbalance,0.9916,1198.5
0D.csv,Normal,Imbalance,0.9795,1198.5
0D.csv,Normal,Imbalance,0.9740,1198.5
0D.csv,Normal,Imbalance,0.9845,1205.3
0D.csv,Normal,Imbalance,0.9799,1205.3
0D.csv,Normal,Imbalance,0.9800,1205.3
0D.csv,Normal,Imbalance,0.9861,1205.3
0D.csv,Normal,Imbalance,0.9905,1213.1
0D.csv,Normal,Imbalance,0.9912,1213.1
0D.csv,Normal,Imbalance,0.9833,1213.1
0D.csv,Normal,Imbalance,0.9788,1213.1
0D.csv,Normal,Imbalance,0.9814,1215.8
0D.csv,Normal,Imbalance,0.9936,1215.8
0D.csv,Normal,Imbalance,0.9486,1215.8
0D.csv,Normal,Imbalance,0.9050,1215.8
0D.csv,Normal,Imbalance,0.9907,1220.0
0D.csv,Normal,Imbalance,0.9737,1220.0
0D.csv,Normal,Imbalance,0.9921,1220.0
0D.csv,Normal,Imbalance,0.9933,1220.0
0D.csv,Normal,Imbalance,0.9874,1223.0
0D.csv,Normal,Imbalance,0.9862,1223.0
0D.csv,Normal,Imbalance,0.9920,1223.0
0D.csv,Normal,Imbalance,0.9751,1223.0
0D.csv,Normal,Imbalance,0.9670,1234.0
0D.csv,Normal,Imbalance,0.9876,1234.0
0D.csv,Normal,Imbalance,0.9825,1234.0
0D.csv,Normal,Imbalance,0.9978,1234.0
0D.csv,Normal,Imbalance,0.9916,1226.7
0D.csv,Normal,Imbalance,0.9792,1226.7
0D.csv,Normal,Imbalance,0.9902,1226.7
0D.csv,Normal,Imbalance,0.9896,1226.7
0D.csv,Normal,Imbalance,0.9773,1227.4
0D.csv,Normal,Imbalance,0.9820,1227.4
0D.csv,Normal,Imbalance,0.9910,1227.4
0D.csv,Normal,Imbalance,0.9956,1227.4
0D.csv,Normal,Imbalance,0.9808,1237.9
0D.csv,Normal,Imbalance,0.9841,1237.9
0D.csv,Normal,Imbalance,0.9932,1237.9
0D.csv,Normal,Imbalance,0.9924,1237.9
0D.csv,Normal,Imbalance,0.9870,1245.4
0D.csv,Normal,Imbalance,0.9956,1245.4
0D.csv,Normal,Imbalance,0.9755,1245.4
0D.csv,Normal,Imbalance,0.9754,1245.4
0D.csv,Normal,Imbalance,0.8749,1236.8
0D.csv,Normal,Imbalance,0.9689,1236.8
0D.csv,Normal,Imbalance,0.9916,1236.8
0D.csv,Normal,Imbalance,0.9549,1236.8
0D.csv,Normal,Imbalance,0.9819,1229.3
0D.csv,Normal,Imbalance,0.9734,1229.3
0D.csv,Normal,Imbalance,0.9694,1229.3
0D.csv,Normal,Imbalance,0.9871,1229.3
0D.csv,Normal,Imbalance,0.9968,1255.2
0D.csv,Normal,Imbalance,0.9973,1255.2
0D.csv,Normal,Imbalance,0.9942,1255.2
0D.csv,Normal,Imbalance,0.9130,1255.2
0D.csv,Normal,Imbalance,0.9724,1255.9
0D.csv,Normal,Imbalance,0.9989,1255.9
0D.csv,Normal,Imbalance,0.9897,1255.9
0D.csv,Normal,Imbalance,0.9719,1255.9
0D.csv,Normal,Imbalance,0.9882,1248.7
0D.csv,Normal,Imbalance,0.9726,1248.7
0D.csv,Normal,Imbalance,0.9853,1248.7
0D.csv,Normal,Imbalance,0.9974,1248.7
0D.csv,Normal,Imbalance,0.9647,1258.4
0D.csv,Normal,Imbalance,0.9958,1258.4
0D.csv,Normal,Imbalance,0.9930,1258.4
0D.csv,Normal,Imbalance,0.9965,1258.4
0D.csv,Normal,Imbalance,0.9980,1268.7
0D.csv,Normal,Imbalance,0.9920,1268.7
0D.csv,Normal,Imbalance,0.9951,1268.7
0D.csv,Normal,Imbalance,0.8850,1268.7
0D.csv,Normal,Imbalance,0.9838,1268.0
0D.csv,Normal,Imbalance,0.9898,1268.0
0D.csv,Normal,Imbalance,0.9827,1268.0
0D.csv,Normal,Imbalance,0.9680,1268.0
0D.csv,Normal,Imbalance,0.9868,1268.5
0D.csv,Normal,Imbalance,0.9889,1268.5
0D.csv,Normal,Imbalance,0.9235,1268.5
0D.csv,Normal,Imbalance,0.9979,1268.5
0D.csv,Normal,Imbalance,0.9975,1271.5
0D.csv,Normal,Imbalance,0.9847,1271.5
0D.csv,Normal,Imbalance,0.9856,1271.5
0D.csv,Normal,Imbalance,0.9959,1271.5
0D.csv,Normal,Imbalance,0.9788,1268.5
0D.csv,Normal,Imbalance,0.9933,1268.5
0D.csv,Normal,Imbalance,0.9773,1268.5
0D.csv,Normal,Imbalance,0.9988,1268.5
0D.csv,Normal,Imbalance,0.9801,1268.7
0D.csv,Normal,Imbalance,0.9939,1268.7
0D.csv,Normal,Imbalance,0.9906,1268.7
0D.csv,Normal,Imbalance,0.9968,1268.7
0D.csv,Normal,Imbalance,0.9867,1276.6
0D.csv,Normal,Imbalance,0.9951,1276.6
0D.csv,Normal,Imbalance,0.9984,1276.6
0D.csv,Normal,Imbalance,0.9504,1276.6
0D.csv,Normal,Imbalance,0.9981,1270.4
0D.csv,Normal,Imbalance,0.9902,1270.4
0D.csv,Normal,Imbalance,0.9918,1270.4
0D.csv,Normal,Imbalance,0.9965,1270.4
0D.csv,Normal,Imbalance,0.9962,1287.3
0D.csv,Normal,Imbalance,0.9969,1287.3
0D.csv,Normal,Imbalance,0.9987,1287.3
0D.csv,Normal,Imbalance,0.9992,1287.3
0D.csv,Normal,Imbalance,0.9979,1275.5
0D.csv,Normal,Imbalance,0.9983,1275.5
0D.csv,Normal,Imbalance,0.9953,1275.5
0D.csv,Normal,Imbalance,0.9955,1275.5
0D.csv,Normal,Imbalance,0.9981,1278.1
0D.csv,Normal,Imbalance,0.9661,1278.1
0D.csv,Normal,Imbalance,0.9826,1278.1
0D.csv,Normal,Imbalance,0.9833,1278.1
0D.csv,Normal,Imbalance,0.9975,1280.6
0D.csv,Normal,Imbalance,0.9532,1280.6
0D.csv,Normal,Imbalance,0.9978,1280.6
0D.csv,Normal,Imbalance,0.9964,1280.6
0D.csv,Normal,Imbalance,0.9980,1292.1
0D.csv,Normal,Imbalance,0.9924,1292.1
0D.csv,Normal,Imbalance,0.9914,1292.1
0D.csv,Normal,Imbalance,0.9469,1292.1
0D.csv,Normal,Imbalance,0.9977,1281.6
0D.csv,Normal,Imbalance,0.9918,1281.6
0D.csv,Normal,Imbalance,0.9796,1281.6
0D.csv,Normal,Imbalance,0.9931,1281.6
0D.csv,Normal,Imbalance,0.9947,1308.3
0D.csv,Normal,Imbalance,0.9867,1308.3
0D.csv,Normal,Imbalance,0.9959,1308.3
0D.csv,Normal,Imbalance,0.9836,1308.3
0D.csv,Normal,Imbalance,0.9878,1301.6
0D.csv,Normal,Imbalance,0.9940,1301.6
0D.csv,Normal,Imbalance,0.9970,1301.6
0D.csv,Normal,Imbalance,0.9855,1301.6
0D.csv,Normal,Imbalance,0.9964,1297.2
0D.csv,Normal,Imbalance,0.9643,1297.2
0D.csv,Normal,Imbalance,0.9934,1297.2
0D.csv,Normal,Imbalance,0.9947,1297.2
0D.csv,Normal,Imbalance,0.9882,1308.8
0D.csv,Normal,Imbalance,0.9896,1308.8
0D.csv,Normal,Imbalance,0.9400,1308.8
0D.csv,Normal,Imbalance,0.9776,1308.8
0D.csv,Normal,Imbalance,0.9943,1289.3
0D.csv,Normal,Imbalance,0.9926,1289.3
0D.csv,Normal,Imbalance,0.9931,1289.3
0D.csv,Normal,Imbalance,0.9731,1289.3
0D.csv,Normal,Imbalance,0.9969,1314.9
0D.csv,Normal,Imbalance,0.9971,1314.9
0D.csv,Normal,Imbalance,0.9853,1314.9
0D.csv,Normal,Imbalance,0.9916,1314.9
0D.csv,Normal,Imbalance,0.9978,1307.3
0D.csv,Normal,Imbalance,0.9753,1307.3
0D.csv,Normal,Imbalance,0.9883,1307.3
0D.csv,Normal,Imbalance,0.9959,1307.3
0D.csv,Normal,Imbalance,0.9972,1318.9
0D.csv,Normal,Imbalance,0.9963,1318.9
0D.csv,Normal,Imbalance,0.9945,1318.9
0D.csv,Normal,Imbalance,0.9978,1318.9
0D.csv,Normal,Imbalance,0.9834,1311.4
0D.csv,Normal,Imbalance,0.9670,1311.4
0D.csv,Normal,Imbalance,0.9861,1311.4
0D.csv,Normal,Imbalance,0.9890,1311.4
0D.csv,Normal,Imbalance,0.9790,1329.2
0D.csv,Normal,Imbalance,0.9952,1329.2
0D.csv,Normal,Imbalance,0.9963,1329.2
0D.csv,Normal,Imbalance,0.9542,1329.2
0D.csv,Normal,Imbalance,0.9809,1333.2
0D.csv,Normal,Imbalance,0.9959,1333.2
0D.csv,Normal,Imbalance,0.9891,1333.2
0D.csv,Normal,Imbalance,0.9968,1333.2
0D.csv,Normal,Imbalance,0.9779,1345.1
0D.csv,Normal,Imbalance,0.9644,1345.1
0D.csv,Normal,Imbalance,0.8192,1345.1
0D.csv,Normal,Imbalance,0.9965,1345.1
0D.csv,Normal,Imbalance,0.9790,1324.9
0D.csv,Normal,Imbalance,0.9940,1324.9
0D.csv,Normal,Imbalance,0.9963,1324.9
0D.csv,Normal,Imbalance,0.9956,1324.9
0D.csv,Normal,Imbalance,0.9945,1301.5
0D.csv,Normal,Imbalance,0.9925,1301.5
0D.csv,Normal,Imbalance,0.9968,1301.5
0D.csv,Normal,Imbalance,0.9962,1301.5
0D.csv,Normal,Imbalance,0.9823,1339.3
0D.csv,Normal,Imbalance,0.9834,1339.3
0D.csv,Normal,Imbalance,0.9962,1339.3
0D.csv,Normal,Imbalance,0.9982,1339.3
0D.csv,Normal,Imbalance,0.9934,1340.1
0D.csv,Normal,Imbalance,0.9969,1340.1
0D.csv,Normal,Imbalance,0.9933,1340.1
0D.csv,Normal,Imbalance,0.9849,1340.1
0D.csv,Normal,Imbalance,0.9771,1331.9
0D.csv,Normal,Imbalance,0.9954,1331.9
0D.csv,Normal,Imbalance,0.9843,1331.9
0D.csv,Normal,Imbalance,0.9889,1331.9
0D.csv,Normal,Imbalance,0.9953,1336.1
0D.csv,Normal,Imbalance,0.9364,1336.1
0D.csv,Normal,Imbalance,0.9990,1336.1
0D.csv,Normal,Imbalance,0.9839,1336.1
0D.csv,Normal,Imbalance,0.9957,1351.3
0D.csv,Normal,Imbalance,0.9887,1351.3
0D.csv,Normal,Imbalance,0.9854,1351.3
0D.csv,Normal,Imbalance,0.9931,1351.3
0D.csv,Normal,Imbalance,0.9715,1350.9
0D.csv,Normal,Imbalance,0.9568,1350.9
0D.csv,Normal,Imbalance,0.9869,1350.9
0D.csv,Normal,Imbalance,0.9957,1350.9
0D.csv,Normal,Imbalance,0.9899,1350.9
0D.csv,Normal,Imbalance,0.9897,1350.9
0D.csv,Normal,Imbalance,0.9989,1350.9
0D.csv,Normal,Imbalance,0.9984,1350.9
0D.csv,Normal,Imbalance,0.9991,1343.6
0D.csv,Normal,Imbalance,0.9793,1343.6
0D.csv,Normal,Imbalance,0.9942,1343.6
0D.csv,Normal,Imbalance,0.9920,1343.6
0D.csv,Normal,Imbalance,0.9324,1353.6
0D.csv,Normal,Imbalance,0.9928,1353.6
0D.csv,Normal,Imbalance,0.9873,1353.6
0D.csv,Normal,Imbalance,0.9941,1353.6
0D.csv,Normal,Imbalance,0.9808,1353.1
0D.csv,Normal,Imbalance,0.9936,1353.1
0D.csv,Normal,Imbalance,0.9833,1353.1
0D.csv,Normal,Imbalance,0.9904,1353.1
0D.csv,Normal,Imbalance,0.9958,1349.6
0D.csv,Normal,Imbalance,0.9710,1349.6
0D.csv,Normal,Imbalance,0.9963,1349.6
0D.csv,Normal,Imbalance,0.9806,1349.6
0D.csv,Normal,Imbalance,0.9854,1356.9
0D.csv,Normal,Imbalance,0.9743,1356.9
0D.csv,Normal,Imbalance,0.9919,1356.9
0D.csv,Normal,Imbalance,0.9972,1356.9
0D.csv,Normal,Imbalance,0.9921,1368.4
0D.csv,Normal,Imbalance,0.9983,1368.4
0D.csv,Normal,Imbalance,0.9475,1368.4
0D.csv,Normal,Imbalance,0.9973,1368.4
0D.csv,Normal,Imbalance,0.9851,1352.8
0D.csv,Normal,Imbalance,0.9941,1352.8
0D.csv,Normal,Imbalance,0.9810,1352.8
0D.csv,Normal,Imbalance,0.9977,1352.8
0D.csv,Normal,Imbalance,0.9827,1351.9
0D.csv,Normal,Imbalance,0.9660,1351.9
0D.csv,Normal,Imbalance,0.9891,1351.9
0D.csv,Normal,Imbalance,0.9784,1351.9
0D.csv,Normal,Imbalance,0.9407,1355.9
0D.csv,Normal,Imbalance,0.9622,1355.9
0D.csv,Normal,Imbalance,0.9773,1355.9
0D.csv,Normal,Imbalance,0.9716,1355.9
0D.csv,Normal,Imbalance,0.7381,1401.6
0D.csv,Normal,Imbalance,0.9840,1401.6
0D.csv,Normal,Imbalance,0.9535,1401.6
0D.csv,Normal,Imbalance,0.8669,1401.6
0D.csv,Normal,Imbalance,0.9900,1375.4
0D.csv,Normal,Imbalance,0.9739,1375.4
0D.csv,Normal,Imbalance,0.7906,1375.4
0D.csv,Normal,Imbalance,0.9935,1375.4
0D.csv,Normal,Imbalance,0.9639,1365.4
0D.csv,Normal,Imbalance,0.9640,1365.4
0D.csv,Normal,Imbalance,0.9620,1365.4
0D.csv,Normal,Imbalance,0.9782,1365.4
0D.csv,Normal,Imbalance,0.8543,1406.0
0D.csv,Normal,Imbalance,0.8458,1406.0
0D.csv,Normal,Imbalance,0.6768,1406.0
0D.csv,Normal,Imbalance,0.9205,1406.0
0D.csv,Normal,Imbalance,0.9698,1376.2
0D.csv,Normal,Imbalance,0.9625,1376.2
0D.csv,Normal,Imbalance,0.9811,1376.2
0D.csv,Normal,Imbalance,0.9770,1376.2
0D.csv,Normal,Bearing,0.6193,1402.1
0D.csv,Normal,Imbalance,0.8822,1402.1
0D.csv,Normal,Imbalance,0.8536,1402.1
0D.csv,Normal,Bearing,0.7374,1402.1
0D.csv,Normal,Imbalance,0.9465,1375.6
0D.csv,Normal,Imbalance,0.7317,1375.6
0D.csv,Normal,Imbalance,0.9605,1375.6
0D.csv,Normal,Imbalance,0.9390,1375.6
0D.csv,Normal,Imbalance,0.9761,1394.0
0D.csv,Normal,Imbalance,0.7810,1394.0
0D.csv,Normal,Imbalance,0.8586,1394.0
0D.csv,Normal,Bearing,0.5049,1394.0
0D.csv,Normal,Imbalance,0.6703,1392.3
0D.csv,Normal,Imbalance,0.6257,1392.3
0D.csv,Normal,Imbalance,0.6740,1392.3
0D.csv,Normal,Imbalance,0.5216,1392.3
0D.csv,Normal,Imbalance,0.9279,1408.1
0D.csv,Normal,Imbalance,0.9596,1408.1
0D.csv,Normal,Imbalance,0.5064,1408.1
0D.csv,Normal,Imbalance,0.8050,1408.1
0D.csv,Normal,Imbalance,0.7546,1393.0
0D.csv,Normal,Imbalance,0.6904,1393.0
0D.csv,Normal,Imbalance,0.5340,1393.0
0D.csv,Normal,Imbalance,0.9615,1393.0
0D.csv,Normal,Bearing,0.6330,1408.9
0D.csv,Normal,Bearing,0.5029,1408.9
0D.csv,Normal,Imbalance,0.9830,1408.9
0D.csv,Normal,Bearing,0.5671,1408.9
0D.csv,Normal,Bearing,0.5656,1394.2
0D.csv,Normal,Imbalance,0.5061,1394.2
0D.csv,Normal,Bearing,0.6964,1394.2
0D.csv,Normal,Bearing,0.8361,1394.2
0D.csv,Normal,Imbalance,0.9288,1414.4
0D.csv,Normal,Imbalance,0.7739,1414.4
0D.csv,Normal,Imbalance,0.8278,1414.4
0D.csv,Normal,Imbalance,0.5202,1414.4
0D.csv,Normal,Imbalance,0.6204,1406.7
0D.csv,Normal,Imbalance,0.6724,1406.7
0D.csv,Normal,Imbalance,0.9083,1406.7
0D.csv,Normal,Imbalance,0.5815,1406.7
0D.csv,Normal,Bearing,0.5967,1407.1
0D.csv,Normal,Imbalance,0.5577,1407.1
0D.csv,Normal,Imbalance,0.8734,1407.1
0D.csv,Normal,Imbalance,0.7455,1407.1
0D.csv,Normal,Imbalance,0.8395,1424.5
0D.csv,Normal,Bearing,0.5319,1424.5
0D.csv,Normal,Imbalance,0.5759,1424.5
0D.csv,Normal,Imbalance,0.9459,1424.5
0D.csv,Normal,Imbalance,0.8198,1425.2
0D.csv,Normal,Imbalance,0.8493,1425.2
0D.csv,Normal,Imbalance,0.5552,1425.2
0D.csv,Normal,Imbalance,0.9075,1425.2
0D.csv,Normal,Imbalance,0.8369,1425.5
0D.csv,Normal,Bearing,0.8009,1425.5
0D.csv,Normal,Imbalance,0.5334,1425.5
0D.csv,Normal,Imbalance,0.7602,1425.5
0D.csv,Normal,Imbalance,0.8220,1419.8
0D.csv,Normal,Imbalance,0.5086,1419.8
0D.csv,Normal,Imbalance,0.8675,1419.8
0D.csv,Normal,Imbalance,0.9211,1419.8
0D.csv,Normal,Imbalance,0.9073,1427.6
0D.csv,Normal,Imbalance,0.8030,1427.6
0D.csv,Normal,Imbalance,0.8924,1427.6
0D.csv,Normal,Imbalance,0.8885,1427.6
0D.csv,Normal,Imbalance,0.8256,1436.2
0D.csv,Normal,Bearing,0.5781,1436.2
0D.csv,Normal,Imbalance,0.7903,1436.2
0D.csv,Normal,Imbalance,0.8092,1436.2
0D.csv,Normal,Bearing,0.6450,1435.5
0D.csv,Normal,Bearing,0.5012,1435.5
0D.csv,Normal,Imbalance,0.8285,1435.5
0D.csv,Normal,Imbalance,0.5308,1435.5
0D.csv,Normal,Imbalance,0.7928,1427.0
0D.csv,Normal,Imbalance,0.8082,1427.0
0D.csv,Normal,Imbalance,0.8858,1427.0
0D.csv,Normal,Imbalance,0.9580,1427.0
0D.csv,Normal,Imbalance,0.9618,1404.1
0D.csv,Normal,Imbalance,0.9416,1404.1
0D.csv,Normal,Imbalance,0.9343,1404.1
0D.csv,Normal,Imbalance,0.8969,1404.1
0D.csv,Normal,Imbalance,0.9902,1403.5
0D.csv,Normal,Imbalance,0.9806,1403.5
0D.csv,Normal,Imbalance,0.9638,1403.5
0D.csv,Normal,Imbalance,0.9588,1403.5
0D.csv,Normal,Imbalance,0.8775,1452.9
0D.csv,Normal,Imbalance,0.9254,1452.9
0D.csv,Normal,Imbalance,0.9056,1452.9
0D.csv,Normal,Imbalance,0.9555,1452.9
0D.csv,Normal,Imbalance,0.9419,1458.2
0D.csv,Normal,Imbalance,0.9594,1458.2
0D.csv,Normal,Imbalance,0.9359,1458.2
0D.csv,Normal,Imbalance,0.7451,1458.2
0D.csv,Normal,Imbalance,0.9587,1457.2
0D.csv,Normal,Imbalance,0.9906,1457.2
0D.csv,Normal,Imbalance,0.9637,1457.2
0D.csv,Normal,Imbalance,0.9579,1457.2
0D.csv,Normal,Imbalance,0.9375,1440.9
0D.csv,Normal,Imbalance,0.8909,1440.9
0D.csv,Normal,Imbalance,0.9843,1440.9
0D.csv,Normal,Imbalance,0.9677,1440.9
0D.csv,Normal,Imbalance,0.9608,1448.4
0D.csv,Normal,Imbalance,0.9480,1448.4
0D.csv,Normal,Imbalance,0.9515,1448.4
0D.csv,Normal,Imbalance,0.9708,1448.4
0D.csv,Normal,Imbalance,0.7710,1460.5
0D.csv,Normal,Imbalance,0.8596,1460.5
0D.csv,Normal,Imbalance,0.9850,1460.5
0D.csv,Normal,Imbalance,0.9819,1460.5
0D.csv,Normal,Imbalance,0.9763,1459.0
0D.csv,Normal,Imbalance,0.9746,1459.0
0D.csv,Normal,Imbalance,0.9790,1459.0
0D.csv,Normal,Imbalance,0.9936,1459.0
0D.csv,Normal,Imbalance,0.9634,1467.7
0D.csv,Normal,Imbalance,0.8611,1467.7
0D.csv,Normal,Imbalance,0.9871,1467.7
0D.csv,Normal,Imbalance,0.9430,1467.7
0D.csv,Normal,Imbalance,0.9763,1454.3
0D.csv,Normal,Imbalance,0.9829,1454.3
0D.csv,Normal,Imbalance,0.9168,1454.3
0D.csv,Normal,Imbalance,0.9819,1454.3
0D.csv,Normal,Imbalance,0.9644,1471.9
0D.csv,Normal,Imbalance,0.9203,1471.9
0D.csv,Normal,Imbalance,0.9959,1471.9
0D.csv,Normal,Imbalance,0.9878,1471.9
0D.csv,Normal,Imbalance,0.9484,1491.3
0D.csv,Normal,Imbalance,0.9599,1491.3
0D.csv,Normal,Imbalance,0.9033,1491.3
0D.csv,Normal,Imbalance,0.9355,1491.3
0D.csv,Normal,Imbalance,0.9439,1486.7
0D.csv,Normal,Imbalance,0.9731,1486.7
0D.csv,Normal,Imbalance,0.9743,1486.7
0D.csv,Normal,Imbalance,0.9580,1486.7
0D.csv,Normal,Imbalance,0.9437,1490.5
0D.csv,Normal,Imbalance,0.9784,1490.5
0D.csv,Normal,Imbalance,0.9605,1490.5
0D.csv,Normal,Imbalance,0.9807,1490.5
0D.csv,Normal,Imbalance,0.9484,1481.9
0D.csv,Normal,Imbalance,0.9600,1481.9
0D.csv,Normal,Imbalance,0.9590,1481.9
0D.csv,Normal,Imbalance,0.8994,1481.9
0D.csv,Normal,Imbalance,0.8608,1476.3
0D.csv,Normal,Imbalance,0.9603,1476.3
0D.csv,Normal,Imbalance,0.9767,1476.3
0D.csv,Normal,Imbalance,0.9383,1476.3
0D.csv,Normal,Imbalance,0.9302,1488.7
0D.csv,Normal,Imbalance,0.9066,1488.7
0D.csv,Normal,Imbalance,0.9661,1488.7
0D.csv,Normal,Imbalance,0.9812,1488.7
0D.csv,Normal,Imbalance,0.9901,1480.7
0D.csv,Normal,Imbalance,0.9610,1480.7
0D.csv,Normal,Imbalance,0.9791,1480.7
0D.csv,Normal,Imbalance,0.9803,1480.7
0D.csv,Normal,Imbalance,0.9124,1497.9
0D.csv,Normal,Imbalance,0.9289,1497.9
0D.csv,Normal,Imbalance,0.9362,1497.9
0D.csv,Normal,Imbalance,0.9195,1497.9
0D.csv,Normal,Imbalance,0.9523,1474.3
0D.csv,Normal,Imbalance,0.9615,1474.3
0D.csv,Normal,Imbalance,0.9101,1474.3
0D.csv,Normal,Imbalance,0.9236,1474.3
0D.csv,Normal,Imbalance,0.9644,1498.4
0D.csv,Normal,Imbalance,0.8675,1498.4
0D.csv,Normal,Imbalance,0.6862,1498.4
0D.csv,Normal,Imbalance,0.8660,1498.4
0D.csv,Normal,Imbalance,0.9753,1490.5
0D.csv,Normal,Imbalance,0.9420,1490.5
0D.csv,Normal,Imbalance,0.9587,1490.5
0D.csv,Normal,Imbalance,0.8588,1490.5
0D.csv,Normal,Imbalance,0.8764,1478.5
0D.csv,Normal,Imbalance,0.9775,1478.5
0D.csv,Normal,Imbalance,0.9348,1478.5
0D.csv,Normal,Imbalance,0.7869,1478.5
0D.csv,Normal,Imbalance,0.8890,1484.3
0D.csv,Normal,Imbalance,0.9189,1484.3
0D.csv,Normal,Imbalance,0.7274,1484.3
0D.csv,Normal,Imbalance,0.5380,1484.3
0D.csv,Normal,Imbalance,0.8920,1511.2
0D.csv,Normal,Imbalance,0.7885,1511.2
0D.csv,Normal,Imbalance,0.8226,1511.2
0D.csv,Normal,Imbalance,0.5708,1511.2
0D.csv,Normal,Bearing,0.5262,1522.0
0D.csv,Normal,Imbalance,0.7535,1522.0
0D.csv,Normal,Imbalance,0.6775,1522.0
0D.csv,Normal,Imbalance,0.5497,1522.0
0D.csv,Normal,Imbalance,0.9227,1522.2
0D.csv,Normal,Imbalance,0.8099,1522.2
0D.csv,Normal,Imbalance,0.8554,1522.2
0D.csv,Normal,Imbalance,0.7551,1522.2
0D.csv,Normal,Imbalance,0.5658,1506.8
0D.csv,Normal,Imbalance,0.6261,1506.8
0D.csv,Normal,Imbalance,0.6500,1506.8
0D.csv,Normal,Imbalance,0.6332,1506.8
0D.csv,Normal,Imbalance,0.6061,1511.7
0D.csv,Normal,Imbalance,0.7875,1511.7
0D.csv,Normal,Imbalance,0.6593,1511.7
0D.csv,Normal,Bearing,0.7698,1511.7
0D.csv,Normal,Imbalance,0.7848,1521.0
0D.csv,Normal,Imbalance,0.6352,1521.0
0D.csv,Normal,Bearing,0.5133,1521.0
0D.csv,Normal,Imbalance,0.5619,1521.0
0D.csv,Normal,Imbalance,0.7546,1515.4
0D.csv,Normal,Imbalance,0.5407,1515.4
0D.csv,Normal,Imbalance,0.5163,1515.4
0D.csv,Normal,Imbalance,0.5353,1515.4
0D.csv,Normal,Imbalance,0.8428,1522.5
0D.csv,Normal,Bearing,0.6742,1522.5
0D.csv,Normal,Imbalance,0.5070,1522.5
0D.csv,Normal,Imbalance,0.7604,1522.5
0D.csv,Normal,Imbalance,0.7330,1517.7
0D.csv,Normal,Imbalance,0.7088,1517.7
0D.csv,Normal,Imbalance,0.7138,1517.7
0D.csv,Normal,Imbalance,0.9287,1517.7
0D.csv,Normal,Bearing,0.6609,1517.8
0D.csv,Normal,Bearing,0.5003,1517.8
0D.csv,Normal,Imbalance,0.6064,1517.8
0D.csv,Normal,Imbalance,0.5768,1517.8
0D.csv,Normal,Imbalance,0.6537,1538.9
0D.csv,Normal,Bearing,0.6205,1538.9
0D.csv,Normal,Imbalance,0.5232,1538.9
0D.csv,Normal,Bearing,0.7766,1538.9
0D.csv,Normal,Bearing,0.7820,1537.7
0D.csv,Normal,Imbalance,0.7647,1537.7
0D.csv,Normal,Imbalance,0.7032,1537.7
0D.csv,Normal,Bearing,0.6039,1537.7
0D.csv,Normal,Imbalance,0.8280,1531.7
0D.csv,Normal,Bearing,0.5542,1531.7
0D.csv,Normal,Bearing,0.5650,1531.7
0D.csv,Normal,Bearing,0.5087,1531.7
0D.csv,Normal,Imbalance,0.6484,1519.6
0D.csv,Normal,Imbalance,0.6985,1519.6
0D.csv,Normal,Imbalance,0.6952,1519.6
0D.csv,Normal,Imbalance,0.6537,1519.6
0D.csv,Normal,Imbalance,0.5609,1555.7
0D.csv,Normal,Bearing,0.5948,1555.7
0D.csv,Normal,Bearing,0.5839,1555.7
0D.csv,Normal,Imbalance,0.6418,1555.7
0D.csv,Normal,Imbalance,0.6778,1530.9
0D.csv,Normal,Imbalance,0.6466,1530.9
0D.csv,Normal,Bearing,0.5156,1530.9
0D.csv,Normal,Bearing,0.5442,1530.9
0D.csv,Normal,Bearing,0.5447,1543.0
0D.csv,Normal,Bearing,0.6713,1543.0
0D.csv,Normal,Imbalance,0.6030,1543.0
0D.csv,Normal,Imbalance,0.5431,1543.0
0D.csv,Normal,Imbalance,0.5110,1539.4
0D.csv,Normal,Imbalance,0.7002,1539.4
0D.csv,Normal,Imbalance,0.7563,1539.4
0D.csv,Normal,Imbalance,0.6866,1539.4
0D.csv,Normal,Imbalance,0.6541,1556.9
0D.csv,Normal,Bearing,0.5423,1556.9
0D.csv,Normal,Bearing,0.5004,1556.9
0D.csv,Normal,Bearing,0.5099,1556.9
0D.csv,Normal,Bearing,0.7638,1528.1
0D.csv,Normal,Bearing,0.6798,1528.1
0D.csv,Normal,Imbalance,0.6070,1528.1
0D.csv,Normal,Bearing,0.6208,1528.1
0D.csv,Normal,Bearing,0.6006,1581.6
0D.csv,Normal,Imbalance,0.5234,1581.6
0D.csv,Normal,Imbalance,0.5566,1581.6
0D.csv,Normal,Bearing,0.8781,1581.6
0D.csv,Normal,Imbalance,0.5153,1546.3
0D.csv,Normal,Bearing,0.6353,1546.3
0D.csv,Normal,Bearing,0.6291,1546.3
0D.csv,Normal,Bearing,0.8156,1546.3
0D.csv,Normal,Imbalance,0.7519,1549.2
0D.csv,Normal,Bearing,0.5107,1549.2
0D.csv,Normal,Imbalance,0.6728,1549.2
0D.csv,Normal,Bearing,0.6927,1549.2
0D.csv,Normal,Imbalance,0.6869,1556.4
0D.csv,Normal,Bearing,0.7129,1556.4
0D.csv,Normal,Bearing,0.6939,1556.4
0D.csv,Normal,Imbalance,0.5805,1556.4
0D.csv,Normal,Imbalance,0.6188,1578.6
0D.csv,Normal,Imbalance,0.5657,1578.6
0D.csv,Normal,Bearing,0.8133,1578.6
0D.csv,Normal,Bearing,0.5085,1578.6
0D.csv,Normal,Imbalance,0.8240,1546.5
0D.csv,Normal,Bearing,0.7374,1546.5
0D.csv,Normal,Imbalance,0.6879,1546.5
0D.csv,Normal,Imbalance,0.5810,1546.5
0D.csv,Normal,Bearing,0.5288,1581.3
0D.csv,Normal,Imbalance,0.5810,1581.3
0D.csv,Normal,Bearing,0.7115,1581.3
0D.csv,Normal,Bearing,0.6804,1581.3
0D.csv,Normal,Imbalance,0.5990,1571.1
0D.csv,Normal,Bearing,0.8203,1571.1
0D.csv,Normal,Bearing,0.5165,1571.1
0D.csv,Normal,Bearing,0.7123,1571.1
0D.csv,Normal,Bearing,0.6097,1587.8
0D.csv,Normal,Bearing,0.6775,1587.8
0D.csv,Normal,Bearing,0.5888,1587.8
0D.csv,Normal,Bearing,0.6287,1587.8
0D.csv,Normal,Bearing,0.5879,1561.0
0D.csv,Normal,Bearing,0.7665,1561.0
0D.csv,Normal,Imbalance,0.6417,1561.0
0D.csv,Normal,Imbalance,0.6270,1561.0
0D.csv,Normal,Bearing,0.7677,1588.2
0D.csv,Normal,Bearing,0.5128,1588.2
0D.csv,Normal,Imbalance,0.5349,1588.2
0D.csv,Normal,Imbalance,0.5983,1588.2
0D.csv,Normal,Imbalance,0.7638,1585.0
0D.csv,Normal,Imbalance,0.7013,1585.0
0D.csv,Normal,Bearing,0.5826,1585.0
0D.csv,Normal,Bearing,0.7455,1585.0
0D.csv,Normal,Imbalance,0.6027,1590.3
0D.csv,Normal,Bearing,0.7109,1590.3
0D.csv,Normal,Imbalance,0.5513,1590.3
0D.csv,Normal,Bearing,0.6315,1590.3
0D.csv,Normal,Bearing,0.5586,1585.5
0D.csv,Normal,Imbalance,0.5131,1585.5
0D.csv,Normal,Bearing,0.8089,1585.5
0D.csv,Normal,Bearing,0.6367,1585.5
0D.csv,Normal,Imbalance,0.5762,1586.1
0D.csv,Normal,Bearing,0.6779,1586.1
0D.csv,Normal,Bearing,0.6952,1586.1
0D.csv,Normal,Bearing,0.7460,1586.1
0D.csv,Normal,Bearing,0.5320,1605.4
0D.csv,Normal,Bearing,0.7901,1605.4
0D.csv,Normal,Bearing,0.6701,1605.4
0D.csv,Normal,Bearing,0.5126,1605.4
0D.csv,Normal,Bearing,0.5851,1605.5
0D.csv,Normal,Bearing,0.5503,1605.5
0D.csv,Normal,Imbalance,0.6010,1605.5
0D.csv,Normal,Bearing,0.6486,1605.5
0D.csv,Normal,Bearing,0.6202,1591.1
0D.csv,Normal,Bearing,0.6089,1591.1
0D.csv,Normal,Imbalance,0.8377,1591.1
0D.csv,Normal,Imbalance,0.7667,1591.1
0D.csv,Normal,Bearing,0.6250,1601.1
0D.csv,Normal,Bearing,0.6375,1601.1
0D.csv,Normal,Imbalance,0.6164,1601.1
0D.csv,Normal,Bearing,0.8747,1601.1
0D.csv,Normal,Imbalance,0.6342,1606.6
0D.csv,Normal,Imbalance,0.7188,1606.6
0D.csv,Normal,Bearing,0.5293,1606.6
0D.csv,Normal,Imbalance,0.5639,1606.6
0D.csv,Normal,Bearing,0.6293,1607.3
0D.csv,Normal,Bearing,0.7232,1607.3
0D.csv,Normal,Imbalance,0.5942,1607.3
0D.csv,Normal,Imbalance,0.6685,1607.3
0D.csv,Normal,Bearing,0.5433,1605.8
0D.csv,Normal,Bearing,0.7181,1605.8
0D.csv,Normal,Bearing,0.5616,1605.8
0D.csv,Normal,Imbalance,0.6103,1605.8
0D.csv,Normal,Bearing,0.6823,1597.4
0D.csv,Normal,Imbalance,0.5540,1597.4
0D.csv,Normal,Bearing,0.8803,1597.4
0D.csv,Normal,Bearing,0.9554,1597.4
0D.csv,Normal,Bearing,0.5376,1580.1
0D.csv,Normal,Bearing,0.6976,1580.1
0D.csv,Normal,Imbalance,0.6216,1580.1
0D.csv,Normal,Bearing,0.5208,1580.1
0D.csv,Normal,Bearing,0.5245,1635.9
0D.csv,Normal,Bearing,0.7725,1635.9
0D.csv,Normal,Imbalance,0.8772,1635.9
0D.csv,Normal,Bearing,0.6406,1635.9
0D.csv,Normal,Bearing,0.7803,1649.5
0D.csv,Normal,Bearing,0.5965,1649.5
0D.csv,Normal,Bearing,0.9042,1649.5
0D.csv,Normal,Imbalance,0.5533,1649.5
0D.csv,Normal,Bearing,0.7845,1652.7
0D.csv,Normal,Imbalance,0.6368,1652.7
0D.csv,Normal,Bearing,0.7598,1652.7
0D.csv,Normal,Bearing,0.7986,1652.7
0D.csv,Normal,Bearing,0.7872,1623.8
0D.csv,Normal,Bearing,0.9342,1623.8
0D.csv,Normal,Bearing,0.8802,1623.8
0D.csv,Normal,Bearing,0.9675,1623.8
0D.csv,Normal,Bearing,0.8874,1623.9
0D.csv,Normal,Bearing,0.9681,1623.9
0D.csv,Normal,Bearing,0.9445,1623.9
0D.csv,Normal,Bearing,0.6662,1623.9
0D.csv,Normal,Bearing,0.8063,1627.0
0D.csv,Normal,Bearing,0.8134,1627.0
0D.csv,Normal,Bearing,0.5643,1627.0
0D.csv,Normal,Bearing,0.5737,1627.0
0D.csv,Normal,Bearing,0.8213,1642.7
0D.csv,Normal,Bearing,0.8792,1642.7
0D.csv,Normal,Imbalance,0.5920,1642.7
0D.csv,Normal,Bearing,0.9709,1642.7
0D.csv,Normal,Bearing,0.8099,1648.6
0D.csv,Normal,Bearing,0.6431,1648.6
0D.csv,Normal,Bearing,0.7293,1648.6
0D.csv,Normal,Bearing,0.8604,1648.6
0D.csv,Normal,Imbalance,0.5626,1634.6
0D.csv,Normal,Bearing,0.8964,1634.6
0D.csv,Normal,Bearing,0.7904,1634.6
0D.csv,Normal,Bearing,0.9860,1634.6
0D.csv,Normal,Bearing,0.9523,1640.0
0D.csv,Normal,Bearing,0.8928,1640.0
0D.csv,Normal,Bearing,0.8007,1640.0
0D.csv,Normal,Bearing,0.9563,1640.0
0D.csv,Normal,Bearing,0.9758,1638.5
0D.csv,Normal,Imbalance,0.5431,1638.5
0D.csv,Normal,Bearing,0.7168,1638.5
0D.csv,Normal,Bearing,0.9278,1638.5
0D.csv,Normal,Bearing,0.9356,1653.0
0D.csv,Normal,Bearing,0.5106,1653.0
0D.csv,Normal,Bearing,0.8139,1653.0
0D.csv,Normal,Bearing,0.9803,1653.0
0D.csv,Normal,Bearing,0.7223,1640.1
0D.csv,Normal,Bearing,0.9128,1640.1
0D.csv,Normal,Bearing,0.6178,1640.1
0D.csv,Normal,Bearing,0.9281,1640.1
0D.csv,Normal,Bearing,0.7568,1653.3
0D.csv,Normal,Bearing,0.5002,1653.3
0D.csv,Normal,Bearing,0.7785,1653.3
0D.csv,Normal,Bearing,0.7422,1653.3
0D.csv,Normal,Bearing,0.8847,1652.6
0D.csv,Normal,Bearing,0.8326,1652.6
0D.csv,Normal,Bearing,0.6723,1652.6
0D.csv,Normal,Bearing,0.6487,1652.6
0D.csv,Normal,Bearing,0.7859,1660.5
0D.csv,Normal,Bearing,0.7927,1660.5
0D.csv,Normal,Bearing,0.8888,1660.5
0D.csv,Normal,Bearing,0.7849,1660.5
0D.csv,Normal,Bearing,0.9330,1670.1
0D.csv,Normal,Bearing,0.9512,1670.1
0D.csv,Normal,Bearing,0.9002,1670.1
0D.csv,Normal,Bearing,0.9871,1670.1
0D.csv,Normal,Bearing,0.8045,1660.0
0D.csv,Normal,Bearing,0.8865,1660.0
0D.csv,Normal,Bearing,0.8900,1660.0
0D.csv,Normal,Bearing,0.9145,1660.0
0D.csv,Normal,Bearing,0.7700,1669.0
0D.csv,Normal,Bearing,0.9570,1669.0
0D.csv,Normal,Bearing,0.8383,1669.0
0D.csv,Normal,Imbalance,0.6018,1669.0
0D.csv,Normal,Bearing,0.7984,1670.2
0D.csv,Normal,Bearing,0.8674,1670.2
0D.csv,Normal,Bearing,0.8905,1670.2
0D.csv,Normal,Bearing,0.6304,1670.2
0D.csv,Normal,Bearing,0.8861,1665.0
0D.csv,Normal,Bearing,0.5366,1665.0
0D.csv,Normal,Bearing,0.8321,1665.0
0D.csv,Normal,Bearing,0.8787,1665.0
0D.csv,Normal,Bearing,0.9615,1694.9
0D.csv,Normal,Bearing,0.9237,1694.9
0D.csv,Normal,Bearing,0.8046,1694.9
0D.csv,Normal,Bearing,0.8615,1694.9
0D.csv,Normal,Bearing,0.7927,1664.9
0D.csv,Normal,Imbalance,0.5585,1664.9
0D.csv,Normal,Bearing,0.6533,1664.9
0D.csv,Normal,Imbalance,0.5753,1664.9
0D.csv,Normal,Imbalance,0.5632,1656.5
0D.csv,Normal,Imbalance,0.7945,1656.5
0D.csv,Normal,Bearing,0.6209,1656.5
0D.csv,Normal,Imbalance,0.6823,1656.5
0D.csv,Normal,Bearing,0.7563,1653.1
0D.csv,Normal,Bearing,0.7938,1653.1
0D.csv,Normal,Imbalance,0.6756,1653.1
0D.csv,Normal,Bearing,0.5418,1653.1
0D.csv,Normal,Bearing,0.8106,1692.5
0D.csv,Normal,Bearing,0.6801,1692.5
0D.csv,Normal,Bearing,0.8723,1692.5
0D.csv,Normal,Bearing,0.9138,1692.5
0D.csv,Normal,Bearing,0.8959,1704.7
0D.csv,Normal,Bearing,0.8906,1704.7
0D.csv,Normal,Bearing,0.7978,1704.7
0D.csv,Normal,Bearing,0.7866,1704.7
0D.csv,Normal,Bearing,0.7835,1687.0
0D.csv,Normal,Bearing,0.5182,1687.0
0D.csv,Normal,Bearing,0.8280,1687.0
0D.csv,Normal,Bearing,0.7566,1687.0
0D.csv,Normal,Bearing,0.6514,1691.2
0D.csv,Normal,Bearing,0.8832,1691.2
0D.csv,Normal,Bearing,0.7491,1691.2
0D.csv,Normal,Bearing,0.7685,1691.2
0D.csv,Normal,Imbalance,0.5518,1691.3
0D.csv,Normal,Bearing,0.8595,1691.3
0D.csv,Normal,Bearing,0.8016,1691.3
0D.csv,Normal,Bearing,0.8974,1691.3
0D.csv,Normal,Bearing,0.8412,1701.2
0D.csv,Normal,Bearing,0.8928,1701.2
0D.csv,Normal,Bearing,0.5134,1701.2
0D.csv,Normal,Imbalance,0.5020,1701.2
0D.csv,Normal,Bearing,0.9619,1698.3
0D.csv,Normal,Bearing,0.8262,1698.3
0D.csv,Normal,Bearing,0.9218,1698.3
0D.csv,Normal,Bearing,0.9240,1698.3
0D.csv,Normal,Bearing,0.9274,1711.3
0D.csv,Normal,Bearing,0.8048,1711.3
0D.csv,Normal,Bearing,0.5801,1711.3
0D.csv,Normal,Bearing,0.8847,1711.3
0D.csv,Normal,Bearing,0.7745,1701.6
0D.csv,Normal,Bearing,0.7336,1701.6
0D.csv,Normal,Bearing,0.8473,1701.6
0D.csv,Normal,Bearing,0.8593,1701.6
0D.csv,Normal,Bearing,0.7934,1716.7
0D.csv,Normal,Bearing,0.6442,1716.7
0D.csv,Normal,Bearing,0.6630,1716.7
0D.csv,Normal,Bearing,0.7078,1716.7
0D.csv,Normal,Imbalance,0.7421,1708.0
0D.csv,Normal,Bearing,0.9292,1708.0
0D.csv,Normal,Bearing,0.9278,1708.0
0D.csv,Normal,Bearing,0.9340,1708.0
0D.csv,Normal,Bearing,0.9049,1708.8
0D.csv,Normal,Bearing,0.9708,1708.8
0D.csv,Normal,Bearing,0.6953,1708.8
0D.csv,Normal,Bearing,0.9211,1708.8
0D.csv,Normal,Bearing,0.8967,1723.8
0D.csv,Normal,Bearing,0.5057,1723.8
0D.csv,Normal,Bearing,0.7815,1723.8
0D.csv,Normal,Bearing,0.6337,1723.8
0D.csv,Normal,Bearing,0.8592,1712.1
0D.csv,Normal,Bearing,0.8817,1712.1
0D.csv,Normal,Bearing,0.9416,1712.1
0D.csv,Normal,Bearing,0.8912,1712.1
0D.csv,Normal,Bearing,0.9712,1732.8
0D.csv,Normal,Bearing,0.9287,1732.8
0D.csv,Normal,Bearing,0.9379,1732.8
0D.csv,Normal,Bearing,0.7931,1732.8
0D.csv,Normal,Bearing,0.7921,1730.6
0D.csv,Normal,Bearing,0.9453,1730.6
0D.csv,Normal,Bearing,0.6539,1730.6
0D.csv,Normal,Bearing,0.9113,1730.6
0D.csv,Normal,Imbalance,0.6921,1709.0
0D.csv,Normal,Bearing,0.8716,1709.0
0D.csv,Normal,Bearing,0.7014,1709.0
0D.csv,Normal,Bearing,0.9518,1709.0
0D.csv,Normal,Bearing,0.7597,1722.7
0D.csv,Normal,Imbalance,0.7554,1722.7
0D.csv,Normal,Bearing,0.8472,1722.7
0D.csv,Normal,Bearing,0.6653,1722.7
0D.csv,Normal,Bearing,0.6098,1722.8
0D.csv,Normal,Bearing,0.8220,1722.8
0D.csv,Normal,Bearing,0.6964,1722.8
0D.csv,Normal,Bearing,0.6208,1722.8
0D.csv,Normal,Bearing,0.8894,1753.0
0D.csv,Normal,Bearing,0.8076,1753.0
0D.csv,Normal,Bearing,0.9082,1753.0
0D.csv,Normal,Bearing,0.6986,1753.0
0D.csv,Normal,Bearing,0.6944,1704.4
0D.csv,Normal,Bearing,0.8795,1704.4
0D.csv,Normal,Bearing,0.9485,1704.4
0D.csv,Normal,Imbalance,0.5647,1704.4
0D.csv,Normal,Bearing,0.9786,1757.4
0D.csv,Normal,Bearing,0.9838,1757.4
0D.csv,Normal,Bearing,0.8616,1757.4
0D.csv,Normal,Bearing,0.8155,1757.4
0D.csv,Normal,Imbalance,0.5478,1714.6
0D.csv,Normal,Bearing,0.9109,1714.6
0D.csv,Normal,Bearing,0.6776,1714.6
0D.csv,Normal,Bearing,0.8834,1714.6
0D.csv,Normal,Bearing,0.9474,1770.1
0D.csv,Normal,Bearing,0.9808,1770.1
0D.csv,Normal,Bearing,0.9692,1770.1
0D.csv,Normal,Bearing,0.9779,1770.1
0D.csv,Normal,Bearing,0.5240,1729.3
0D.csv,Normal,Bearing,0.9535,1729.3
0D.csv,Normal,Bearing,0.9255,1729.3
0D.csv,Normal,Bearing,0.9244,1729.3
0D.csv,Normal,Bearing,0.9592,1758.5
0D.csv,Normal,Bearing,0.9826,1758.5
0D.csv,Normal,Bearing,0.8753,1758.5
0D.csv,Normal,Bearing,0.9656,1758.5
0D.csv,Normal,Bearing,0.9932,1760.9
0D.csv,Normal,Bearing,0.9377,1760.9
0D.csv,Normal,Bearing,0.9823,1760.9
0D.csv,Normal,Bearing,0.9222,1760.9
0D.csv,Normal,Bearing,0.6153,1754.2
0D.csv,Normal,Bearing,0.7317,1754.2
0D.csv,Normal,Bearing,0.9088,1754.2
0D.csv,Normal,Bearing,0.9153,1754.2
0D.csv,Normal,Bearing,0.6347,1755.9
0D.csv,Normal,Bearing,0.9273,1755.9
0D.csv,Normal,Bearing,0.8976,1755.9
0D.csv,Normal,Bearing,0.8665,1755.9
0D.csv,Normal,Bearing,0.9494,1770.0
0D.csv,Normal,Bearing,0.9919,1770.0
0D.csv,Normal,Bearing,0.9599,1770.0
0D.csv,Normal,Bearing,0.9819,1770.0
0D.csv,Normal,Bearing,0.9456,1750.5
0D.csv,Normal,Bearing,0.9852,1750.5
0D.csv,Normal,Bearing,0.7993,1750.5
0D.csv,Normal,Bearing,0.9285,1750.5
0D.csv,Normal,Bearing,0.9891,1785.7
0D.csv,Normal,Bearing,0.9263,1785.7
0D.csv,Normal,Bearing,0.9902,1785.7
0D.csv,Normal,Bearing,0.9862,1785.7
0D.csv,Normal,Bearing,0.9123,1764.9
0D.csv,Normal,Bearing,0.8776,1764.9
0D.csv,Normal,Bearing,0.9776,1764.9
0D.csv,Normal,Bearing,0.9792,1764.9
0D.csv,Normal,Bearing,0.7819,1765.6
0D.csv,Normal,Bearing,0.9881,1765.6
0D.csv,Normal,Bearing,0.9848,1765.6
0D.csv,Normal,Bearing,0.9832,1765.6
0D.csv,Normal,Bearing,0.9500,1786.1
0D.csv,Normal,Bearing,0.9941,1786.1
0D.csv,Normal,Bearing,0.9672,1786.1
0D.csv,Normal,Bearing,0.9928,1786.1
0D.csv,Normal,Bearing,0.9690,1787.4
0D.csv,Normal,Bearing,0.9793,1787.4
0D.csv,Normal,Bearing,0.9961,1787.4
0D.csv,Normal,Bearing,0.9869,1787.4
0D.csv,Normal,Bearing,0.9964,1787.0
0D.csv,Normal,Bearing,0.9874,1787.0
0D.csv,Normal,Bearing,0.9926,1787.0
0D.csv,Normal,Bearing,0.9833,1787.0
0D.csv,Normal,Bearing,0.9969,1780.1
0D.csv,Normal,Bearing,0.9947,1780.1
0D.csv,Normal,Bearing,0.9911,1780.1
0D.csv,Normal,Bearing,0.9830,1780.1
0D.csv,Normal,Bearing,0.9826,1787.3
0D.csv,Normal,Bearing,0.9948,1787.3
0D.csv,Normal,Bearing,0.9741,1787.3
0D.csv,Normal,Bearing,0.9616,1787.3
0D.csv,Normal,Bearing,0.9832,1787.5
0D.csv,Normal,Bearing,0.9935,1787.5
0D.csv,Normal,Bearing,0.9859,1787.5
0D.csv,Normal,Bearing,0.9963,1787.5
0D.csv,Normal,Bearing,0.9949,1786.1
0D.csv,Normal,Bearing,0.9958,1786.1
0D.csv,Normal,Bearing,0.9875,1786.1
0D.csv,Normal,Bearing,0.9976,1786.1
0D.csv,Normal,Bearing,0.9960,1785.9
0D.csv,Normal,Bearing,0.9740,1785.9
0D.csv,Normal,Bearing,0.9977,1785.9
0D.csv,Normal,Bearing,0.9968,1785.9
0D.csv,Normal,Bearing,0.9858,1755.7
0D.csv,Normal,Bearing,0.9661,1755.7
0D.csv,Normal,Bearing,0.9897,1755.7
0D.csv,Normal,Bearing,0.9904,1755.7
0D.csv,Normal,Bearing,0.9821,1787.7
0D.csv,Normal,Bearing,0.9947,1787.7
0D.csv,Normal,Bearing,0.9930,1787.7
0D.csv,Normal,Bearing,0.9667,1787.7
0D.csv,Normal,Bearing,0.9940,1832.5
0D.csv,Normal,Bearing,0.9924,1832.5
0D.csv,Normal,Bearing,0.9973,1832.5
0D.csv,Normal,Bearing,0.9989,1832.5
0D.csv,Normal,Bearing,0.9929,1821.4
0D.csv,Normal,Bearing,0.9980,1821.4
0D.csv,Normal,Bearing,0.9963,1821.4
0D.csv,Normal,Bearing,0.9995,1821.4
0D.csv,Normal,Bearing,0.9960,1803.0
0D.csv,Normal,Bearing,0.9935,1803.0
0D.csv,Normal,Bearing,0.9962,1803.0
0D.csv,Normal,Bearing,0.9942,1803.0
0D.csv,Normal,Bearing,0.9955,1803.0
0D.csv,Normal,Bearing,0.9796,1803.0
0D.csv,Normal,Bearing,0.9989,1803.0
0D.csv,Normal,Bearing,0.9914,1803.0
0D.csv,Normal,Bearing,0.9957,1808.6
0D.csv,Normal,Bearing,0.9963,1808.6
0D.csv,Normal,Bearing,0.9977,1808.6
0D.csv,Normal,Bearing,0.9982,1808.6
0D.csv,Normal,Bearing,0.9986,1822.3
0D.csv,Normal,Bearing,0.9977,1822.3
0D.csv,Normal,Bearing,0.9943,1822.3
0D.csv,Normal,Bearing,0.9985,1822.3
0D.csv,Normal,Bearing,0.9990,1819.1
0D.csv,Normal,Bearing,0.9950,1819.1
0D.csv,Normal,Bearing,0.9980,1819.1
0D.csv,Normal,Bearing,0.9948,1819.1
0D.csv,Normal,Bearing,0.9985,1828.9
0D.csv,Normal,Bearing,0.9988,1828.9
0D.csv,Normal,Bearing,0.9989,1828.9
0D.csv,Normal,Bearing,0.9976,1828.9
0D.csv,Normal,Bearing,0.9962,1814.7
0D.csv,Normal,Bearing,0.9873,1814.7
0D.csv,Normal,Bearing,0.9963,1814.7
0D.csv,Normal,Bearing,0.9968,1814.7
0D.csv,Normal,Bearing,0.9957,1821.9
0D.csv,Normal,Bearing,0.9965,1821.9
0D.csv,Normal,Bearing,0.9961,1821.9
0D.csv,Normal,Bearing,0.9963,1821.9
0D.csv,Normal,Bearing,0.9962,1834.6
0D.csv,Normal,Bearing,0.9964,1834.6
0D.csv,Normal,Bearing,0.9991,1834.6
0D.csv,Normal,Bearing,0.9923,1834.6
0D.csv,Normal,Bearing,0.9988,1851.0
0D.csv,Normal,Bearing,0.9994,1851.0
0D.csv,Normal,Bearing,0.9993,1851.0
0D.csv,Normal,Bearing,0.9986,1851.0
0D.csv,Normal,Bearing,0.9988,1854.6
0D.csv,Normal,Bearing,0.9929,1854.6
0D.csv,Normal,Bearing,0.9986,1854.6
0D.csv,Normal,Bearing,0.9991,1854.6
0D.csv,Normal,Bearing,0.9959,1841.5
0D.csv,Normal,Bearing,0.9951,1841.5
0D.csv,Normal,Bearing,0.9951,1841.5
0D.csv,Normal,Bearing,0.9978,1841.5
0D.csv,Normal,Bearing,0.9965,1834.2
0D.csv,Normal,Bearing,0.9996,1834.2
0D.csv,Normal,Bearing,0.9996,1834.2
0D.csv,Normal,Bearing,0.9949,1834.2
0D.csv,Normal,Bearing,0.9977,1850.2
0D.csv,Normal,Bearing,0.9977,1850.2
0D.csv,Normal,Bearing,0.9989,1850.2
0D.csv,Normal,Bearing,0.9995,1850.2
0D.csv,Normal,Bearing,0.9961,1834.8
0D.csv,Normal,Bearing,0.9994,1834.8
0D.csv,Normal,Bearing,0.9989,1834.8
0D.csv,Normal,Bearing,0.9902,1834.8
0D.csv,Normal,Bearing,0.9996,1859.4
0D.csv,Normal,Bearing,0.9995,1859.4
0D.csv,Normal,Bearing,0.9978,1859.4
0D.csv,Normal,Bearing,0.9998,1859.4
0D.csv,Normal,Bearing,0.9996,1830.2
0D.csv,Normal,Bearing,0.9995,1830.2
0D.csv,Normal,Bearing,0.9960,1830.2
0D.csv,Normal,Bearing,0.9991,1830.2
0D.csv,Normal,Bearing,0.9994,1871.6
0D.csv,Normal,Bearing,0.9992,1871.6
0D.csv,Normal,Bearing,0.9996,1871.6
0D.csv,Normal,Bearing,0.9990,1871.6
0D.csv,Normal,Bearing,0.9962,1854.6
0D.csv,Normal,Bearing,0.9983,1854.6
0D.csv,Normal,Bearing,0.9971,1854.6
0D.csv,Normal,Bearing,0.9997,1854.6
0D.csv,Normal,Bearing,0.9881,1832.7
0D.csv,Normal,Bearing,0.9991,1832.7
0D.csv,Normal,Bearing,0.9982,1832.7
0D.csv,Normal,Bearing,0.9988,1832.7
0D.csv,Normal,Bearing,0.9983,1851.0
0D.csv,Normal,Bearing,0.9978,1851.0
0D.csv,Normal,Bearing,0.9997,1851.0
0D.csv,Normal,Bearing,0.9995,1851.0
0D.csv,Normal,Bearing,0.9878,1872.0
0D.csv,Normal,Bearing,0.9765,1872.0
0D.csv,Normal,Bearing,0.9873,1872.0
0D.csv,Normal,Bearing,0.9993,1872.0
0D.csv,Normal,Bearing,0.9995,1897.3
0D.csv,Normal,Bearing,0.9998,1897.3
0D.csv,Normal,Bearing,0.9975,1897.3
0D.csv,Normal,Bearing,0.9999,1897.3
0D.csv,Normal,Bearing,0.9955,1870.0
0D.csv,Normal,Bearing,0.9968,1870.0
0D.csv,Normal,Bearing,0.9996,1870.0
0D.csv,Normal,Bearing,0.9999,1870.0
0D.csv,Normal,Bearing,0.9998,1883.6
0D.csv,Normal,Bearing,0.9997,1883.6
0D.csv,Normal,Bearing,0.9999,1883.6
0D.csv,Normal,Bearing,0.9984,1883.6
0D.csv,Normal,Bearing,0.9999,1867.0
0D.csv,Normal,Bearing,0.9999,1867.0
0D.csv,Normal,Bearing,0.9989,1867.0
0D.csv,Normal,Bearing,0.9993,1867.0
0D.csv,Normal,Bearing,0.9999,1870.9
0D.csv,Normal,Bearing,0.9998,1870.9
0D.csv,Normal,Bearing,0.9998,1870.9
0D.csv,Normal,Bearing,0.9999,1870.9
0D.csv,Normal,Bearing,0.9995,1890.9
0D.csv,Normal,Bearing,0.9999,1890.9
0D.csv,Normal,Bearing,0.9997,1890.9
0D.csv,Normal,Bearing,1.0000,1890.9
0D.csv,Normal,Bearing,0.9996,1876.3
0D.csv,Normal,Bearing,0.9997,1876.3
0D.csv,Normal,Bearing,0.9999,1876.3
0D.csv,Normal,Bearing,0.9993,1876.3
0D.csv,Normal,Bearing,0.9999,1892.5
0D.csv,Normal,Bearing,0.9997,1892.5
0D.csv,Normal,Bearing,0.9998,1892.5
0D.csv,Normal,Bearing,0.9997,1892.5
0D.csv,Normal,Bearing,1.0000,1892.1
0D.csv,Normal,Bearing,0.9999,1892.1
0D.csv,Normal,Bearing,0.9999,1892.1
0D.csv,Normal,Bearing,0.9994,1892.1
0D.csv,Normal,Bearing,0.9996,1897.2
0D.csv,Normal,Bearing,0.9979,1897.2
0D.csv,Normal,Bearing,0.9999,1897.2
0D.csv,Normal,Bearing,0.9999,1897.2
0D.csv,Normal,Bearing,0.9999,1891.5
0D.csv,Normal,Bearing,0.9998,1891.5
0D.csv,Normal,Bearing,0.9994,1891.5
0D.csv,Normal,Bearing,0.9999,1891.5
0D.csv,Normal,Bearing,1.0000,1904.5
0D.csv,Normal,Bearing,0.9999,1904.5
0D.csv,Normal,Bearing,0.9998,1904.5
0D.csv,Normal,Bearing,0.9998,1904.5
0D.csv,Normal,Bearing,0.9997,1904.5
0D.csv,Normal,Bearing,0.9996,1904.5
0D.csv,Normal,Bearing,0.9999,1904.5
0D.csv,Normal,Bearing,0.9995,1904.5
0D.csv,Normal,Bearing,0.9996,1893.5
0D.csv,Normal,Bearing,0.9997,1893.5
0D.csv,Normal,Bearing,0.9999,1893.5
0D.csv,Normal,Bearing,0.9997,1893.5
0D.csv,Normal,Bearing,0.9990,1899.3
0D.csv,Normal,Bearing,0.9994,1899.3
0D.csv,Normal,Bearing,0.9999,1899.3
0D.csv,Normal,Bearing,0.9989,1899.3
0D.csv,Normal,Bearing,0.9999,1887.8
0D.csv,Normal,Bearing,0.9999,1887.8
0D.csv,Normal,Bearing,0.9999,1887.8
0D.csv,Normal,Bearing,0.9997,1887.8
0D.csv,Normal,Bearing,0.9996,1902.6
0D.csv,Normal,Bearing,0.9999,1902.6
0D.csv,Normal,Bearing,0.9973,1902.6
0D.csv,Normal,Bearing,1.0000,1902.6
0D.csv,Normal,Bearing,0.9999,1907.5
0D.csv,Normal,Bearing,0.9993,1907.5
0D.csv,Normal,Bearing,1.0000,1907.5
0D.csv,Normal,Bearing,0.9999,1907.5
0D.csv,Normal,Bearing,0.9999,1930.1
0D.csv,Normal,Bearing,0.9997,1930.1
0D.csv,Normal,Bearing,0.9999,1930.1
0D.csv,Normal,Bearing,0.9999,1930.1
0D.csv,Normal,Bearing,0.9997,1886.9
0D.csv,Normal,Bearing,0.9988,1886.9
0D.csv,Normal,Bearing,0.9994,1886.9
0D.csv,Normal,Bearing,0.9999,1886.9
0D.csv,Normal,Bearing,0.9996,1945.5
0D.csv,Normal,Bearing,0.9997,1945.5
0D.csv,Normal,Bearing,0.9976,1945.5
0D.csv,Normal,Bearing,0.9998,1945.5
0D.csv,Normal,Bearing,0.9991,1929.7
0D.csv,Normal,Bearing,0.9996,1929.7
0D.csv,Normal,Bearing,0.9998,1929.7
0D.csv,Normal,Bearing,0.9997,1929.7
0D.csv,Normal,Bearing,0.9995,1952.2
0D.csv,Normal,Bearing,0.9997,1952.2
0D.csv,Normal,Bearing,0.9995,1952.2
0D.csv,Normal,Bearing,0.9999,1952.2
0D.csv,Normal,Bearing,0.9998,1902.7
0D.csv,Normal,Bearing,0.9999,1902.7
0D.csv,Normal,Bearing,0.9998,1902.7
0D.csv,Normal,Bearing,0.9997,1902.7
0D.csv,Normal,Bearing,0.9999,1952.5
0D.csv,Normal,Bearing,0.9999,1952.5
0D.csv,Normal,Bearing,0.9998,1952.5
0D.csv,Normal,Bearing,0.9999,1952.5
0D.csv,Normal,Bearing,0.9997,1912.0
0D.csv,Normal,Bearing,0.9996,1912.0
0D.csv,Normal,Bearing,0.9995,1912.0
0D.csv,Normal,Bearing,0.9996,1912.0
0D.csv,Normal,Bearing,0.9997,1934.6
0D.csv,Normal,Bearing,0.9996,1934.6
0D.csv,Normal,Bearing,0.9999,1934.6
0D.csv,Normal,Bearing,0.9996,1934.6
0D.csv,Normal,Bearing,0.9998,1941.6
0D.csv,Normal,Bearing,0.9999,1941.6
0D.csv,Normal,Bearing,0.9998,1941.6
0D.csv,Normal,Bearing,0.9995,1941.6
0D.csv,Normal,Bearing,0.9998,1936.0
0D.csv,Normal,Bearing,0.9999,1936.0
0D.csv,Normal,Bearing,0.9990,1936.0
0D.csv,Normal,Bearing,0.9998,1936.0
0D.csv,Normal,Bearing,0.9996,1933.0
0D.csv,Normal,Bearing,0.9997,1933.0
0D.csv,Normal,Bearing,0.9997,1933.0
0D.csv,Normal,Bearing,0.9993,1933.0
0D.csv,Normal,Bearing,0.9998,1961.2
0D.csv,Normal,Bearing,0.9999,1961.2
0D.csv,Normal,Bearing,0.9998,1961.2
0D.csv,Normal,Bearing,0.9989,1961.2
0D.csv,Normal,Bearing,0.9999,1941.4
0D.csv,Normal,Bearing,0.9998,1941.4
0D.csv,Normal,Bearing,0.9996,1941.4
0D.csv,Normal,Bearing,0.9993,1941.4
0D.csv,Normal,Bearing,0.9997,1958.0
0D.csv,Normal,Bearing,0.9998,1958.0
0D.csv,Normal,Bearing,0.9983,1958.0
0D.csv,Normal,Bearing,0.9998,1958.0
0D.csv,Normal,Bearing,0.9996,1949.1
0D.csv,Normal,Bearing,0.9997,1949.1
0D.csv,Normal,Bearing,0.9980,1949.1
0D.csv,Normal,Bearing,0.9990,1949.1
0D.csv,Normal,Bearing,0.9999,1956.3
0D.csv,Normal,Bearing,0.9996,1956.3
0D.csv,Normal,Bearing,0.9995,1956.3
0D.csv,Normal,Bearing,0.9999,1956.3
0D.csv,Normal,Bearing,0.9991,1950.4
0D.csv,Normal,Bearing,0.9999,1950.4
0D.csv,Normal,Bearing,0.9994,1950.4
0D.csv,Normal,Bearing,0.9984,1950.4
0D.csv,Normal,Bearing,0.9994,1967.7
0D.csv,Normal,Bearing,0.9999,1967.7
0D.csv,Normal,Bearing,0.9996,1967.7
0D.csv,Normal,Bearing,0.9998,1967.7
0D.csv,Normal,Bearing,0.9936,1970.1
0D.csv,Normal,Bearing,0.9985,1970.1
0D.csv,Normal,Bearing,0.9989,1970.1
0D.csv,Normal,Bearing,0.9997,1970.1
0D.csv,Normal,Bearing,0.9998,1961.7
0D.csv,Normal,Bearing,0.9992,1961.7
0D.csv,Normal,Bearing,0.9994,1961.7
0D.csv,Normal,Bearing,0.9806,1961.7
0D.csv,Normal,Bearing,0.9998,1967.0
0D.csv,Normal,Bearing,0.9987,1967.0
0D.csv,Normal,Bearing,0.9998,1967.0
0D.csv,Normal,Bearing,0.9995,1967.0
0D.csv,Normal,Bearing,1.0000,1966.9
0D.csv,Normal,Bearing,0.9996,1966.9
0D.csv,Normal,Bearing,0.9944,1966.9
0D.csv,Normal,Bearing,0.9995,1966.9
0D.csv,Normal,Bearing,0.9997,1967.1
0D.csv,Normal,Bearing,0.9879,1967.1
0D.csv,Normal,Bearing,0.9599,1967.1
0D.csv,Normal,Bearing,0.9849,1967.1
0D.csv,Normal,Bearing,0.9983,2016.7
0D.csv,Normal,Bearing,0.9970,2016.7
0D.csv,Normal,Bearing,0.9962,2016.7
0D.csv,Normal,Bearing,0.9958,2016.7
0D.csv,Normal,Bearing,0.9627,2016.3
0D.csv,Normal,Bearing,0.9542,2016.3
0D.csv,Normal,Bearing,0.7207,2016.3
0D.csv,Normal,Bearing,0.9960,2016.3
0D.csv,Normal,Bearing,0.9879,2015.1
0D.csv,Normal,Bearing,0.9962,2015.1
0D.csv,Normal,Bearing,0.9898,2015.1
0D.csv,Normal,Bearing,0.9740,2015.1
0D.csv,Normal,Bearing,0.9967,2020.3
0D.csv,Normal,Bearing,0.9763,2020.3
0D.csv,Normal,Bearing,0.7485,2020.3
0D.csv,Normal,Bearing,0.9317,2020.3
0D.csv,Normal,Bearing,0.9981,1984.0
0D.csv,Normal,Bearing,0.9967,1984.0
0D.csv,Normal,Bearing,0.9948,1984.0
0D.csv,Normal,Bearing,0.9951,1984.0
0D.csv,Normal,Bearing,0.9928,1984.7
0D.csv,Normal,Bearing,0.9342,1984.7
0D.csv,Normal,Bearing,0.9987,1984.7
0D.csv,Normal,Bearing,0.9952,1984.7
0D.csv,Normal,Bearing,0.9893,1994.1
0D.csv,Normal,Bearing,0.9850,1994.1
0D.csv,Normal,Bearing,0.9879,1994.1
0D.csv,Normal,Bearing,0.9981,1994.1
0D.csv,Normal,Bearing,0.8938,1998.1
0D.csv,Normal,Bearing,0.9770,1998.1
0D.csv,Normal,Bearing,0.9852,1998.1
0D.csv,Normal,Bearing,0.9848,1998.1
0D.csv,Normal,Bearing,0.9784,2014.2
0D.csv,Normal,Bearing,0.9982,2014.2
0D.csv,Normal,Bearing,0.9949,2014.2
0D.csv,Normal,Bearing,0.9603,2014.2
0D.csv,Normal,Bearing,0.9944,1990.4
0D.csv,Normal,Bearing,0.9960,1990.4
0D.csv,Normal,Bearing,0.9800,1990.4
0D.csv,Normal,Bearing,0.9880,1990.4
0D.csv,Normal,Bearing,0.9974,1997.3
0D.csv,Normal,Bearing,0.9957,1997.3
0D.csv,Normal,Bearing,0.9990,1997.3
0D.csv,Normal,Bearing,0.9986,1997.3
0D.csv,Normal,Bearing,0.9963,2014.3
0D.csv,Normal,Bearing,0.9987,2014.3
0D.csv,Normal,Bearing,0.9969,2014.3
0D.csv,Normal,Bearing,0.9788,2014.3
0D.csv,Normal,Bearing,0.9919,1999.6
0D.csv,Normal,Bearing,0.9889,1999.6
0D.csv,Normal,Bearing,0.9950,1999.6
0D.csv,Normal,Bearing,0.9716,1999.6
0D.csv,Normal,Bearing,0.9669,1987.0
0D.csv,Normal,Bearing,0.8406,1987.0
0D.csv,Normal,Bearing,0.9624,1987.0
0D.csv,Normal,Bearing,0.9807,1987.0
0D.csv,Normal,Bearing,0.9941,2011.5
0D.csv,Normal,Bearing,0.9958,2011.5
0D.csv,Normal,Bearing,0.9756,2011.5
0D.csv,Normal,Bearing,0.9908,2011.5
0D.csv,Normal,Bearing,0.9992,2014.0
0D.csv,Normal,Bearing,0.9982,2014.0
0D.csv,Normal,Bearing,0.9964,2014.0
0D.csv,Normal,Bearing,0.9553,2014.0
0D.csv,Normal,Bearing,0.9233,2020.4
0D.csv,Normal,Bearing,0.9954,2020.4
0D.csv,Normal,Bearing,0.9887,2020.4
0D.csv,Normal,Bearing,0.9964,2020.4
0D.csv,Normal,Bearing,0.9752,2016.3
0D.csv,Normal,Bearing,0.9952,2016.3
0D.csv,Normal,Bearing,0.9972,2016.3
0D.csv,Normal,Bearing,0.9952,2016.3
0D.csv,Normal,Bearing,0.9904,2020.4
0D.csv,Normal,Bearing,0.9777,2020.4
0D.csv,Normal,Bearing,0.9882,2020.4
0D.csv,Normal,Bearing,0.9988,2020.4
0D.csv,Normal,Bearing,0.9883,2035.6
0D.csv,Normal,Bearing,0.9923,2035.6
0D.csv,Normal,Bearing,0.9905,2035.6
0D.csv,Normal,Bearing,0.9987,2035.6
0D.csv,Normal,Bearing,0.9900,2012.5
0D.csv,Normal,Bearing,0.9850,2012.5
0D.csv,Normal,Bearing,0.9985,2012.5
0D.csv,Normal,Bearing,0.9957,2012.5
0D.csv,Normal,Bearing,0.9816,2037.0
0D.csv,Normal,Bearing,0.9766,2037.0
0D.csv,Normal,Bearing,0.9960,2037.0
0D.csv,Normal,Bearing,0.9919,2037.0
0D.csv,Normal,Bearing,0.9786,2048.2
0D.csv,Normal,Bearing,0.9882,2048.2
0D.csv,Normal,Bearing,0.9928,2048.2
0D.csv,Normal,Bearing,0.9829,2048.2
0D.csv,Normal,Bearing,0.9842,1999.9
0D.csv,Normal,Bearing,0.9932,1999.9
0D.csv,Normal,Bearing,0.9900,1999.9
0D.csv,Normal,Bearing,0.9348,1999.9
0D.csv,Normal,Bearing,0.9784,2019.1
0D.csv,Normal,Bearing,0.9734,2019.1
0D.csv,Normal,Bearing,0.9862,2019.1
0D.csv,Normal,Bearing,0.9985,2019.1
0D.csv,Normal,Bearing,0.9991,2054.8
0D.csv,Normal,Bearing,0.9833,2054.8
0D.csv,Normal,Bearing,0.9933,2054.8
0D.csv,Normal,Bearing,0.9907,2054.8
0D.csv,Normal,Bearing,0.9984,2081.1
0D.csv,Normal,Bearing,0.9989,2081.1
0D.csv,Normal,Bearing,0.9849,2081.1
0D.csv,Normal,Bearing,0.9984,2081.1
0D.csv,Normal,Bearing,0.9966,2052.5
0D.csv,Normal,Bearing,0.9991,2052.5
0D.csv,Normal,Bearing,0.9961,2052.5
0D.csv,Normal,Bearing,0.9942,2052.5
0D.csv,Normal,Bearing,0.9925,2062.9
0D.csv,Normal,Bearing,0.9990,2062.9
0D.csv,Normal,Bearing,0.9947,2062.9
0D.csv,Normal,Bearing,0.9921,2062.9
0D.csv,Normal,Bearing,0.9951,2046.3
0D.csv,Normal,Bearing,0.9988,2046.3
0D.csv,Normal,Bearing,0.9843,2046.3
0D.csv,Normal,Bearing,0.9979,2046.3
0D.csv,Normal,Bearing,0.9865,2063.5
0D.csv,Normal,Bearing,0.9868,2063.5
0D.csv,Normal,Bearing,0.9946,2063.5
0D.csv,Normal,Bearing,0.9789,2063.5
0D.csv,Normal,Bearing,0.9993,2056.2
0D.csv,Normal,Bearing,0.9936,2056.2
0D.csv,Normal,Bearing,0.9662,2056.2
0D.csv,Normal,Bearing,0.9993,2056.2
0D.csv,Normal,Bearing,0.9967,2075.2
0D.csv,Normal,Bearing,0.9984,2075.2
0D.csv,Normal,Bearing,0.9928,2075.2
0D.csv,Normal,Bearing,0.9971,2075.2
0D.csv,Normal,Bearing,0.9876,2075.2
0D.csv,Normal,Bearing,0.9801,2075.2
0D.csv,Normal,Bearing,0.9649,2075.2
0D.csv,Normal,Bearing,0.9979,2075.2
0D.csv,Normal,Bearing,0.9933,2057.2
0D.csv,Normal,Bearing,0.9945,2057.2
0D.csv,Normal,Bearing,0.9931,2057.2
0D.csv,Normal,Bearing,0.9951,2057.2
0D.csv,Normal,Bearing,0.9992,2060.3
0D.csv,Normal,Bearing,0.9951,2060.3
0D.csv,Normal,Bearing,0.9979,2060.3
0D.csv,Normal,Bearing,0.9981,2060.3
0D.csv,Normal,Bearing,0.9980,2084.7
0D.csv,Normal,Bearing,0.9991,2084.7
0D.csv,Normal,Bearing,0.9994,2084.7
0D.csv,Normal,Bearing,0.9998,2084.7
0D.csv,Normal,Bearing,0.9979,2089.6
0D.csv,Normal,Bearing,0.9959,2089.6
0D.csv,Normal,Bearing,0.9939,2089.6
0D.csv,Normal,Bearing,0.9990,2089.6
0D.csv,Normal,Bearing,0.9951,2073.3
0D.csv,Normal,Bearing,0.9994,2073.3
0D.csv,Normal,Bearing,0.9992,2073.3
0D.csv,Normal,Bearing,0.9979,2073.3
0D.csv,Normal,Bearing,0.9929,2070.4
0D.csv,Normal,Bearing,0.9975,2070.4
0D.csv,Normal,Bearing,0.9978,2070.4
0D.csv,Normal,Bearing,0.9926,2070.4
0D.csv,Normal,Bearing,0.9954,2103.2
0D.csv,Normal,Bearing,0.9969,2103.2
0D.csv,Normal,Bearing,0.9988,2103.2
0D.csv,Normal,Bearing,0.9973,2103.2
0D.csv,Normal,Bearing,0.9953,2078.5
0D.csv,Normal,Bearing,0.9997,2078.5
0D.csv,Normal,Bearing,0.9994,2078.5
0D.csv,Normal,Bearing,0.9923,2078.5
0D.csv,Normal,Bearing,0.9951,2067.0
0D.csv,Normal,Bearing,0.9856,2067.0
0D.csv,Normal,Bearing,0.9983,2067.0
0D.csv,Normal,Bearing,0.9944,2067.0
0D.csv,Normal,Bearing,0.9997,2081.3
0D.csv,Normal,Bearing,0.9968,2081.3
0D.csv,Normal,Bearing,0.9996,2081.3
0D.csv,Normal,Bearing,0.9989,2081.3
0D.csv,Normal,Bearing,0.9946,2064.9
0D.csv,Normal,Bearing,0.9666,2064.9
0D.csv,Normal,Bearing,0.9995,2064.9
0D.csv,Normal,Bearing,0.9945,2064.9
0D.csv,Normal,Bearing,0.9990,2129.8
0D.csv,Normal,Bearing,0.9999,2129.8
0D.csv,Normal,Bearing,0.9998,2129.8
0D.csv,Normal,Bearing,0.9985,2129.8
0D.csv,Normal,Bearing,0.9992,2096.7
0D.csv,Normal,Bearing,0.9993,2096.7
0D.csv,Normal,Bearing,0.9974,2096.7
0D.csv,Normal,Bearing,0.9996,2096.7
0D.csv,Normal,Bearing,0.9949,2052.8
0D.csv,Normal,Bearing,0.9990,2052.8
0D.csv,Normal,Bearing,0.9943,2052.8
0D.csv,Normal,Bearing,0.9818,2052.8
0D.csv,Normal,Bearing,0.9997,2110.8
0D.csv,Normal,Bearing,1.0000,2110.8
0D.csv,Normal,Bearing,0.9996,2110.8
0D.csv,Normal,Bearing,0.9994,2110.8
0D.csv,Normal,Bearing,0.9992,2092.6
0D.csv,Normal,Bearing,0.9995,2092.6
0D.csv,Normal,Bearing,0.9888,2092.6
0D.csv,Normal,Bearing,0.9998,2092.6
0D.csv,Normal,Bearing,0.9991,2127.5
0D.csv,Normal,Bearing,0.9999,2127.5
0D.csv,Normal,Bearing,0.9989,2127.5
0D.csv,Normal,Bearing,0.9996,2127.5
0D.csv,Normal,Bearing,0.9986,2090.3
0D.csv,Normal,Bearing,0.9982,2090.3
0D.csv,Normal,Bearing,0.9986,2090.3
0D.csv,Normal,Bearing,0.9990,2090.3
0D.csv,Normal,Bearing,0.9999,2116.9
0D.csv,Normal,Bearing,0.9999,2116.9
0D.csv,Normal,Bearing,0.9991,2116.9
0D.csv,Normal,Bearing,0.9999,2116.9
0D.csv,Normal,Bearing,0.9984,2121.9
0D.csv,Normal,Bearing,1.0000,2121.9
0D.csv,Normal,Bearing,0.9993,2121.9
0D.csv,Normal,Bearing,0.9959,2121.9
0D.csv,Normal,Bearing,0.9991,2127.8
0D.csv,Normal,Bearing,0.9996,2127.8
0D.csv,Normal,Bearing,1.0000,2127.8
0D.csv,Normal,Bearing,0.9994,2127.8
0D.csv,Normal,Bearing,0.9999,2113.6
0D.csv,Normal,Bearing,0.9997,2113.6
0D.csv,Normal,Bearing,0.9998,2113.6
0D.csv,Normal,Bearing,0.9999,2113.6
0D.csv,Normal,Bearing,0.9999,2137.4
0D.csv,Normal,Bearing,0.9991,2137.4
0D.csv,Normal,Bearing,0.9998,2137.4
0D.csv,Normal,Bearing,0.9976,2137.4
0D.csv,Normal,Bearing,0.9995,2126.8
0D.csv,Normal,Bearing,0.9989,2126.8
0D.csv,Normal,Bearing,0.9993,2126.8
0D.csv,Normal,Bearing,0.9997,2126.8
0D.csv,Normal,Bearing,0.9996,2121.4
0D.csv,Normal,Bearing,0.9994,2121.4
0D.csv,Normal,Bearing,0.9968,2121.4
0D.csv,Normal,Bearing,0.9999,2121.4
0D.csv,Normal,Bearing,1.0000,2141.6
0D.csv,Normal,Bearing,0.9983,2141.6
0D.csv,Normal,Bearing,0.9999,2141.6
0D.csv,Normal,Bearing,1.0000,2141.6
0D.csv,Normal,Bearing,0.9999,2148.4
0D.csv,Normal,Bearing,0.9999,2148.4
0D.csv,Normal,Bearing,0.9999,2148.4
0D.csv,Normal,Bearing,1.0000,2148.4
0D.csv,Normal,Bearing,1.0000,2148.3
0D.csv,Normal,Bearing,0.9999,2148.3
0D.csv,Normal,Bearing,1.0000,2148.3
0D.csv,Normal,Bearing,0.9999,2148.3
0D.csv,Normal,Bearing,1.0000,2137.5
0D.csv,Normal,Bearing,0.9998,2137.5
0D.csv,Normal,Bearing,0.9998,2137.5
0D.csv,Normal,Bearing,1.0000,2137.5
0D.csv,Normal,Bearing,1.0000,2135.9
0D.csv,Normal,Bearing,0.9999,2135.9
0D.csv,Normal,Bearing,0.9998,2135.9
0D.csv,Normal,Bearing,0.9991,2135.9
0D.csv,Normal,Bearing,0.9999,2159.2
0D.csv,Normal,Bearing,0.9861,2159.2
0D.csv,Normal,Bearing,0.9995,2159.2
0D.csv,Normal,Bearing,1.0000,2159.2
0D.csv,Normal,Bearing,0.9999,2148.5
0D.csv,Normal,Bearing,0.9993,2148.5
0D.csv,Normal,Bearing,0.9998,2148.5
0D.csv,Normal,Bearing,0.9989,2148.5
0D.csv,Normal,Bearing,1.0000,2159.9
0D.csv,Normal,Bearing,0.9999,2159.9
0D.csv,Normal,Bearing,1.0000,2159.9
0D.csv,Normal,Bearing,0.9999,2159.9
0D.csv,Normal,Bearing,0.9999,2159.0
0D.csv,Normal,Bearing,0.9998,2159.0
0D.csv,Normal,Bearing,0.9999,2159.0
0D.csv,Normal,Bearing,1.0000,2159.0
0D.csv,Normal,Bearing,0.9999,2200.2
0D.csv,Normal,Bearing,0.9998,2200.2
0D.csv,Normal,Bearing,0.9999,2200.2
0D.csv,Normal,Bearing,0.9999,2200.2
0D.csv,Normal,Bearing,0.9999,2199.4
0D.csv,Normal,Bearing,0.9983,2199.4
0D.csv,Normal,Bearing,1.0000,2199.4
0D.csv,Normal,Bearing,0.9999,2199.4
0D.csv,Normal,Bearing,0.9994,2199.3
0D.csv,Normal,Bearing,0.9983,2199.3
0D.csv,Normal,Bearing,1.0000,2199.3
0D.csv,Normal,Bearing,0.9999,2199.3
0D.csv,Normal,Bearing,0.9999,2203.0
0D.csv,Normal,Bearing,1.0000,2203.0
0D.csv,Normal,Bearing,0.9999,2203.0
0D.csv,Normal,Bearing,1.0000,2203.0
0D.csv,Normal,Bearing,0.9999,2162.5
0D.csv,Normal,Bearing,1.0000,2162.5
0D.csv,Normal,Bearing,1.0000,2162.5
0D.csv,Normal,Bearing,0.9999,2162.5
0D.csv,Normal,Bearing,0.9998,2161.8
0D.csv,Normal,Bearing,1.0000,2161.8
0D.csv,Normal,Bearing,1.0000,2161.8
0D.csv,Normal,Bearing,0.9999,2161.8
0D.csv,Normal,Bearing,1.0000,2168.8
0D.csv,Normal,Bearing,1.0000,2168.8
0D.csv,Normal,Bearing,1.0000,2168.8
0D.csv,Normal,Bearing,0.9999,2168.8
0D.csv,Normal,Bearing,0.9999,2185.5
0D.csv,Normal,Bearing,1.0000,2185.5
0D.csv,Normal,Bearing,0.9999,2185.5
0D.csv,Normal,Bearing,0.9999,2185.5
0D.csv,Normal,Bearing,0.9999,2180.6
0D.csv,Normal,Bearing,1.0000,2180.6
0D.csv,Normal,Bearing,0.9994,2180.6
0D.csv,Normal,Bearing,0.9965,2180.6
0D.csv,Normal,Bearing,0.9992,2173.0
0D.csv,Normal,Bearing,0.9994,2173.0
0D.csv,Normal,Bearing,1.0000,2173.0
0D.csv,Normal,Bearing,0.9999,2173.0
0D.csv,Normal,Bearing,0.9998,2192.7
0D.csv,Normal,Bearing,0.9999,2192.7
0D.csv,Normal,Bearing,0.9998,2192.7
0D.csv,Normal,Bearing,0.9998,2192.7
0D.csv,Normal,Bearing,0.9998,2183.2
0D.csv,Normal,Bearing,1.0000,2183.2
0D.csv,Normal,Bearing,0.9999,2183.2
0D.csv,Normal,Bearing,0.9998,2183.2
0D.csv,Normal,Bearing,0.9990,2202.7
0D.csv,Normal,Bearing,0.9990,2202.7
0D.csv,Normal,Bearing,1.0000,2202.7
0D.csv,Normal,Bearing,0.9998,2202.7
0D.csv,Normal,Bearing,0.9999,2183.5
0D.csv,Normal,Bearing,0.9995,2183.5
0D.csv,Normal,Bearing,1.0000,2183.5
0D.csv,Normal,Bearing,0.9999,2183.5
0D.csv,Normal,Bearing,0.9997,2188.8
0D.csv,Normal,Bearing,1.0000,2188.8
0D.csv,Normal,Bearing,1.0000,2188.8
0D.csv,Normal,Bearing,0.9973,2188.8
0D.csv,Normal,Bearing,0.9992,2196.5
0D.csv,Normal,Bearing,0.9998,2196.5
0D.csv,Normal,Bearing,0.9999,2196.5
0D.csv,Normal,Bearing,0.9999,2196.5
0D.csv,Normal,Bearing,0.9999,2201.1
0D.csv,Normal,Bearing,1.0000,2201.1
0D.csv,Normal,Bearing,1.0000,2201.1
0D.csv,Normal,Bearing,0.9999,2201.1
0D.csv,Normal,Bearing,0.9995,2213.9
0D.csv,Normal,Bearing,0.9997,2213.9
0D.csv,Normal,Bearing,1.0000,2213.9
0D.csv,Normal,Bearing,0.9999,2213.9
0D.csv,Normal,Bearing,1.0000,2194.2
0D.csv,Normal,Bearing,0.9996,2194.2
0D.csv,Normal,Bearing,0.9998,2194.2
0D.csv,Normal,Bearing,0.9999,2194.2
0D.csv,Normal,Bearing,0.9999,2204.3
0D.csv,Normal,Bearing,0.9994,2204.3
0D.csv,Normal,Bearing,1.0000,2204.3
0D.csv,Normal,Bearing,1.0000,2204.3
0D.csv,Normal,Bearing,1.0000,2237.0
0D.csv,Normal,Bearing,0.9997,2237.0
0D.csv,Normal,Bearing,1.0000,2237.0
0D.csv,Normal,Bearing,1.0000,2237.0
0D.csv,Normal,Bearing,1.0000,2218.3
0D.csv,Normal,Bearing,1.0000,2218.3
0D.csv,Normal,Bearing,0.9995,2218.3
0D.csv,Normal,Bearing,0.9999,2218.3
0D.csv,Normal,Bearing,0.9996,2201.6
0D.csv,Normal,Bearing,0.9999,2201.6
0D.csv,Normal,Bearing,0.9999,2201.6
0D.csv,Normal,Bearing,0.9987,2201.6
0D.csv,Normal,Bearing,1.0000,2240.0
0D.csv,Normal,Bearing,0.9987,2240.0
0D.csv,Normal,Bearing,1.0000,2240.0
0D.csv,Normal,Bearing,1.0000,2240.0
0D.csv,Normal,Bearing,0.9997,2208.2
0D.csv,Normal,Bearing,0.9998,2208.2
0D.csv,Normal,Bearing,1.0000,2208.2
0D.csv,Normal,Bearing,0.9999,2208.2
0D.csv,Normal,Bearing,1.0000,2210.9
0D.csv,Normal,Bearing,1.0000,2210.9
0D.csv,Normal,Bearing,1.0000,2210.9
0D.csv,Normal,Bearing,0.9995,2210.9
0D.csv,Normal,Bearing,0.9999,2246.6
0D.csv,Normal,Bearing,0.9997,2246.6
0D.csv,Normal,Bearing,1.0000,2246.6
0D.csv,Normal,Bearing,1.0000,2246.6
0D.csv,Normal,Bearing,0.9999,2232.8
0D.csv,Normal,Bearing,1.0000,2232.8
0D.csv,Normal,Bearing,0.9997,2232.8
0D.csv,Normal,Bearing,0.9999,2232.8
0D.csv,Normal,Bearing,0.9998,2227.3
0D.csv,Normal,Bearing,0.9997,2227.3
0D.csv,Normal,Bearing,0.9999,2227.3
0D.csv,Normal,Bearing,1.0000,2227.3
0D.csv,Normal,Bearing,0.9998,2250.2
0D.csv,Normal,Bearing,1.0000,2250.2
0D.csv,Normal,Bearing,1.0000,2250.2
0D.csv,Normal,Bearing,0.9999,2250.2
0D.csv,Normal,Bearing,0.9998,2245.2
0D.csv,Normal,Bearing,1.0000,2245.2
0D.csv,Normal,Bearing,1.0000,2245.2
0D.csv,Normal,Bearing,1.0000,2245.2
0D.csv,Normal,Bearing,0.9999,2229.6
0D.csv,Normal,Bearing,0.9997,2229.6
0D.csv,Normal,Bearing,1.0000,2229.6
0D.csv,Normal,Bearing,1.0000,2229.6
0D.csv,Normal,Bearing,1.0000,2256.0
0D.csv,Normal,Bearing,0.9999,2256.0
0D.csv,Normal,Bearing,0.9999,2256.0
0D.csv,Normal,Bearing,1.0000,2256.0
0D.csv,Normal,Bearing,1.0000,2237.7
0D.csv,Normal,Bearing,0.9999,2237.7
0D.csv,Normal,Bearing,0.9999,2237.7
0D.csv,Normal,Bearing,0.9874,2237.7
0D.csv,Normal,Bearing,1.0000,2244.0
0D.csv,Normal,Bearing,0.9999,2244.0
0D.csv,Normal,Bearing,0.9995,2244.0
0D.csv,Normal,Bearing,0.9999,2244.0
0D.csv,Normal,Bearing,1.0000,2264.7
0D.csv,Normal,Bearing,1.0000,2264.7
0D.csv,Normal,Bearing,0.9999,2264.7
0D.csv,Normal,Bearing,0.9999,2264.7
0D.csv,Normal,Bearing,1.0000,2248.6
0D.csv,Normal,Bearing,1.0000,2248.6
0D.csv,Normal,Bearing,1.0000,2248.6
0D.csv,Normal,Bearing,1.0000,2248.6
0D.csv,Normal,Bearing,1.0000,2249.6
0D.csv,Normal,Bearing,0.9999,2249.6
0D.csv,Normal,Bearing,1.0000,2249.6
0D.csv,Normal,Bearing,1.0000,2249.6
0D.csv,Normal,Bearing,1.0000,2249.0
0D.csv,Normal,Bearing,1.0000,2249.0
0D.csv,Normal,Bearing,1.0000,2249.0
0D.csv,Normal,Bearing,1.0000,2249.0
0D.csv,Normal,Bearing,1.0000,2271.1
0D.csv,Normal,Bearing,1.0000,2271.1
0D.csv,Normal,Bearing,1.0000,2271.1
0D.csv,Normal,Bearing,1.0000,2271.1
0D.csv,Normal,Bearing,0.9995,2263.6
0D.csv,Normal,Bearing,1.0000,2263.6
0D.csv,Normal,Bearing,1.0000,2263.6
0D.csv,Normal,Bearing,1.0000,2263.6
0D.csv,Normal,Bearing,1.0000,2277.1
0D.csv,Normal,Bearing,1.0000,2277.1
0D.csv,Normal,Bearing,1.0000,2277.1
0D.csv,Normal,Bearing,1.0000,2277.1
0D.csv,Normal,Bearing,0.9999,2258.3
0D.csv,Normal,Bearing,0.9999,2258.3
0D.csv,Normal,Bearing,0.9999,2258.3
0D.csv,Normal,Bearing,1.0000,2258.3
0D.csv,Normal,Bearing,0.9995,2285.9
0D.csv,Normal,Bearing,1.0000,2285.9
0D.csv,Normal,Bearing,0.9999,2285.9
0D.csv,Normal,Bearing,0.9995,2285.9
0D.csv,Normal,Bearing,1.0000,2287.8
0D.csv,Normal,Bearing,1.0000,2287.8
0D.csv,Normal,Bearing,1.0000,2287.8
0D.csv,Normal,Bearing,1.0000,2287.8
0D.csv,Normal,Bearing,1.0000,2235.6
0D.csv,Normal,Bearing,0.9998,2235.6
0D.csv,Normal,Bearing,1.0000,2235.6
0D.csv,Normal,Bearing,0.9999,2235.6
0D.csv,Normal,Bearing,1.0000,2261.9
0D.csv,Normal,Bearing,1.0000,2261.9
0D.csv,Normal,Bearing,1.0000,2261.9
0D.csv,Normal,Bearing,1.0000,2261.9
0D.csv,Normal,Bearing,1.0000,2324.9
0D.csv,Normal,Bearing,1.0000,2324.9
0D.csv,Normal,Bearing,1.0000,2324.9
0D.csv,Normal,Bearing,1.0000,2324.9
0D.csv,Normal,Bearing,1.0000,2260.3
0D.csv,Normal,Bearing,1.0000,2260.3
0D.csv,Normal,Bearing,1.0000,2260.3
0D.csv,Normal,Bearing,1.0000,2260.3
0D.csv,Normal,Bearing,1.0000,2291.4
0D.csv,Normal,Bearing,1.0000,2291.4
0D.csv,Normal,Bearing,0.9999,2291.4
0D.csv,Normal,Bearing,0.9999,2291.4
0D.csv,Normal,Bearing,1.0000,2298.4
0D.csv,Normal,Bearing,1.0000,2298.4
0D.csv,Normal,Bearing,1.0000,2298.4
0D.csv,Normal,Bearing,1.0000,2298.4
0D.csv,Normal,Bearing,1.0000,2289.5
0D.csv,Normal,Bearing,0.9999,2289.5
0D.csv,Normal,Bearing,1.0000,2289.5
0D.csv,Normal,Bearing,1.0000,2289.5
0D.csv,Normal,Bearing,1.0000,2296.8
0D.csv,Normal,Bearing,1.0000,2296.8
0D.csv,Normal,Bearing,1.0000,2296.8
0D.csv,Normal,Bearing,1.0000,2296.8
0D.csv,Normal,Bearing,1.0000,2310.1
0D.csv,Normal,Bearing,1.0000,2310.1
0D.csv,Normal,Bearing,1.0000,2310.1
0D.csv,Normal,Bearing,1.0000,2310.1
0D.csv,Normal,Bearing,0.9999,2277.0
0D.csv,Normal,Bearing,1.0000,2277.0
0D.csv,Normal,Bearing,1.0000,2277.0
0D.csv,Normal,Bearing,1.0000,2277.0
0D.csv,Normal,Bearing,0.9994,2293.6
0D.csv,Normal,Bearing,0.9999,2293.6
0D.csv,Normal,Bearing,0.9998,2293.6
0D.csv,Normal,Bearing,1.0000,2293.6
0D.csv,Normal,Bearing,1.0000,2295.0
0D.csv,Normal,Bearing,1.0000,2295.0
0D.csv,Normal,Bearing,1.0000,2295.0
0D.csv,Normal,Bearing,1.0000,2295.0
0D.csv,Normal,Bearing,1.0000,2339.5
0D.csv,Normal,Bearing,1.0000,2339.5
0D.csv,Normal,Bearing,1.0000,2339.5
0D.csv,Normal,Bearing,1.0000,2339.5
0D.csv,Normal,Bearing,1.0000,2335.3
0D.csv,Normal,Bearing,1.0000,2335.3
0D.csv,Normal,Bearing,1.0000,2335.3
0D.csv,Normal,Bearing,1.0000,2335.3
0D.csv,Normal,Bearing,1.0000,2323.6
0D.csv,Normal,Bearing,1.0000,2323.6
0D.csv,Normal,Bearing,1.0000,2323.6
0D.csv,Normal,Bearing,1.0000,2323.6
0D.csv,Normal,Bearing,1.0000,2331.6
0D.csv,Normal,Bearing,1.0000,2331.6
0D.csv,Normal,Bearing,1.0000,2331.6
0D.csv,Normal,Bearing,1.0000,2331.6
0D.csv,Normal,Bearing,1.0000,2338.5
0D.csv,Normal,Bearing,1.0000,2338.5
0D.csv,Normal,Bearing,1.0000,2338.5
0D.csv,Normal,Bearing,0.9999,2338.5
0D.csv,Normal,Bearing,1.0000,2319.3
0D.csv,Normal,Bearing,1.0000,2319.3
0D.csv,Normal,Bearing,1.0000,2319.3
0D.csv,Normal,Bearing,1.0000,2319.3
0D.csv,Normal,Bearing,1.0000,2335.3
0D.csv,Normal,Bearing,1.0000,2335.3
0D.csv,Normal,Bearing,1.0000,2335.3
0D.csv,Normal,Bearing,1.0000,2335.3
0D.csv,Normal,Bearing,1.0000,2329.4
0D.csv,Normal,Bearing,1.0000,2329.4
0D.csv,Normal,Bearing,1.0000,2329.4
0D.csv,Normal,Bearing,1.0000,2329.4
0D.csv,Normal,Bearing,1.0000,2323.0
0D.csv,Normal,Bearing,1.0000,2323.0
0D.csv,Normal,Bearing,1.0000,2323.0
0D.csv,Normal,Bearing,1.0000,2323.0
0D.csv,Normal,Bearing,1.0000,2321.4
0D.csv,Normal,Bearing,1.0000,2321.4
0D.csv,Normal,Bearing,1.0000,2321.4
0D.csv,Normal,Bearing,1.0000,2321.4
0D.csv,Normal,Bearing,0.9991,1745.9
0D.csv,Normal,Bearing,0.9292,1745.9
0D.csv,Normal,Imbalance,0.9912,1745.9
0D.csv,Normal,Misalignment,0.6823,1745.9
0E.csv,Normal,Imbalance,0.9997,1056.9
0E.csv,Normal,Imbalance,0.9984,1056.9
0E.csv,Normal,Imbalance,0.9994,1056.9
0E.csv,Normal,Imbalance,0.9991,1056.9
0E.csv,Normal,Imbalance,0.8980,1051.9
0E.csv,Normal,Imbalance,0.9914,1051.9
0E.csv,Normal,Imbalance,0.9938,1051.9
0E.csv,Normal,Imbalance,0.8820,1051.9
0E.csv,Normal,Imbalance,0.5683,1049.7
0E.csv,Normal,Imbalance,0.9886,1049.7
0E.csv,Normal,Imbalance,0.9960,1049.7
0E.csv,Normal,Imbalance,0.9979,1049.7
0E.csv,Normal,Imbalance,0.8722,1068.4
0E.csv,Normal,Imbalance,0.9803,1068.4
0E.csv,Normal,Imbalance,0.5181,1068.4
0E.csv,Normal,Imbalance,0.9947,1068.4
0E.csv,Normal,Imbalance,0.9830,1054.4
0E.csv,Normal,Imbalance,0.9840,1054.4
0E.csv,Normal,Imbalance,0.9708,1054.4
0E.csv,Normal,Imbalance,0.8275,1054.4
0E.csv,Normal,Imbalance,0.9950,1090.3
0E.csv,Normal,Imbalance,0.9830,1090.3
0E.csv,Normal,Imbalance,0.9627,1090.3
0E.csv,Normal,Imbalance,0.9812,1090.3
0E.csv,Normal,Imbalance,0.9600,1062.3
0E.csv,Normal,Imbalance,0.9566,1062.3
0E.csv,Normal,Imbalance,0.9902,1062.3
0E.csv,Normal,Imbalance,0.9943,1062.3
0E.csv,Normal,Imbalance,0.9870,1083.7
0E.csv,Normal,Imbalance,0.9986,1083.7
0E.csv,Normal,Imbalance,0.9783,1083.7
0E.csv,Normal,Imbalance,0.9869,1083.7
0E.csv,Normal,Imbalance,0.9849,1091.6
0E.csv,Normal,Imbalance,0.9382,1091.6
0E.csv,Normal,Imbalance,0.9852,1091.6
0E.csv,Normal,Imbalance,0.9865,1091.6
0E.csv,Normal,Imbalance,0.9393,1094.2
0E.csv,Normal,Imbalance,0.9973,1094.2
0E.csv,Normal,Imbalance,0.9920,1094.2
0E.csv,Normal,Imbalance,0.9987,1094.2
0E.csv,Normal,Imbalance,0.9931,1092.8
0E.csv,Normal,Imbalance,0.9926,1092.8
0E.csv,Normal,Imbalance,0.9698,1092.8
0E.csv,Normal,Imbalance,0.9674,1092.8
0E.csv,Normal,Imbalance,0.9901,1109.5
0E.csv,Normal,Imbalance,0.9660,1109.5
0E.csv,Normal,Imbalance,0.9736,1109.5
0E.csv,Normal,Imbalance,0.9850,1109.5
0E.csv,Normal,Imbalance,0.8500,1116.4
0E.csv,Normal,Imbalance,0.9829,1116.4
0E.csv,Normal,Imbalance,0.9918,1116.4
0E.csv,Normal,Imbalance,0.9965,1116.4
0E.csv,Normal,Imbalance,0.9948,1123.5
0E.csv,Normal,Imbalance,0.9676,1123.5
0E.csv,Normal,Imbalance,0.9792,1123.5
0E.csv,Normal,Imbalance,0.8930,1123.5
0E.csv,Normal,Imbalance,0.9937,1112.8
0E.csv,Normal,Imbalance,0.8081,1112.8
0E.csv,Normal,Imbalance,0.9365,1112.8
0E.csv,Normal,Imbalance,0.8656,1112.8
0E.csv,Normal,Imbalance,0.9914,1133.8
0E.csv,Normal,Imbalance,0.9311,1133.8
0E.csv,Normal,Imbalance,0.9685,1133.8
0E.csv,Normal,Imbalance,0.9843,1133.8
0E.csv,Normal,Imbalance,0.9569,1159.3
0E.csv,Normal,Imbalance,0.9852,1159.3
0E.csv,Normal,Imbalance,0.9894,1159.3
0E.csv,Normal,Imbalance,0.9444,1159.3
0E.csv,Normal,Imbalance,0.9911,1153.7
0E.csv,Normal,Imbalance,0.9503,1153.7
0E.csv,Normal,Imbalance,0.9879,1153.7
0E.csv,Normal,Imbalance,0.9816,1153.7
0E.csv,Normal,Imbalance,0.9423,1146.6
0E.csv,Normal,Imbalance,0.9722,1146.6
0E.csv,Normal,Imbalance,0.9526,1146.6
0E.csv,Normal,Imbalance,0.8771,1146.6
0E.csv,Normal,Imbalance,0.9353,1158.5
0E.csv,Normal,Imbalance,0.8014,1158.5
0E.csv,Normal,Imbalance,0.9856,1158.5
0E.csv,Normal,Imbalance,0.9170,1158.5
0E.csv,Normal,Imbalance,0.9641,1155.5
0E.csv,Normal,Imbalance,0.9853,1155.5
0E.csv,Normal,Imbalance,0.9752,1155.5
0E.csv,Normal,Imbalance,0.8924,1155.5
0E.csv,Normal,Imbalance,0.9892,1158.1
0E.csv,Normal,Imbalance,0.9380,1158.1
0E.csv,Normal,Imbalance,0.9846,1158.1
0E.csv,Normal,Imbalance,0.9919,1158.1
0E.csv,Normal,Imbalance,0.9712,1165.0
0E.csv,Normal,Imbalance,0.9248,1165.0
0E.csv,Normal,Imbalance,0.9725,1165.0
0E.csv,Normal,Imbalance,0.9689,1165.0
0E.csv,Normal,Imbalance,0.9739,1155.0
0E.csv,Normal,Imbalance,0.9892,1155.0
0E.csv,Normal,Imbalance,0.9435,1155.0
0E.csv,Normal,Imbalance,0.9976,1155.0
0E.csv,Normal,Imbalance,0.9379,1176.1
0E.csv,Normal,Imbalance,0.9819,1176.1
0E.csv,Normal,Imbalance,0.9939,1176.1
0E.csv,Normal,Imbalance,0.9258,1176.1
0E.csv,Normal,Imbalance,0.9778,1186.9
0E.csv,Normal,Imbalance,0.9746,1186.9
0E.csv,Normal,Imbalance,0.9897,1186.9
0E.csv,Normal,Imbalance,0.9554,1186.9
0E.csv,Normal,Imbalance,0.9949,1179.0
0E.csv,Normal,Imbalance,0.9769,1179.0
0E.csv,Normal,Imbalance,0.9689,1179.0
0E.csv,Normal,Imbalance,0.8862,1179.0
0E.csv,Normal,Imbalance,0.9292,1198.3
0E.csv,Normal,Imbalance,0.9591,1198.3
0E.csv,Normal,Imbalance,0.9891,1198.3
0E.csv,Normal,Imbalance,0.9675,1198.3
0E.csv,Normal,Imbalance,0.9934,1191.9
0E.csv,Normal,Imbalance,0.8768,1191.9
0E.csv,Normal,Imbalance,0.8939,1191.9
0E.csv,Normal,Imbalance,0.9807,1191.9
0E.csv,Normal,Imbalance,0.9820,1171.1
0E.csv,Normal,Imbalance,0.7949,1171.1
0E.csv,Normal,Imbalance,0.9794,1171.1
0E.csv,Normal,Bearing,0.5946,1171.1
0E.csv,Normal,Imbalance,0.8683,1170.9
0E.csv,Normal,Imbalance,0.9078,1170.9
0E.csv,Normal,Imbalance,0.7678,1170.9
0E.csv,Normal,Imbalance,0.9826,1170.9
0E.csv,Normal,Imbalance,0.9836,1213.8
0E.csv,Normal,Imbalance,0.8131,1213.8
0E.csv,Normal,Imbalance,0.9153,1213.8
0E.csv,Normal,Imbalance,0.9940,1213.8
0E.csv,Normal,Imbalance,0.9937,1229.5
0E.csv,Normal,Imbalance,0.9839,1229.5
0E.csv,Normal,Imbalance,0.9955,1229.5
0E.csv,Normal,Imbalance,0.9913,1229.5
0E.csv,Normal,Imbalance,0.9842,1221.3
0E.csv,Normal,Imbalance,0.9615,1221.3
0E.csv,Normal,Imbalance,0.8590,1221.3
0E.csv,Normal,Imbalance,0.9958,1221.3
0E.csv,Normal,Imbalance,0.9449,1221.1
0E.csv,Normal,Imbalance,0.9775,1221.1
0E.csv,Normal,Imbalance,0.9969,1221.1
0E.csv,Normal,Imbalance,0.9217,1221.1
0E.csv,Normal,Imbalance,0.9963,1226.5
0E.csv,Normal,Imbalance,0.9369,1226.5
0E.csv,Normal,Imbalance,0.9709,1226.5
0E.csv,Normal,Imbalance,0.9966,1226.5
0E.csv,Normal,Imbalance,0.9953,1250.3
0E.csv,Normal,Imbalance,0.9929,1250.3
0E.csv,Normal,Imbalance,0.9876,1250.3
0E.csv,Normal,Imbalance,0.9919,1250.3
0E.csv,Normal,Imbalance,0.9955,1238.9
0E.csv,Normal,Imbalance,0.9970,1238.9
0E.csv,Normal,Imbalance,0.9959,1238.9
0E.csv,Normal,Imbalance,0.9693,1238.9
0E.csv,Normal,Imbalance,0.9775,1241.6
0E.csv,Normal,Imbalance,0.9957,1241.6
0E.csv,Normal,Imbalance,0.9945,1241.6
0E.csv,Normal,Imbalance,0.9874,1241.6
0E.csv,Normal,Imbalance,0.9851,1247.5
0E.csv,Normal,Imbalance,0.9727,1247.5
0E.csv,Normal,Imbalance,0.9950,1247.5
0E.csv,Normal,Imbalance,0.9631,1247.5
0E.csv,Normal,Imbalance,0.9174,1280.3
0E.csv,Normal,Imbalance,0.9906,1280.3
0E.csv,Normal,Imbalance,0.9828,1280.3
0E.csv,Normal,Imbalance,0.9720,1280.3
0E.csv,Normal,Imbalance,0.9894,1255.3
0E.csv,Normal,Imbalance,0.9111,1255.3
0E.csv,Normal,Imbalance,0.9977,1255.3
0E.csv,Normal,Imbalance,0.9919,1255.3
0E.csv,Normal,Imbalance,0.8954,1265.8
0E.csv,Normal,Imbalance,0.9460,1265.8
0E.csv,Normal,Imbalance,0.9970,1265.8
0E.csv,Normal,Imbalance,0.9894,1265.8
0E.csv,Normal,Imbalance,0.9671,1283.1
0E.csv,Normal,Imbalance,0.9923,1283.1
0E.csv,Normal,Imbalance,0.9832,1283.1
0E.csv,Normal,Imbalance,0.9408,1283.1
0E.csv,Normal,Imbalance,0.9825,1293.1
0E.csv,Normal,Imbalance,0.9899,1293.1
0E.csv,Normal,Imbalance,0.9732,1293.1
0E.csv,Normal,Imbalance,0.9699,1293.1
0E.csv,Normal,Imbalance,0.9984,1281.4
0E.csv,Normal,Imbalance,0.9977,1281.4
0E.csv,Normal,Imbalance,0.9996,1281.4
0E.csv,Normal,Imbalance,0.9890,1281.4
0E.csv,Normal,Imbalance,0.9817,1284.4
0E.csv,Normal,Imbalance,0.9840,1284.4
0E.csv,Normal,Imbalance,0.9861,1284.4
0E.csv,Normal,Imbalance,0.9961,1284.4
0E.csv,Normal,Imbalance,0.9965,1301.3
0E.csv,Normal,Imbalance,0.9981,1301.3
0E.csv,Normal,Imbalance,0.9697,1301.3
0E.csv,Normal,Imbalance,0.9959,1301.3
0E.csv,Normal,Imbalance,0.9991,1303.5
0E.csv,Normal,Imbalance,0.9833,1303.5
0E.csv,Normal,Imbalance,0.9882,1303.5
0E.csv,Normal,Imbalance,0.9934,1303.5
0E.csv,Normal,Imbalance,0.9920,1313.6
0E.csv,Normal,Imbalance,0.9966,1313.6
0E.csv,Normal,Imbalance,0.9337,1313.6
0E.csv,Normal,Imbalance,0.9986,1313.6
0E.csv,Normal,Imbalance,0.9946,1302.5
0E.csv,Normal,Imbalance,0.9894,1302.5
0E.csv,Normal,Imbalance,0.9899,1302.5
0E.csv,Normal,Imbalance,0.9964,1302.5
0E.csv,Normal,Imbalance,0.9877,1290.3
0E.csv,Normal,Imbalance,0.9536,1290.3
0E.csv,Normal,Imbalance,0.9956,1290.3
0E.csv,Normal,Imbalance,0.9969,1290.3
0E.csv,Normal,Imbalance,0.9427,1335.6
0E.csv,Normal,Imbalance,0.9965,1335.6
0E.csv,Normal,Imbalance,0.9728,1335.6
0E.csv,Normal,Imbalance,0.9838,1335.6
0E.csv,Normal,Imbalance,0.9550,1312.6
0E.csv,Normal,Imbalance,0.9339,1312.6
0E.csv,Normal,Imbalance,0.9976,1312.6
0E.csv,Normal,Imbalance,0.9959,1312.6
0E.csv,Normal,Imbalance,0.9876,1329.8
0E.csv,Normal,Imbalance,0.9752,1329.8
0E.csv,Normal,Imbalance,0.9910,1329.8
0E.csv,Normal,Imbalance,0.9951,1329.8
0E.csv,Normal,Imbalance,0.9866,1340.2
0E.csv,Normal,Imbalance,0.9807,1340.2
0E.csv,Normal,Imbalance,0.9498,1340.2
0E.csv,Normal,Imbalance,0.9868,1340.2
0E.csv,Normal,Imbalance,0.9728,1345.7
0E.csv,Normal,Imbalance,0.9809,1345.7
0E.csv,Normal,Imbalance,0.9790,1345.7
0E.csv,Normal,Imbalance,0.9798,1345.7
0E.csv,Normal,Imbalance,0.9365,1365.4
0E.csv,Normal,Imbalance,0.9454,1365.4
0E.csv,Normal,Imbalance,0.9524,1365.4
0E.csv,Normal,Imbalance,0.9855,1365.4
0E.csv,Normal,Imbalance,0.9845,1368.8
0E.csv,Normal,Imbalance,0.9600,1368.8
0E.csv,Normal,Imbalance,0.9371,1368.8
0E.csv,Normal,Imbalance,0.9628,1368.8
0E.csv,Normal,Imbalance,0.9764,1365.2
0E.csv,Normal,Imbalance,0.9026,1365.2
0E.csv,Normal,Imbalance,0.9823,1365.2
0E.csv,Normal,Imbalance,0.9834,1365.2
0E.csv,Normal,Imbalance,0.9900,1365.0
0E.csv,Normal,Imbalance,0.9786,1365.0
0E.csv,Normal,Imbalance,0.9710,1365.0
0E.csv,Normal,Imbalance,0.9742,1365.0
0E.csv,Normal,Imbalance,0.9321,1386.5
0E.csv,Normal,Imbalance,0.8310,1386.5
0E.csv,Normal,Imbalance,0.9607,1386.5
0E.csv,Normal,Imbalance,0.9003,1386.5
0E.csv,Normal,Imbalance,0.9757,1369.5
0E.csv,Normal,Imbalance,0.9370,1369.5
0E.csv,Normal,Imbalance,0.9670,1369.5
0E.csv,Normal,Imbalance,0.9869,1369.5
0E.csv,Normal,Imbalance,0.9265,1361.9
0E.csv,Normal,Imbalance,0.8691,1361.9
0E.csv,Normal,Imbalance,0.7707,1361.9
0E.csv,Normal,Imbalance,0.6390,1361.9
0E.csv,Normal,Imbalance,0.9154,1389.8
0E.csv,Normal,Imbalance,0.8290,1389.8
0E.csv,Normal,Imbalance,0.8282,1389.8
0E.csv,Normal,Imbalance,0.9014,1389.8
0E.csv,Normal,Imbalance,0.6079,1390.5
0E.csv,Normal,Imbalance,0.7574,1390.5
0E.csv,Normal,Imbalance,0.8129,1390.5
0E.csv,Normal,Imbalance,0.9568,1390.5
0E.csv,Normal,Imbalance,0.7147,1390.5
0E.csv,Normal,Imbalance,0.8845,1390.5
0E.csv,Normal,Imbalance,0.9660,1390.5
0E.csv,Normal,Imbalance,0.9629,1390.5
0E.csv,Normal,Imbalance,0.8324,1407.6
0E.csv,Normal,Imbalance,0.5462,1407.6
0E.csv,Normal,Imbalance,0.6435,1407.6
0E.csv,Normal,Imbalance,0.9286,1407.6
0E.csv,Normal,Imbalance,0.6527,1429.3
0E.csv,Normal,Bearing,0.7011,1429.3
0E.csv,Normal,Bearing,0.5611,1429.3
0E.csv,Normal,Imbalance,0.5011,1429.3
0E.csv,Normal,Imbalance,0.9471,1397.2
0E.csv,Normal,Imbalance,0.6829,1397.2
0E.csv,Normal,Imbalance,0.7759,1397.2
0E.csv,Normal,Imbalance,0.5619,1397.2
0E.csv,Normal,Imbalance,0.7398,1432.6
0E.csv,Normal,Imbalance,0.7879,1432.6
0E.csv,Normal,Imbalance,0.7432,1432.6
0E.csv,Normal,Bearing,0.7098,1432.6
0E.csv,Normal,Imbalance,0.6352,1412.4
0E.csv,Normal,Imbalance,0.8721,1412.4
0E.csv,Normal,Imbalance,0.9521,1412.4
0E.csv,Normal,Imbalance,0.8901,1412.4
0E.csv,Normal,Imbalance,0.8745,1435.4
0E.csv,Normal,Imbalance,0.9696,1435.4
0E.csv,Normal,Imbalance,0.9204,1435.4
0E.csv,Normal,Imbalance,0.9163,1435.4
0E.csv,Normal,Imbalance,0.8542,1437.7
0E.csv,Normal,Imbalance,0.9252,1437.7
0E.csv,Normal,Imbalance,0.8048,1437.7
0E.csv,Normal,Imbalance,0.9115,1437.7
0E.csv,Normal,Imbalance,0.8158,1436.6
0E.csv,Normal,Imbalance,0.8711,1436.6
0E.csv,Normal,Imbalance,0.7798,1436.6
0E.csv,Normal,Imbalance,0.9068,1436.6
0E.csv,Normal,Imbalance,0.8638,1455.1
0E.csv,Normal,Imbalance,0.9660,1455.1
0E.csv,Normal,Imbalance,0.8474,1455.1
0E.csv,Normal,Imbalance,0.9939,1455.1
0E.csv,Normal,Imbalance,0.9792,1441.2
0E.csv,Normal,Imbalance,0.9804,1441.2
0E.csv,Normal,Imbalance,0.9766,1441.2
0E.csv,Normal,Imbalance,0.9450,1441.2
0E.csv,Normal,Imbalance,0.9788,1441.2
0E.csv,Normal,Imbalance,0.9833,1441.2
0E.csv,Normal,Imbalance,0.9362,1441.2
0E.csv,Normal,Imbalance,0.9680,1441.2
0E.csv,Normal,Imbalance,0.9930,1449.8
0E.csv,Normal,Imbalance,0.9343,1449.8
0E.csv,Normal,Imbalance,0.9511,1449.8
0E.csv,Normal,Imbalance,0.9884,1449.8
0E.csv,Normal,Imbalance,0.9639,1462.1
0E.csv,Normal,Imbalance,0.9745,1462.1
0E.csv,Normal,Imbalance,0.9933,1462.1
0E.csv,Normal,Imbalance,0.9869,1462.1
0E.csv,Normal,Imbalance,0.9481,1471.4
0E.csv,Normal,Imbalance,0.9606,1471.4
0E.csv,Normal,Imbalance,0.9669,1471.4
0E.csv,Normal,Imbalance,0.9898,1471.4
0E.csv,Normal,Imbalance,0.9764,1470.9
0E.csv,Normal,Imbalance,0.9901,1470.9
0E.csv,Normal,Imbalance,0.9769,1470.9
0E.csv,Normal,Imbalance,0.9768,1470.9
0E.csv,Normal,Imbalance,0.9865,1471.3
0E.csv,Normal,Imbalance,0.9741,1471.3
0E.csv,Normal,Imbalance,0.9768,1471.3
0E.csv,Normal,Imbalance,0.9816,1471.3
0E.csv,Normal,Imbalance,0.9819,1456.9
0E.csv,Normal,Imbalance,0.9878,1456.9
0E.csv,Normal,Imbalance,0.9686,1456.9
0E.csv,Normal,Imbalance,0.9933,1456.9
0E.csv,Normal,Imbalance,0.8693,1525.1
0E.csv,Normal,Imbalance,0.9388,1525.1
0E.csv,Normal,Imbalance,0.6010,1525.1
0E.csv,Normal,Imbalance,0.8510,1525.1
0E.csv,Normal,Imbalance,0.9115,1514.9
0E.csv,Normal,Imbalance,0.9529,1514.9
0E.csv,Normal,Imbalance,0.9028,1514.9
0E.csv,Normal,Imbalance,0.7734,1514.9
0E.csv,Normal,Imbalance,0.9848,1497.8
0E.csv,Normal,Imbalance,0.7764,1497.8
0E.csv,Normal,Imbalance,0.9438,1497.8
0E.csv,Normal,Imbalance,0.9320,1497.8
0E.csv,Normal,Imbalance,0.9634,1491.1
0E.csv,Normal,Imbalance,0.9765,1491.1
0E.csv,Normal,Imbalance,0.8874,1491.1
0E.csv,Normal,Imbalance,0.8404,1491.1
0E.csv,Normal,Imbalance,0.6521,1516.8
0E.csv,Normal,Imbalance,0.7620,1516.8
0E.csv,Normal,Imbalance,0.9245,1516.8
0E.csv,Normal,Imbalance,0.9210,1516.8
0E.csv,Normal,Imbalance,0.7383,1525.9
0E.csv,Normal,Imbalance,0.8539,1525.9
0E.csv,Normal,Imbalance,0.7126,1525.9
0E.csv,Normal,Imbalance,0.8846,1525.9
0E.csv,Normal,Imbalance,0.6798,1512.5
0E.csv,Normal,Imbalance,0.9243,1512.5
0E.csv,Normal,Imbalance,0.6260,1512.5
0E.csv,Normal,Imbalance,0.6890,1512.5
0E.csv,Normal,Imbalance,0.9213,1534.0
0E.csv,Normal,Imbalance,0.8903,1534.0
0E.csv,Normal,Imbalance,0.7083,1534.0
0E.csv,Normal,Imbalance,0.9084,1534.0
0E.csv,Normal,Imbalance,0.8736,1537.2
0E.csv,Normal,Imbalance,0.9066,1537.2
0E.csv,Normal,Imbalance,0.8967,1537.2
0E.csv,Normal,Imbalance,0.6182,1537.2
0E.csv,Normal,Imbalance,0.7032,1538.3
0E.csv,Normal,Imbalance,0.6749,1538.3
0E.csv,Normal,Imbalance,0.5940,1538.3
0E.csv,Normal,Bearing,0.7806,1538.3
0E.csv,Normal,Bearing,0.7063,1534.1
0E.csv,Normal,Bearing,0.5197,1534.1
0E.csv,Normal,Bearing,0.5166,1534.1
0E.csv,Normal,Imbalance,0.6476,1534.1
0E.csv,Normal,Imbalance,0.5036,1533.3
0E.csv,Normal,Imbalance,0.5944,1533.3
0E.csv,Normal,Bearing,0.5645,1533.3
0E.csv,Normal,Bearing,0.5996,1533.3
0E.csv,Normal,Imbalance,0.9864,1522.5
0E.csv,Normal,Imbalance,0.6300,1522.5
0E.csv,Normal,Imbalance,0.7960,1522.5
0E.csv,Normal,Imbalance,0.8862,1522.5
0E.csv,Normal,Imbalance,0.7926,1523.1
0E.csv,Normal,Imbalance,0.8711,1523.1
0E.csv,Normal,Imbalance,0.5463,1523.1
0E.csv,Normal,Imbalance,0.6824,1523.1
0E.csv,Normal,Bearing,0.7913,1523.1
0E.csv,Normal,Imbalance,0.8917,1523.1
0E.csv,Normal,Imbalance,0.8589,1523.1
0E.csv,Normal,Imbalance,0.6523,1523.1
0E.csv,Normal,Imbalance,0.5419,1554.2
0E.csv,Normal,Imbalance,0.5653,1554.2
0E.csv,Normal,Bearing,0.6892,1554.2
0E.csv,Normal,Imbalance,0.5957,1554.2
0E.csv,Normal,Imbalance,0.6091,1579.7
0E.csv,Normal,Bearing,0.6853,1579.7
0E.csv,Normal,Imbalance,0.9241,1579.7
0E.csv,Normal,Imbalance,0.7553,1579.7
0E.csv,Normal,Bearing,0.8765,1575.6
0E.csv,Normal,Imbalance,0.7365,1575.6
0E.csv,Normal,Bearing,0.7035,1575.6
0E.csv,Normal,Imbalance,0.5835,1575.6
0E.csv,Normal,Bearing,0.6404,1576.0
0E.csv,Normal,Bearing,0.6133,1576.0
0E.csv,Normal,Bearing,0.8339,1576.0
0E.csv,Normal,Imbalance,0.6387,1576.0
0E.csv,Normal,Bearing,0.6614,1588.1
0E.csv,Normal,Bearing,0.5311,1588.1
0E.csv,Normal,Imbalance,0.8714,1588.1
0E.csv,Normal,Bearing,0.7683,1588.1
0E.csv,Normal,Bearing,0.8985,1607.5
0E.csv,Normal,Bearing,0.8706,1607.5
0E.csv,Normal,Bearing,0.8714,1607.5
0E.csv,Normal,Imbalance,0.5160,1607.5
0E.csv,Normal,Bearing,0.5398,1601.7
0E.csv,Normal,Bearing,0.8101,1601.7
0E.csv,Normal,Bearing,0.8559,1601.7
0E.csv,Normal,Bearing,0.6166,1601.7
0E.csv,Normal,Bearing,0.9599,1610.8
0E.csv,Normal,Bearing,0.8421,1610.8
0E.csv,Normal,Bearing,0.5956,1610.8
0E.csv,Normal,Bearing,0.6232,1610.8
0E.csv,Normal,Bearing,0.6224,1624.5
0E.csv,Normal,Bearing,0.7385,1624.5
0E.csv,Normal,Bearing,0.5355,1624.5
0E.csv,Normal,Bearing,0.6337,1624.5
0E.csv,Normal,Bearing,0.6859,1641.3
0E.csv,Normal,Bearing,0.5597,1641.3
0E.csv,Normal,Bearing,0.6538,1641.3
0E.csv,Normal,Bearing,0.9231,1641.3
0E.csv,Normal,Bearing,0.9405,1605.0
0E.csv,Normal,Imbalance,0.8846,1605.0
0E.csv,Normal,Imbalance,0.5501,1605.0
0E.csv,Normal,Bearing,0.6284,1605.0
0E.csv,Normal,Bearing,0.6689,1641.8
0E.csv,Normal,Bearing,0.8456,1641.8
0E.csv,Normal,Bearing,0.6617,1641.8
0E.csv,Normal,Imbalance,0.6802,1641.8
0E.csv,Normal,Imbalance,0.6276,1649.7
0E.csv,Normal,Bearing,0.7329,1649.7
0E.csv,Normal,Bearing,0.7731,1649.7
0E.csv,Normal,Bearing,0.5024,1649.7
0E.csv,Normal,Bearing,0.6531,1653.3
0E.csv,Normal,Bearing,0.8546,1653.3
0E.csv,Normal,Imbalance,0.5880,1653.3
0E.csv,Normal,Bearing,0.7390,1653.3
0E.csv,Normal,Imbalance,0.9230,1639.7
0E.csv,Normal,Imbalance,0.7532,1639.7
0E.csv,Normal,Imbalance,0.5039,1639.7
0E.csv,Normal,Bearing,0.6264,1639.7
0E.csv,Normal,Bearing,0.8476,1639.0
0E.csv,Normal,Bearing,0.8216,1639.0
0E.csv,Normal,Bearing,0.5976,1639.0
0E.csv,Normal,Bearing,0.7461,1639.0
0E.csv,Normal,Bearing,0.8263,1666.8
0E.csv,Normal,Imbalance,0.7795,1666.8
0E.csv,Normal,Imbalance,0.8347,1666.8
0E.csv,Normal,Imbalance,0.5787,1666.8
0E.csv,Normal,Imbalance,0.6420,1660.8
0E.csv,Normal,Bearing,0.5977,1660.8
0E.csv,Normal,Imbalance,0.8608,1660.8
0E.csv,Normal,Imbalance,0.5170,1660.8
0E.csv,Normal,Imbalance,0.5032,1675.3
0E.csv,Normal,Imbalance,0.8829,1675.3
0E.csv,Normal,Imbalance,0.8073,1675.3
0E.csv,Normal,Bearing,0.5174,1675.3
0E.csv,Normal,Bearing,0.6074,1660.6
0E.csv,Normal,Imbalance,0.5047,1660.6
0E.csv,Normal,Bearing,0.6447,1660.6
0E.csv,Normal,Bearing,0.5923,1660.6
0E.csv,Normal,Bearing,0.5279,1692.8
0E.csv,Normal,Imbalance,0.7634,1692.8
0E.csv,Normal,Imbalance,0.9108,1692.8
0E.csv,Normal,Imbalance,0.7030,1692.8
0E.csv,Normal,Imbalance,0.8548,1672.1
0E.csv,Normal,Bearing,0.5297,1672.1
0E.csv,Normal,Bearing,0.6720,1672.1
0E.csv,Normal,Imbalance,0.7600,1672.1
0E.csv,Normal,Imbalance,0.8534,1700.3
0E.csv,Normal,Imbalance,0.7171,1700.3
0E.csv,Normal,Imbalance,0.6795,1700.3
0E.csv,Normal,Imbalance,0.8777,1700.3
0E.csv,Normal,Imbalance,0.6513,1681.5
0E.csv,Normal,Bearing,0.5316,1681.5
0E.csv,Normal,Imbalance,0.8096,1681.5
0E.csv,Normal,Imbalance,0.6365,1681.5
0E.csv,Normal,Imbalance,0.7801,1709.0
0E.csv,Normal,Imbalance,0.7363,1709.0
0E.csv,Normal,Imbalance,0.8240,1709.0
0E.csv,Normal,Imbalance,0.7673,1709.0
0E.csv,Normal,Imbalance,0.7320,1717.2
0E.csv,Normal,Imbalance,0.5980,1717.2
0E.csv,Normal,Imbalance,0.8499,1717.2
0E.csv,Normal,Bearing,0.5196,1717.2
0E.csv,Normal,Imbalance,0.8532,1711.9
0E.csv,Normal,Imbalance,0.6981,1711.9
0E.csv,Normal,Imbalance,0.7838,1711.9
0E.csv,Normal,Imbalance,0.9237,1711.9
0E.csv,Normal,Imbalance,0.8725,1692.9
0E.csv,Normal,Imbalance,0.8014,1692.9
0E.csv,Normal,Imbalance,0.9560,1692.9
0E.csv,Normal,Imbalance,0.5499,1692.9
0E.csv,Normal,Imbalance,0.7844,1698.6
0E.csv,Normal,Imbalance,0.7382,1698.6
0E.csv,Normal,Bearing,0.5055,1698.6
0E.csv,Normal,Imbalance,0.6103,1698.6
0E.csv,Normal,Imbalance,0.9005,1739.1
0E.csv,Normal,Bearing,0.5148,1739.1
0E.csv,Normal,Imbalance,0.6378,1739.1
0E.csv,Normal,Imbalance,0.8771,1739.1
0E.csv,Normal,Imbalance,0.6323,1739.1
0E.csv,Normal,Imbalance,0.5790,1739.1
0E.csv,Normal,Imbalance,0.6567,1739.1
0E.csv,Normal,Bearing,0.6878,1739.1
0E.csv,Normal,Imbalance,0.5681,1729.2
0E.csv,Normal,Imbalance,0.8150,1729.2
0E.csv,Normal,Imbalance,0.6054,1729.2
0E.csv,Normal,Imbalance,0.7894,1729.2
0E.csv,Normal,Imbalance,0.5971,1717.5
0E.csv,Normal,Imbalance,0.6811,1717.5
0E.csv,Normal,Imbalance,0.7031,1717.5
0E.csv,Normal,Imbalance,0.7574,1717.5
0E.csv,Normal,Imbalance,0.6833,1749.7
0E.csv,Normal,Imbalance,0.7139,1749.7
0E.csv,Normal,Imbalance,0.6108,1749.7
0E.csv,Normal,Bearing,0.5407,1749.7
0E.csv,Normal,Bearing,0.6488,1745.5
0E.csv,Normal,Bearing,0.8354,1745.5
0E.csv,Normal,Imbalance,0.6998,1745.5
0E.csv,Normal,Bearing,0.6747,1745.5
0E.csv,Normal,Bearing,0.6804,1760.5
0E.csv,Normal,Imbalance,0.5175,1760.5
0E.csv,Normal,Bearing,0.7212,1760.5
0E.csv,Normal,Bearing,0.6621,1760.5
0E.csv,Normal,Bearing,0.8298,1768.8
0E.csv,Normal,Bearing,0.9188,1768.8
0E.csv,Normal,Bearing,0.7480,1768.8
0E.csv,Normal,Bearing,0.7732,1768.8
0E.csv,Normal,Imbalance,0.6046,1770.5
0E.csv,Normal,Bearing,0.8125,1770.5
0E.csv,Normal,Bearing,0.7528,1770.5
0E.csv,Normal,Bearing,0.7185,1770.5
0E.csv,Normal,Bearing,0.7676,1781.7
0E.csv,Normal,Bearing,0.8523,1781.7
0E.csv,Normal,Bearing,0.8387,1781.7
0E.csv,Normal,Bearing,0.6416,1781.7
0E.csv,Normal,Bearing,0.9363,1770.3
0E.csv,Normal,Bearing,0.8632,1770.3
0E.csv,Normal,Imbalance,0.5158,1770.3
0E.csv,Normal,Bearing,0.7933,1770.3
0E.csv,Normal,Bearing,0.8334,1764.8
0E.csv,Normal,Bearing,0.7518,1764.8
0E.csv,Normal,Bearing,0.7829,1764.8
0E.csv,Normal,Bearing,0.6130,1764.8
0E.csv,Normal,Bearing,0.9524,1818.3
0E.csv,Normal,Bearing,0.9870,1818.3
0E.csv,Normal,Bearing,0.9819,1818.3
0E.csv,Normal,Bearing,0.9495,1818.3
0E.csv,Normal,Bearing,0.9504,1777.5
0E.csv,Normal,Bearing,0.8273,1777.5
0E.csv,Normal,Bearing,0.8532,1777.5
0E.csv,Normal,Bearing,0.8815,1777.5
0E.csv,Normal,Bearing,0.9721,1812.8
0E.csv,Normal,Bearing,0.9900,1812.8
0E.csv,Normal,Bearing,0.9699,1812.8
0E.csv,Normal,Bearing,0.9819,1812.8
0E.csv,Normal,Bearing,0.9218,1770.9
0E.csv,Normal,Bearing,0.9794,1770.9
0E.csv,Normal,Bearing,0.9628,1770.9
0E.csv,Normal,Imbalance,0.5755,1770.9
0E.csv,Normal,Bearing,0.9876,1829.4
0E.csv,Normal,Bearing,0.8331,1829.4
0E.csv,Normal,Bearing,0.9734,1829.4
0E.csv,Normal,Bearing,0.9852,1829.4
0E.csv,Normal,Bearing,0.9951,1824.0
0E.csv,Normal,Bearing,0.9902,1824.0
0E.csv,Normal,Bearing,0.9963,1824.0
0E.csv,Normal,Bearing,0.9833,1824.0
0E.csv,Normal,Bearing,0.9876,1809.0
0E.csv,Normal,Bearing,0.9826,1809.0
0E.csv,Normal,Bearing,0.9778,1809.0
0E.csv,Normal,Bearing,0.9844,1809.0
0E.csv,Normal,Bearing,0.9968,1844.0
0E.csv,Normal,Bearing,0.9977,1844.0
0E.csv,Normal,Bearing,0.9981,1844.0
0E.csv,Normal,Bearing,0.9394,1844.0
0E.csv,Normal,Bearing,0.9245,1833.9
0E.csv,Normal,Bearing,0.9503,1833.9
0E.csv,Normal,Bearing,0.9900,1833.9
0E.csv,Normal,Bearing,0.9922,1833.9
0E.csv,Normal,Bearing,0.9947,1833.9
0E.csv,Normal,Bearing,0.9810,1833.9
0E.csv,Normal,Bearing,0.9932,1833.9
0E.csv,Normal,Bearing,0.9931,1833.9
0E.csv,Normal,Bearing,0.9979,1833.7
0E.csv,Normal,Bearing,0.9942,1833.7
0E.csv,Normal,Bearing,0.9790,1833.7
0E.csv,Normal,Bearing,0.9915,1833.7
0E.csv,Normal,Bearing,0.9976,1849.3
0E.csv,Normal,Bearing,0.9952,1849.3
0E.csv,Normal,Bearing,0.9949,1849.3
0E.csv,Normal,Bearing,0.9938,1849.3
0E.csv,Normal,Bearing,0.9944,1845.4
0E.csv,Normal,Bearing,0.9882,1845.4
0E.csv,Normal,Bearing,0.9976,1845.4
0E.csv,Normal,Bearing,0.9832,1845.4
0E.csv,Normal,Bearing,0.9966,1813.7
0E.csv,Normal,Bearing,0.9944,1813.7
0E.csv,Normal,Bearing,0.9843,1813.7
0E.csv,Normal,Bearing,0.9939,1813.7
0E.csv,Normal,Bearing,0.9965,1893.0
0E.csv,Normal,Bearing,0.9994,1893.0
0E.csv,Normal,Bearing,0.9974,1893.0
0E.csv,Normal,Bearing,0.9997,1893.0
0E.csv,Normal,Bearing,0.9958,1879.3
0E.csv,Normal,Bearing,0.9963,1879.3
0E.csv,Normal,Bearing,0.9998,1879.3
0E.csv,Normal,Bearing,0.9998,1879.3
0E.csv,Normal,Bearing,0.9993,1871.4
0E.csv,Normal,Bearing,0.9970,1871.4
0E.csv,Normal,Bearing,0.9995,1871.4
0E.csv,Normal,Bearing,0.9990,1871.4
0E.csv,Normal,Bearing,0.9974,1876.8
0E.csv,Normal,Bearing,0.9997,1876.8
0E.csv,Normal,Bearing,0.9998,1876.8
0E.csv,Normal,Bearing,0.9985,1876.8
0E.csv,Normal,Bearing,0.9985,1883.1
0E.csv,Normal,Bearing,0.9996,1883.1
0E.csv,Normal,Bearing,0.9988,1883.1
0E.csv,Normal,Bearing,0.9999,1883.1
0E.csv,Normal,Bearing,0.9993,1884.8
0E.csv,Normal,Bearing,0.9997,1884.8
0E.csv,Normal,Bearing,0.9804,1884.8
0E.csv,Normal,Bearing,0.9980,1884.8
0E.csv,Normal,Bearing,0.9993,1893.1
0E.csv,Normal,Bearing,0.9995,1893.1
0E.csv,Normal,Bearing,0.9984,1893.1
0E.csv,Normal,Bearing,0.9928,1893.1
0E.csv,Normal,Bearing,0.9996,1897.5
0E.csv,Normal,Bearing,0.9957,1897.5
0E.csv,Normal,Bearing,0.9974,1897.5
0E.csv,Normal,Bearing,0.9941,1897.5
0E.csv,Normal,Bearing,0.9992,1907.9
0E.csv,Normal,Bearing,0.9981,1907.9
0E.csv,Normal,Bearing,0.9985,1907.9
0E.csv,Normal,Bearing,0.9993,1907.9
0E.csv,Normal,Bearing,0.9947,1912.4
0E.csv,Normal,Bearing,0.9953,1912.4
0E.csv,Normal,Bearing,0.9981,1912.4
0E.csv,Normal,Bearing,0.9726,1912.4
0E.csv,Normal,Bearing,0.9976,1931.2
0E.csv,Normal,Bearing,0.9974,1931.2
0E.csv,Normal,Bearing,0.9943,1931.2
0E.csv,Normal,Bearing,0.9987,1931.2
0E.csv,Normal,Bearing,0.9968,1930.1
0E.csv,Normal,Bearing,0.9990,1930.1
0E.csv,Normal,Bearing,0.9997,1930.1
0E.csv,Normal,Bearing,0.9991,1930.1
0E.csv,Normal,Bearing,0.9994,1932.0
0E.csv,Normal,Bearing,0.9993,1932.0
0E.csv,Normal,Bearing,0.9970,1932.0
0E.csv,Normal,Bearing,0.9968,1932.0
0E.csv,Normal,Bearing,0.9535,1592.5
0E.csv,Normal,Bearing,0.5126,1592.5
0E.csv,Normal,Imbalance,0.9983,1592.5
0E.csv,Normal,Imbalance,0.9596,1592.5
0E.csv,Normal,Imbalance,0.8908,1063.0
0E.csv,Normal,Imbalance,0.9934,1063.0
0E.csv,Normal,Imbalance,0.9973,1063.0
0E.csv,Normal,Imbalance,0.9927,1063.0
0E.csv,Normal,Imbalance,0.9946,1054.8
0E.csv,Normal,Imbalance,0.9988,1054.8
0E.csv,Normal,Imbalance,0.9983,1054.8
0E.csv,Normal,Imbalance,0.9931,1054.8
0E.csv,Normal,Imbalance,0.9445,1061.8
0E.csv,Normal,Imbalance,0.9737,1061.8
0E.csv,Normal,Imbalance,0.8866,1061.8
0E.csv,Normal,Imbalance,0.9759,1061.8
0E.csv,Normal,Imbalance,0.9727,1063.2
0E.csv,Normal,Imbalance,0.9872,1063.2
0E.csv,Normal,Imbalance,0.9596,1063.2
0E.csv,Normal,Imbalance,0.9919,1063.2
0E.csv,Normal,Imbalance,0.9857,1098.2
0E.csv,Normal,Imbalance,0.9843,1098.2
0E.csv,Normal,Imbalance,0.9944,1098.2
0E.csv,Normal,Imbalance,0.9941,1098.2
0E.csv,Normal,Imbalance,0.9868,1093.1
0E.csv,Normal,Imbalance,0.9705,1093.1
0E.csv,Normal,Imbalance,0.9834,1093.1
0E.csv,Normal,Imbalance,0.9945,1093.1
0E.csv,Normal,Imbalance,0.9950,1085.9
0E.csv,Normal,Imbalance,0.9995,1085.9
0E.csv,Normal,Imbalance,0.8060,1085.9
0E.csv,Normal,Imbalance,0.8770,1085.9
0E.csv,Normal,Imbalance,0.9943,1090.4
0E.csv,Normal,Imbalance,0.9977,1090.4
0E.csv,Normal,Imbalance,0.9983,1090.4
0E.csv,Normal,Imbalance,0.9933,1090.4
0E.csv,Normal,Imbalance,0.9862,1095.3
0E.csv,Normal,Imbalance,0.9945,1095.3
0E.csv,Normal,Imbalance,0.7975,1095.3
0E.csv,Normal,Imbalance,0.9702,1095.3
0E.csv,Normal,Imbalance,0.9944,1097.5
0E.csv,Normal,Imbalance,0.9435,1097.5
0E.csv,Normal,Imbalance,0.8596,1097.5
0E.csv,Normal,Imbalance,0.9787,1097.5
0E.csv,Normal,Imbalance,0.9925,1095.2
0E.csv,Normal,Imbalance,0.9919,1095.2
0E.csv,Normal,Imbalance,0.9970,1095.2
0E.csv,Normal,Imbalance,0.9835,1095.2
0E.csv,Normal,Imbalance,0.9876,1105.6
0E.csv,Normal,Imbalance,0.9894,1105.6
0E.csv,Normal,Imbalance,0.9774,1105.6
0E.csv,Normal,Imbalance,0.9574,1105.6
0E.csv,Normal,Imbalance,0.9126,1118.7
0E.csv,Normal,Imbalance,0.8314,1118.7
0E.csv,Normal,Imbalance,0.9739,1118.7
0E.csv,Normal,Imbalance,0.9616,1118.7
0E.csv,Normal,Imbalance,0.9770,1116.0
0E.csv,Normal,Imbalance,0.9554,1116.0
0E.csv,Normal,Imbalance,0.9822,1116.0
0E.csv,Normal,Imbalance,0.9776,1116.0
0E.csv,Normal,Imbalance,0.9834,1126.1
0E.csv,Normal,Imbalance,0.7946,1126.1
0E.csv,Normal,Imbalance,0.9909,1126.1
0E.csv,Normal,Imbalance,0.9614,1126.1
0E.csv,Normal,Imbalance,0.9859,1132.2
0E.csv,Normal,Imbalance,0.8614,1132.2
0E.csv,Normal,Imbalance,0.9397,1132.2
0E.csv,Normal,Imbalance,0.9455,1132.2
0E.csv,Normal,Imbalance,0.9503,1149.5
0E.csv,Normal,Imbalance,0.9587,1149.5
0E.csv,Normal,Imbalance,0.6602,1149.5
0E.csv,Normal,Imbalance,0.9230,1149.5
0E.csv,Normal,Imbalance,0.9184,1154.9
0E.csv,Normal,Imbalance,0.9809,1154.9
0E.csv,Normal,Imbalance,0.9896,1154.9
0E.csv,Normal,Imbalance,0.8455,1154.9
0E.csv,Normal,Imbalance,0.9696,1162.2
0E.csv,Normal,Imbalance,0.9818,1162.2
0E.csv,Normal,Imbalance,0.9877,1162.2
0E.csv,Normal,Imbalance,0.9822,1162.2
0E.csv,Normal,Imbalance,0.9795,1158.3
0E.csv,Normal,Imbalance,0.9948,1158.3
0E.csv,Normal,Imbalance,0.9868,1158.3
0E.csv,Normal,Imbalance,0.9757,1158.3
0E.csv,Normal,Imbalance,0.9859,1160.2
0E.csv,Normal,Imbalance,0.9933,1160.2
0E.csv,Normal,Imbalance,0.9804,1160.2
0E.csv,Normal,Imbalance,0.9676,1160.2
0E.csv,Normal,Imbalance,0.9746,1160.2
0E.csv,Normal,Imbalance,0.9968,1160.2
0E.csv,Normal,Imbalance,0.9887,1160.2
0E.csv,Normal,Imbalance,0.9930,1160.2
0E.csv,Normal,Imbalance,0.9951,1167.5
0E.csv,Normal,Imbalance,0.9941,1167.5
0E.csv,Normal,Imbalance,0.9876,1167.5
0E.csv,Normal,Imbalance,0.9922,1167.5
0E.csv,Normal,Imbalance,0.9874,1166.1
0E.csv,Normal,Imbalance,0.9942,1166.1
0E.csv,Normal,Imbalance,0.9881,1166.1
0E.csv,Normal,Imbalance,0.9898,1166.1
0E.csv,Normal,Imbalance,0.9849,1181.8
0E.csv,Normal,Imbalance,0.9726,1181.8
0E.csv,Normal,Imbalance,0.9933,1181.8
0E.csv,Normal,Imbalance,0.9579,1181.8
0E.csv,Normal,Imbalance,0.9553,1179.6
0E.csv,Normal,Imbalance,0.9896,1179.6
0E.csv,Normal,Imbalance,0.9548,1179.6
0E.csv,Normal,Imbalance,0.9988,1179.6
0E.csv,Normal,Imbalance,0.9532,1179.7
0E.csv,Normal,Imbalance,0.9975,1179.7
0E.csv,Normal,Imbalance,0.9433,1179.7
0E.csv,Normal,Imbalance,0.8822,1179.7
0E.csv,Normal,Imbalance,0.9461,1179.7
0E.csv,Normal,Imbalance,0.9550,1179.7
0E.csv,Normal,Imbalance,0.9859,1179.7
0E.csv,Normal,Imbalance,0.8123,1179.7
0E.csv,Normal,Imbalance,0.9810,1205.6
0E.csv,Normal,Imbalance,0.9370,1205.6
0E.csv,Normal,Imbalance,0.8984,1205.6
0E.csv,Normal,Imbalance,0.9676,1205.6
0E.csv,Normal,Imbalance,0.9917,1224.3
0E.csv,Normal,Imbalance,0.9351,1224.3
0E.csv,Normal,Imbalance,0.9836,1224.3
0E.csv,Normal,Imbalance,0.9945,1224.3
0E.csv,Normal,Imbalance,0.9214,1184.4
0E.csv,Normal,Imbalance,0.9551,1184.4
0E.csv,Normal,Imbalance,0.8528,1184.4
0E.csv,Normal,Imbalance,0.9721,1184.4
0E.csv,Normal,Imbalance,0.8110,1216.0
0E.csv,Normal,Imbalance,0.7706,1216.0
0E.csv,Normal,Imbalance,0.9437,1216.0
0E.csv,Normal,Imbalance,0.9867,1216.0
0E.csv,Normal,Imbalance,0.7264,1220.6
0E.csv,Normal,Imbalance,0.9976,1220.6
0E.csv,Normal,Imbalance,0.9964,1220.6
0E.csv,Normal,Imbalance,0.9970,1220.6
0E.csv,Normal,Imbalance,0.9989,1220.6
0E.csv,Normal,Imbalance,0.9969,1220.6
0E.csv,Normal,Imbalance,0.9971,1220.6
0E.csv,Normal,Imbalance,0.9888,1220.6
0E.csv,Normal,Imbalance,0.9981,1223.7
0E.csv,Normal,Imbalance,0.9799,1223.7
0E.csv,Normal,Imbalance,0.9781,1223.7
0E.csv,Normal,Imbalance,0.9500,1223.7
0E.csv,Normal,Imbalance,0.9932,1240.8
0E.csv,Normal,Imbalance,0.9848,1240.8
0E.csv,Normal,Imbalance,0.9934,1240.8
0E.csv,Normal,Imbalance,0.9866,1240.8
0E.csv,Normal,Imbalance,0.9988,1244.4
0E.csv,Normal,Imbalance,0.9761,1244.4
0E.csv,Normal,Imbalance,0.9871,1244.4
0E.csv,Normal,Imbalance,0.9945,1244.4
0E.csv,Normal,Imbalance,0.8732,1253.2
0E.csv,Normal,Imbalance,0.7322,1253.2
0E.csv,Normal,Imbalance,0.9960,1253.2
0E.csv,Normal,Imbalance,0.9666,1253.2
0E.csv,Normal,Imbalance,0.9902,1245.1
0E.csv,Normal,Imbalance,0.9846,1245.1
0E.csv,Normal,Imbalance,0.8715,1245.1
0E.csv,Normal,Imbalance,0.9311,1245.1
0E.csv,Normal,Imbalance,0.9815,1239.4
0E.csv,Normal,Imbalance,0.9842,1239.4
0E.csv,Normal,Imbalance,0.9823,1239.4
0E.csv,Normal,Imbalance,0.9868,1239.4
0E.csv,Normal,Imbalance,0.9740,1282.5
0E.csv,Normal,Imbalance,0.9972,1282.5
0E.csv,Normal,Imbalance,0.9736,1282.5
0E.csv,Normal,Imbalance,0.9987,1282.5
0E.csv,Normal,Imbalance,0.9939,1263.0
0E.csv,Normal,Imbalance,0.9838,1263.0
0E.csv,Normal,Imbalance,0.9665,1263.0
0E.csv,Normal,Imbalance,0.9890,1263.0
0E.csv,Normal,Imbalance,0.9805,1277.8
0E.csv,Normal,Imbalance,0.9954,1277.8
0E.csv,Normal,Imbalance,0.9960,1277.8
0E.csv,Normal,Imbalance,0.9729,1277.8
0E.csv,Normal,Imbalance,0.9833,1271.8
0E.csv,Normal,Imbalance,0.9993,1271.8
0E.csv,Normal,Imbalance,0.9306,1271.8
0E.csv,Normal,Imbalance,0.9950,1271.8
0E.csv,Normal,Imbalance,0.9530,1289.7
0E.csv,Normal,Imbalance,0.9910,1289.7
0E.csv,Normal,Imbalance,0.9884,1289.7
0E.csv,Normal,Imbalance,0.8421,1289.7
0E.csv,Normal,Imbalance,0.9058,1272.8
0E.csv,Normal,Imbalance,0.9830,1272.8
0E.csv,Normal,Imbalance,0.9966,1272.8
0E.csv,Normal,Imbalance,0.9923,1272.8
0E.csv,Normal,Imbalance,0.9981,1292.5
0E.csv,Normal,Imbalance,0.9850,1292.5
0E.csv,Normal,Imbalance,0.9983,1292.5
0E.csv,Normal,Imbalance,0.9964,1292.5
0E.csv,Normal,Imbalance,0.9982,1312.9
0E.csv,Normal,Imbalance,0.9509,1312.9
0E.csv,Normal,Imbalance,0.9967,1312.9
0E.csv,Normal,Imbalance,0.9972,1312.9
0E.csv,Normal,Imbalance,0.9798,1308.8
0E.csv,Normal,Imbalance,0.9868,1308.8
0E.csv,Normal,Imbalance,0.9056,1308.8
0E.csv,Normal,Imbalance,0.9878,1308.8
0E.csv,Normal,Imbalance,0.9926,1307.6
0E.csv,Normal,Imbalance,0.9799,1307.6
0E.csv,Normal,Imbalance,0.9379,1307.6
0E.csv,Normal,Imbalance,0.9886,1307.6
0E.csv,Normal,Imbalance,0.9302,1307.9
0E.csv,Normal,Imbalance,0.9652,1307.9
0E.csv,Normal,Imbalance,0.9875,1307.9
0E.csv,Normal,Imbalance,0.9890,1307.9
0E.csv,Normal,Imbalance,0.9870,1318.5
0E.csv,Normal,Imbalance,0.9940,1318.5
0E.csv,Normal,Imbalance,0.9950,1318.5
0E.csv,Normal,Imbalance,0.9631,1318.5
0E.csv,Normal,Imbalance,0.9007,1329.5
0E.csv,Normal,Imbalance,0.9735,1329.5
0E.csv,Normal,Imbalance,0.9883,1329.5
0E.csv,Normal,Imbalance,0.9102,1329.5
0E.csv,Normal,Imbalance,0.9892,1329.5
0E.csv,Normal,Imbalance,0.9935,1329.5
0E.csv,Normal,Imbalance,0.9543,1329.5
0E.csv,Normal,Imbalance,0.9951,1329.5
0E.csv,Normal,Imbalance,0.9806,1329.4
0E.csv,Normal,Imbalance,0.9924,1329.4
0E.csv,Normal,Imbalance,0.9903,1329.4
0E.csv,Normal,Imbalance,0.9979,1329.4
0E.csv,Normal,Imbalance,0.9974,1346.2
0E.csv,Normal,Imbalance,0.9238,1346.2
0E.csv,Normal,Imbalance,0.9774,1346.2
0E.csv,Normal,Imbalance,0.9779,1346.2
0E.csv,Normal,Imbalance,0.9935,1341.2
0E.csv,Normal,Imbalance,0.9255,1341.2
0E.csv,Normal,Imbalance,0.9828,1341.2
0E.csv,Normal,Imbalance,0.9846,1341.2
0E.csv,Normal,Imbalance,0.8801,1370.9
0E.csv,Normal,Imbalance,0.9068,1370.9
0E.csv,Normal,Imbalance,0.9749,1370.9
0E.csv,Normal,Imbalance,0.9432,1370.9
0E.csv,Normal,Imbalance,0.9771,1343.1
0E.csv,Normal,Imbalance,0.9552,1343.1
0E.csv,Normal,Imbalance,0.9919,1343.1
0E.csv,Normal,Imbalance,0.9874,1343.1
0E.csv,Normal,Imbalance,0.9466,1362.3
0E.csv,Normal,Imbalance,0.9918,1362.3
0E.csv,Normal,Imbalance,0.9045,1362.3
0E.csv,Normal,Imbalance,0.9649,1362.3
0E.csv,Normal,Imbalance,0.9893,1376.3
0E.csv,Normal,Imbalance,0.9893,1376.3
0E.csv,Normal,Imbalance,0.9679,1376.3
0E.csv,Normal,Imbalance,0.9576,1376.3
0E.csv,Normal,Imbalance,0.9545,1370.7
0E.csv,Normal,Imbalance,0.9814,1370.7
0E.csv,Normal,Imbalance,0.9036,1370.7
0E.csv,Normal,Imbalance,0.9819,1370.7
0E.csv,Normal,Imbalance,0.9860,1357.1
0E.csv,Normal,Imbalance,0.9986,1357.1
0E.csv,Normal,Imbalance,0.9595,1357.1
0E.csv,Normal,Imbalance,0.9729,1357.1
0E.csv,Normal,Imbalance,0.9718,1395.6
0E.csv,Normal,Imbalance,0.8747,1395.6
0E.csv,Normal,Imbalance,0.7053,1395.6
0E.csv,Normal,Imbalance,0.9431,1395.6
0E.csv,Normal,Imbalance,0.8242,1392.6
0E.csv,Normal,Imbalance,0.7712,1392.6
0E.csv,Normal,Imbalance,0.6707,1392.6
0E.csv,Normal,Imbalance,0.8593,1392.6
0E.csv,Normal,Imbalance,0.8815,1401.9
0E.csv,Normal,Bearing,0.7408,1401.9
0E.csv,Normal,Imbalance,0.9718,1401.9
0E.csv,Normal,Imbalance,0.9287,1401.9
0E.csv,Normal,Imbalance,0.8919,1388.9
0E.csv,Normal,Imbalance,0.9457,1388.9
0E.csv,Normal,Imbalance,0.7296,1388.9
0E.csv,Normal,Imbalance,0.5474,1388.9
0E.csv,Normal,Imbalance,0.8804,1391.7
0E.csv,Normal,Imbalance,0.8051,1391.7
0E.csv,Normal,Imbalance,0.5973,1391.7
0E.csv,Normal,Imbalance,0.5676,1391.7
0E.csv,Normal,Imbalance,0.8598,1410.4
0E.csv,Normal,Imbalance,0.6864,1410.4
0E.csv,Normal,Imbalance,0.9086,1410.4
0E.csv,Normal,Imbalance,0.6668,1410.4
0E.csv,Normal,Imbalance,0.8254,1422.2
0E.csv,Normal,Imbalance,0.6922,1422.2
0E.csv,Normal,Imbalance,0.8977,1422.2
0E.csv,Normal,Imbalance,0.7838,1422.2
0E.csv,Normal,Bearing,0.5270,1413.7
0E.csv,Normal,Imbalance,0.5676,1413.7
0E.csv,Normal,Bearing,0.5415,1413.7
0E.csv,Normal,Bearing,0.5034,1413.7
0E.csv,Normal,Bearing,0.6782,1427.6
0E.csv,Normal,Imbalance,0.9042,1427.6
0E.csv,Normal,Imbalance,0.8571,1427.6
0E.csv,Normal,Imbalance,0.6988,1427.6
0E.csv,Normal,Imbalance,0.9616,1428.3
0E.csv,Normal,Imbalance,0.7524,1428.3
0E.csv,Normal,Imbalance,0.8976,1428.3
0E.csv,Normal,Imbalance,0.9177,1428.3
0E.csv,Normal,Imbalance,0.9578,1426.5
0E.csv,Normal,Imbalance,0.9190,1426.5
0E.csv,Normal,Imbalance,0.9179,1426.5
0E.csv,Normal,Imbalance,0.8371,1426.5
0E.csv,Normal,Imbalance,0.9143,1456.4
0E.csv,Normal,Imbalance,0.6405,1456.4
0E.csv,Normal,Imbalance,0.8838,1456.4
0E.csv,Normal,Imbalance,0.8101,1456.4
0E.csv,Normal,Imbalance,0.7839,1457.8
0E.csv,Normal,Imbalance,0.8716,1457.8
0E.csv,Normal,Imbalance,0.9768,1457.8
0E.csv,Normal,Imbalance,0.9657,1457.8
0E.csv,Normal,Imbalance,0.9885,1455.9
0E.csv,Normal,Imbalance,0.9794,1455.9
0E.csv,Normal,Imbalance,0.9883,1455.9
0E.csv,Normal,Imbalance,0.9779,1455.9
0E.csv,Normal,Imbalance,0.9883,1465.4
0E.csv,Normal,Imbalance,0.9595,1465.4
0E.csv,Normal,Imbalance,0.9881,1465.4
0E.csv,Normal,Imbalance,0.7376,1465.4
0E.csv,Normal,Imbalance,0.9721,1443.5
0E.csv,Normal,Imbalance,0.9183,1443.5
0E.csv,Normal,Imbalance,0.9897,1443.5
0E.csv,Normal,Imbalance,0.9884,1443.5
0E.csv,Normal,Imbalance,0.9869,1459.8
0E.csv,Normal,Imbalance,0.9664,1459.8
0E.csv,Normal,Imbalance,0.9934,1459.8
0E.csv,Normal,Imbalance,0.9829,1459.8
0E.csv,Normal,Imbalance,0.9593,1486.6
0E.csv,Normal,Imbalance,0.9881,1486.6
0E.csv,Normal,Imbalance,0.9887,1486.6
0E.csv,Normal,Imbalance,0.9876,1486.6
0E.csv,Normal,Imbalance,0.9748,1475.9
0E.csv,Normal,Imbalance,0.9913,1475.9
0E.csv,Normal,Imbalance,0.9864,1475.9
0E.csv,Normal,Imbalance,0.9711,1475.9
0E.csv,Normal,Imbalance,0.9859,1477.4
0E.csv,Normal,Imbalance,0.9905,1477.4
0E.csv,Normal,Imbalance,0.9965,1477.4
0E.csv,Normal,Imbalance,0.9397,1477.4
0E.csv,Normal,Imbalance,0.9742,1490.8
0E.csv,Normal,Imbalance,0.9792,1490.8
0E.csv,Normal,Imbalance,0.9382,1490.8
0E.csv,Normal,Imbalance,0.9777,1490.8
0E.csv,Normal,Imbalance,0.8998,1508.6
0E.csv,Normal,Imbalance,0.7511,1508.6
0E.csv,Normal,Imbalance,0.8229,1508.6
0E.csv,Normal,Imbalance,0.9441,1508.6
0E.csv,Normal,Imbalance,0.9069,1509.8
0E.csv,Normal,Imbalance,0.8212,1509.8
0E.csv,Normal,Imbalance,0.9505,1509.8
0E.csv,Normal,Imbalance,0.9419,1509.8
0E.csv,Normal,Imbalance,0.9370,1509.1
0E.csv,Normal,Imbalance,0.9388,1509.1
0E.csv,Normal,Imbalance,0.9134,1509.1
0E.csv,Normal,Imbalance,0.9823,1509.1
0E.csv,Normal,Imbalance,0.9472,1520.6
0E.csv,Normal,Imbalance,0.6865,1520.6
0E.csv,Normal,Imbalance,0.9027,1520.6
0E.csv,Normal,Imbalance,0.5549,1520.6
0E.csv,Normal,Imbalance,0.6343,1519.2
0E.csv,Normal,Imbalance,0.5843,1519.2
0E.csv,Normal,Imbalance,0.7180,1519.2
0E.csv,Normal,Imbalance,0.7343,1519.2
0E.csv,Normal,Imbalance,0.6086,1514.7
0E.csv,Normal,Imbalance,0.7649,1514.7
0E.csv,Normal,Imbalance,0.7327,1514.7
0E.csv,Normal,Imbalance,0.7817,1514.7
0E.csv,Normal,Imbalance,0.9187,1519.0
0E.csv,Normal,Bearing,0.6400,1519.0
0E.csv,Normal,Bearing,0.6614,1519.0
0E.csv,Normal,Imbalance,0.6240,1519.0
0E.csv,Normal,Imbalance,0.9008,1536.2
0E.csv,Normal,Imbalance,0.5178,1536.2
0E.csv,Normal,Imbalance,0.6629,1536.2
0E.csv,Normal,Bearing,0.8174,1536.2
0E.csv,Normal,Imbalance,0.5804,1541.0
0E.csv,Normal,Bearing,0.5944,1541.0
0E.csv,Normal,Imbalance,0.7361,1541.0
0E.csv,Normal,Imbalance,0.5048,1541.0
0E.csv,Normal,Bearing,0.6600,1549.2
0E.csv,Normal,Imbalance,0.6089,1549.2
0E.csv,Normal,Imbalance,0.6076,1549.2
0E.csv,Normal,Imbalance,0.6013,1549.2
0E.csv,Normal,Imbalance,0.6519,1540.3
0E.csv,Normal,Bearing,0.8035,1540.3
0E.csv,Normal,Imbalance,0.6437,1540.3
0E.csv,Normal,Bearing,0.6161,1540.3
0E.csv,Normal,Bearing,0.7225,1562.6
0E.csv,Normal,Bearing,0.8144,1562.6
0E.csv,Normal,Imbalance,0.8728,1562.6
0E.csv,Normal,Bearing,0.5878,1562.6
0E.csv,Normal,Bearing,0.6698,1552.6
0E.csv,Normal,Imbalance,0.5392,1552.6
0E.csv,Normal,Bearing,0.7556,1552.6
0E.csv,Normal,Bearing,0.7269,1552.6
0E.csv,Normal,Bearing,0.5931,1535.2
0E.csv,Normal,Imbalance,0.6960,1535.2
0E.csv,Normal,Bearing,0.5945,1535.2
0E.csv,Normal,Bearing,0.7000,1535.2
0E.csv,Normal,Bearing,0.7918,1572.7
0E.csv,Normal,Bearing,0.7948,1572.7
0E.csv,Normal,Imbalance,0.7202,1572.7
0E.csv,Normal,Bearing,0.5594,1572.7
0E.csv,Normal,Bearing,0.7661,1582.7
0E.csv,Normal,Imbalance,0.7085,1582.7
0E.csv,Normal,Imbalance,0.7226,1582.7
0E.csv,Normal,Bearing,0.8805,1582.7
0E.csv,Normal,Imbalance,0.5994,1578.2
0E.csv,Normal,Bearing,0.7047,1578.2
0E.csv,Normal,Bearing,0.6047,1578.2
0E.csv,Normal,Bearing,0.8679,1578.2
0E.csv,Normal,Bearing,0.5500,1577.5
0E.csv,Normal,Bearing,0.8386,1577.5
0E.csv,Normal,Bearing,0.7954,1577.5
0E.csv,Normal,Bearing,0.8727,1577.5
0E.csv,Normal,Bearing,0.8478,1578.4
0E.csv,Normal,Imbalance,0.5409,1578.4
0E.csv,Normal,Bearing,0.6947,1578.4
0E.csv,Normal,Bearing,0.7961,1578.4
0E.csv,Normal,Bearing,0.6314,1589.7
0E.csv,Normal,Bearing,0.6797,1589.7
0E.csv,Normal,Bearing,0.5803,1589.7
0E.csv,Normal,Bearing,0.8380,1589.7
0E.csv,Normal,Bearing,0.7701,1604.2
0E.csv,Normal,Imbalance,0.6202,1604.2
0E.csv,Normal,Bearing,0.7882,1604.2
0E.csv,Normal,Bearing,0.8151,1604.2
0E.csv,Normal,Bearing,0.8496,1598.6
0E.csv,Normal,Bearing,0.7465,1598.6
0E.csv,Normal,Bearing,0.6956,1598.6
0E.csv,Normal,Bearing,0.5853,1598.6
0E.csv,Normal,Bearing,0.8267,1590.2
0E.csv,Normal,Bearing,0.6248,1590.2
0E.csv,Normal,Bearing,0.7904,1590.2
0E.csv,Normal,Bearing,0.8036,1590.2
0E.csv,Normal,Bearing,0.8838,1617.9
0E.csv,Normal,Imbalance,0.5432,1617.9
0E.csv,Normal,Bearing,0.8140,1617.9
0E.csv,Normal,Imbalance,0.7071,1617.9
0E.csv,Normal,Bearing,0.8312,1629.7
0E.csv,Normal,Imbalance,0.5537,1629.7
0E.csv,Normal,Bearing,0.6870,1629.7
0E.csv,Normal,Bearing,0.6705,1629.7
0E.csv,Normal,Bearing,0.5668,1630.3
0E.csv,Normal,Bearing,0.5298,1630.3
0E.csv,Normal,Bearing,0.6311,1630.3
0E.csv,Normal,Imbalance,0.5032,1630.3
0E.csv,Normal,Bearing,0.5482,1629.5
0E.csv,Normal,Imbalance,0.6395,1629.5
0E.csv,Normal,Bearing,0.6627,1629.5
0E.csv,Normal,Bearing,0.8391,1629.5
0E.csv,Normal,Imbalance,0.7251,1629.5
0E.csv,Normal,Bearing,0.8692,1629.5
0E.csv,Normal,Bearing,0.6445,1629.5
0E.csv,Normal,Bearing,0.8342,1629.5
0E.csv,Normal,Bearing,0.9067,1645.9
0E.csv,Normal,Imbalance,0.8080,1645.9
0E.csv,Normal,Bearing,0.7928,1645.9
0E.csv,Normal,Imbalance,0.5481,1645.9
0E.csv,Normal,Bearing,0.7237,1656.4
0E.csv,Normal,Bearing,0.5806,1656.4
0E.csv,Normal,Imbalance,0.6374,1656.4
0E.csv,Normal,Imbalance,0.5302,1656.4
0E.csv,Normal,Bearing,0.7390,1636.9
0E.csv,Normal,Bearing,0.8553,1636.9
0E.csv,Normal,Bearing,0.7572,1636.9
0E.csv,Normal,Bearing,0.5391,1636.9
0E.csv,Normal,Bearing,0.6578,1635.9
0E.csv,Normal,Bearing,0.7743,1635.9
0E.csv,Normal,Imbalance,0.8447,1635.9
0E.csv,Normal,Imbalance,0.7759,1635.9
0E.csv,Normal,Imbalance,0.6305,1661.6
0E.csv,Normal,Bearing,0.5550,1661.6
0E.csv,Normal,Imbalance,0.8406,1661.6
0E.csv,Normal,Imbalance,0.7222,1661.6
0E.csv,Normal,Imbalance,0.8481,1667.0
0E.csv,Normal,Bearing,0.5056,1667.0
0E.csv,Normal,Bearing,0.6338,1667.0
0E.csv,Normal,Imbalance,0.5167,1667.0
0E.csv,Normal,Imbalance,0.6215,1677.3
0E.csv,Normal,Bearing,0.5575,1677.3
0E.csv,Normal,Imbalance,0.5740,1677.3
0E.csv,Normal,Imbalance,0.5646,1677.3
0E.csv,Normal,Imbalance,0.8989,1699.7
0E.csv,Normal,Imbalance,0.7571,1699.7
0E.csv,Normal,Imbalance,0.8313,1699.7
0E.csv,Normal,Imbalance,0.7664,1699.7
0E.csv,Normal,Imbalance,0.8745,1683.0
0E.csv,Normal,Imbalance,0.6917,1683.0
0E.csv,Normal,Imbalance,0.8228,1683.0
0E.csv,Normal,Imbalance,0.6149,1683.0
0E.csv,Normal,Imbalance,0.8112,1688.4
0E.csv,Normal,Imbalance,0.6485,1688.4
0E.csv,Normal,Imbalance,0.6385,1688.4
0E.csv,Normal,Bearing,0.5736,1688.4
0E.csv,Normal,Imbalance,0.8710,1688.0
0E.csv,Normal,Imbalance,0.5487,1688.0
0E.csv,Normal,Imbalance,0.8169,1688.0
0E.csv,Normal,Imbalance,0.8559,1688.0
0E.csv,Normal,Imbalance,0.6726,1703.0
0E.csv,Normal,Imbalance,0.9014,1703.0
0E.csv,Normal,Imbalance,0.7344,1703.0
0E.csv,Normal,Imbalance,0.8580,1703.0
0E.csv,Normal,Imbalance,0.7203,1690.9
0E.csv,Normal,Imbalance,0.8741,1690.9
0E.csv,Normal,Imbalance,0.8768,1690.9
0E.csv,Normal,Imbalance,0.7970,1690.9
0E.csv,Normal,Imbalance,0.9455,1713.6
0E.csv,Normal,Imbalance,0.5845,1713.6
0E.csv,Normal,Imbalance,0.6308,1713.6
0E.csv,Normal,Imbalance,0.7627,1713.6
0E.csv,Normal,Imbalance,0.7859,1700.3
0E.csv,Normal,Imbalance,0.8757,1700.3
0E.csv,Normal,Imbalance,0.9211,1700.3
0E.csv,Normal,Imbalance,0.8971,1700.3
0E.csv,Normal,Imbalance,0.9437,1738.1
0E.csv,Normal,Imbalance,0.8958,1738.1
0E.csv,Normal,Imbalance,0.6112,1738.1
0E.csv,Normal,Imbalance,0.9619,1738.1
0E.csv,Normal,Imbalance,0.8853,1719.4
0E.csv,Normal,Imbalance,0.8881,1719.4
0E.csv,Normal,Imbalance,0.8902,1719.4
0E.csv,Normal,Imbalance,0.8812,1719.4
0E.csv,Normal,Imbalance,0.8536,1725.7
0E.csv,Normal,Imbalance,0.8525,1725.7
0E.csv,Normal,Imbalance,0.6204,1725.7
0E.csv,Normal,Imbalance,0.7027,1725.7
0E.csv,Normal,Imbalance,0.8825,1742.3
0E.csv,Normal,Imbalance,0.7361,1742.3
0E.csv,Normal,Imbalance,0.6202,1742.3
0E.csv,Normal,Imbalance,0.6806,1742.3
0E.csv,Normal,Imbalance,0.9574,1719.7
0E.csv,Normal,Imbalance,0.8158,1719.7
0E.csv,Normal,Imbalance,0.6401,1719.7
0E.csv,Normal,Imbalance,0.8132,1719.7
0E.csv,Normal,Bearing,0.7061,1746.3
0E.csv,Normal,Imbalance,0.7067,1746.3
0E.csv,Normal,Bearing,0.7864,1746.3
0E.csv,Normal,Bearing,0.5190,1746.3
0E.csv,Normal,Imbalance,0.5432,1762.8
0E.csv,Normal,Bearing,0.5753,1762.8
0E.csv,Normal,Bearing,0.9405,1762.8
0E.csv,Normal,Bearing,0.6612,1762.8
0E.csv,Normal,Bearing,0.5691,1751.2
0E.csv,Normal,Imbalance,0.5373,1751.2
0E.csv,Normal,Bearing,0.6570,1751.2
0E.csv,Normal,Bearing,0.5732,1751.2
0E.csv,Normal,Bearing,0.7559,1769.8
0E.csv,Normal,Bearing,0.8394,1769.8
0E.csv,Normal,Bearing,0.8799,1769.8
0E.csv,Normal,Bearing,0.9415,1769.8
0E.csv,Normal,Bearing,0.7449,1773.7
0E.csv,Normal,Bearing,0.8224,1773.7
0E.csv,Normal,Bearing,0.9155,1773.7
0E.csv,Normal,Bearing,0.5889,1773.7
0E.csv,Normal,Bearing,0.8740,1783.9
0E.csv,Normal,Bearing,0.8204,1783.9
0E.csv,Normal,Bearing,0.9444,1783.9
0E.csv,Normal,Bearing,0.9429,1783.9
0E.csv,Normal,Bearing,0.9225,1787.2
0E.csv,Normal,Bearing,0.8978,1787.2
0E.csv,Normal,Bearing,0.6770,1787.2
0E.csv,Normal,Bearing,0.9635,1787.2
0E.csv,Normal,Bearing,0.8850,1787.0
0E.csv,Normal,Bearing,0.9731,1787.0
0E.csv,Normal,Bearing,0.9379,1787.0
0E.csv,Normal,Bearing,0.8205,1787.0
0E.csv,Normal,Bearing,0.8737,1764.2
0E.csv,Normal,Bearing,0.8903,1764.2
0E.csv,Normal,Bearing,0.7907,1764.2
0E.csv,Normal,Bearing,0.9109,1764.2
0E.csv,Normal,Bearing,0.9811,1829.6
0E.csv,Normal,Bearing,0.9936,1829.6
0E.csv,Normal,Bearing,0.9882,1829.6
0E.csv,Normal,Bearing,0.9786,1829.6
0E.csv,Normal,Bearing,0.9721,1794.3
0E.csv,Normal,Bearing,0.9183,1794.3
0E.csv,Normal,Bearing,0.9876,1794.3
0E.csv,Normal,Bearing,0.9278,1794.3
0E.csv,Normal,Bearing,0.8170,1771.8
0E.csv,Normal,Bearing,0.8765,1771.8
0E.csv,Normal,Bearing,0.9838,1771.8
0E.csv,Normal,Bearing,0.5526,1771.8
0E.csv,Normal,Bearing,0.9112,1825.5
0E.csv,Normal,Bearing,0.9903,1825.5
0E.csv,Normal,Bearing,0.7602,1825.5
0E.csv,Normal,Bearing,0.9480,1825.5
0E.csv,Normal,Bearing,0.8610,1799.8
0E.csv,Normal,Bearing,0.9815,1799.8
0E.csv,Normal,Bearing,0.9244,1799.8
0E.csv,Normal,Bearing,0.9588,1799.8
0E.csv,Normal,Bearing,0.9885,1826.2
0E.csv,Normal,Bearing,0.9570,1826.2
0E.csv,Normal,Bearing,0.9799,1826.2
0E.csv,Normal,Bearing,0.9914,1826.2
0E.csv,Normal,Bearing,0.9265,1822.5
0E.csv,Normal,Bearing,0.9691,1822.5
0E.csv,Normal,Bearing,0.9904,1822.5
0E.csv,Normal,Bearing,0.9892,1822.5
0E.csv,Normal,Bearing,0.9982,1835.9
0E.csv,Normal,Bearing,0.9868,1835.9
0E.csv,Normal,Bearing,0.9974,1835.9
0E.csv,Normal,Bearing,0.9987,1835.9
0E.csv,Normal,Bearing,0.9883,1831.6
0E.csv,Normal,Bearing,0.9969,1831.6
0E.csv,Normal,Bearing,0.9945,1831.6
0E.csv,Normal,Bearing,0.9935,1831.6
0E.csv,Normal,Bearing,0.9924,1832.6
0E.csv,Normal,Bearing,0.9912,1832.6
0E.csv,Normal,Bearing,0.9807,1832.6
0E.csv,Normal,Bearing,0.9681,1832.6
0E.csv,Normal,Bearing,0.9331,1860.8
0E.csv,Normal,Bearing,0.9625,1860.8
0E.csv,Normal,Bearing,0.9949,1860.8
0E.csv,Normal,Bearing,0.9878,1860.8
0E.csv,Normal,Bearing,0.9553,1893.6
0E.csv,Normal,Bearing,0.9985,1893.6
0E.csv,Normal,Bearing,0.9987,1893.6
0E.csv,Normal,Bearing,0.9959,1893.6
0E.csv,Normal,Bearing,0.9989,1893.2
0E.csv,Normal,Bearing,0.9942,1893.2
0E.csv,Normal,Bearing,0.9914,1893.2
0E.csv,Normal,Bearing,0.9993,1893.2
0E.csv,Normal,Bearing,0.9988,1893.6
0E.csv,Normal,Bearing,0.9995,1893.6
0E.csv,Normal,Bearing,0.9982,1893.6
0E.csv,Normal,Bearing,0.9987,1893.6
0E.csv,Normal,Bearing,0.9920,1881.6
0E.csv,Normal,Bearing,0.9995,1881.6
0E.csv,Normal,Bearing,0.9979,1881.6
0E.csv,Normal,Bearing,0.9997,1881.6
0E.csv,Normal,Bearing,0.9999,1890.5
0E.csv,Normal,Bearing,0.9998,1890.5
0E.csv,Normal,Bearing,0.9999,1890.5
0E.csv,Normal,Bearing,0.9996,1890.5
0E.csv,Normal,Bearing,0.9989,1874.9
0E.csv,Normal,Bearing,0.9593,1874.9
0E.csv,Normal,Bearing,0.9990,1874.9
0E.csv,Normal,Bearing,0.9992,1874.9
0E.csv,Normal,Bearing,0.9995,1878.4
0E.csv,Normal,Bearing,0.9997,1878.4
0E.csv,Normal,Bearing,0.9981,1878.4
0E.csv,Normal,Bearing,0.9945,1878.4
0E.csv,Normal,Bearing,0.9998,1899.0
0E.csv,Normal,Bearing,0.9991,1899.0
0E.csv,Normal,Bearing,0.9942,1899.0
0E.csv,Normal,Bearing,0.9987,1899.0
0E.csv,Normal,Bearing,0.9997,1900.1
0E.csv,Normal,Bearing,0.9992,1900.1
0E.csv,Normal,Bearing,0.9967,1900.1
0E.csv,Normal,Bearing,0.9965,1900.1
0E.csv,Normal,Bearing,0.9992,1910.9
0E.csv,Normal,Bearing,0.9999,1910.9
0E.csv,Normal,Bearing,0.9995,1910.9
0E.csv,Normal,Bearing,0.9987,1910.9
0E.csv,Normal,Bearing,0.9999,1900.6
0E.csv,Normal,Bearing,0.9998,1900.6
0E.csv,Normal,Bearing,0.9998,1900.6
0E.csv,Normal,Bearing,0.9996,1900.6
0E.csv,Normal,Bearing,0.9998,1926.2
0E.csv,Normal,Bearing,0.9990,1926.2
0E.csv,Normal,Bearing,0.9996,1926.2
0E.csv,Normal,Bearing,0.9981,1926.2
0E.csv,Normal,Bearing,0.9994,1892.6
0E.csv,Normal,Bearing,0.9993,1892.6
0E.csv,Normal,Bearing,0.9998,1892.6
0E.csv,Normal,Bearing,0.9989,1892.6
0E.csv,Normal,Bearing,0.9993,1888.5
0E.csv,Normal,Bearing,0.9661,1888.5
0E.csv,Normal,Bearing,0.9991,1888.5
0E.csv,Normal,Bearing,0.9986,1888.5
0E.csv,Normal,Bearing,0.9997,1932.5
0E.csv,Normal,Bearing,0.9990,1932.5
0E.csv,Normal,Bearing,0.9975,1932.5
0E.csv,Normal,Bearing,0.9989,1932.5
0E.csv,Normal,Bearing,0.9999,1949.5
0E.csv,Normal,Bearing,0.9960,1949.5
1D.csv,Imbalance,Imbalance,0.9941,771.2
1D.csv,Imbalance,Imbalance,0.9954,771.2
1D.csv,Imbalance,Imbalance,0.9912,771.2
1D.csv,Imbalance,Imbalance,0.9945,771.2
1D.csv,Imbalance,Imbalance,0.9993,771.6
1D.csv,Imbalance,Imbalance,0.9902,771.6
1D.csv,Imbalance,Imbalance,0.9868,771.6
1D.csv,Imbalance,Imbalance,0.9979,771.6
1D.csv,Imbalance,Imbalance,0.9944,769.8
1D.csv,Imbalance,Imbalance,0.9826,769.8
1D.csv,Imbalance,Imbalance,0.9908,769.8
1D.csv,Imbalance,Imbalance,0.9723,769.8
1D.csv,Imbalance,Imbalance,0.9928,784.2
1D.csv,Imbalance,Imbalance,0.9981,784.2
1D.csv,Imbalance,Imbalance,0.9975,784.2
1D.csv,Imbalance,Imbalance,0.9581,784.2
1D.csv,Imbalance,Imbalance,0.9786,774.4
1D.csv,Imbalance,Imbalance,0.9974,774.4
1D.csv,Imbalance,Imbalance,0.9963,774.4
1D.csv,Imbalance,Imbalance,0.9968,774.4
1D.csv,Imbalance,Imbalance,0.9667,768.2
1D.csv,Imbalance,Imbalance,0.9967,768.2
1D.csv,Imbalance,Imbalance,0.9747,768.2
1D.csv,Imbalance,Imbalance,0.9104,768.2
1D.csv,Imbalance,Imbalance,0.9908,798.9
1D.csv,Imbalance,Imbalance,0.9943,798.9
1D.csv,Imbalance,Imbalance,0.9780,798.9
1D.csv,Imbalance,Imbalance,0.9967,798.9
1D.csv,Imbalance,Imbalance,0.8919,777.8
1D.csv,Imbalance,Imbalance,0.9773,777.8
1D.csv,Imbalance,Imbalance,0.9406,777.8
1D.csv,Imbalance,Imbalance,0.9709,777.8
1D.csv,Imbalance,Imbalance,0.9028,780.6
1D.csv,Imbalance,Imbalance,0.9938,780.6
1D.csv,Imbalance,Imbalance,0.9626,780.6
1D.csv,Imbalance,Imbalance,0.9985,780.6
1D.csv,Imbalance,Imbalance,0.9635,796.6
1D.csv,Imbalance,Imbalance,0.9717,796.6
1D.csv,Imbalance,Imbalance,0.9981,796.6
1D.csv,Imbalance,Imbalance,0.9726,796.6
1D.csv,Imbalance,Imbalance,0.9371,803.0
1D.csv,Imbalance,Imbalance,0.9035,803.0
1D.csv,Imbalance,Imbalance,0.9800,803.0
1D.csv,Imbalance,Imbalance,0.9705,803.0
1D.csv,Imbalance,Imbalance,0.9778,796.1
1D.csv,Imbalance,Imbalance,0.8844,796.1
1D.csv,Imbalance,Imbalance,0.9917,796.1
1D.csv,Imbalance,Imbalance,0.9921,796.1
1D.csv,Imbalance,Imbalance,0.9983,803.6
1D.csv,Imbalance,Imbalance,0.9971,803.6
1D.csv,Imbalance,Imbalance,0.9671,803.6
1D.csv,Imbalance,Imbalance,0.9677,803.6
1D.csv,Imbalance,Imbalance,0.9908,808.3
1D.csv,Imbalance,Imbalance,0.9500,808.3
1D.csv,Imbalance,Imbalance,0.9835,808.3
1D.csv,Imbalance,Imbalance,0.9915,808.3
1D.csv,Imbalance,Imbalance,0.9991,801.7
1D.csv,Imbalance,Imbalance,0.9995,801.7
1D.csv,Imbalance,Imbalance,0.9983,801.7
1D.csv,Imbalance,Imbalance,0.9898,801.7
1D.csv,Imbalance,Imbalance,0.9900,809.5
1D.csv,Imbalance,Imbalance,0.9821,809.5
1D.csv,Imbalance,Imbalance,0.9892,809.5
1D.csv,Imbalance,Imbalance,0.9877,809.5
1D.csv,Imbalance,Imbalance,0.9940,802.5
1D.csv,Imbalance,Imbalance,0.9937,802.5
1D.csv,Imbalance,Imbalance,0.9987,802.5
1D.csv,Imbalance,Imbalance,0.9988,802.5
1D.csv,Imbalance,Imbalance,0.9801,810.6
1D.csv,Imbalance,Imbalance,0.9974,810.6
1D.csv,Imbalance,Imbalance,0.9995,810.6
1D.csv,Imbalance,Imbalance,0.9919,810.6
1D.csv,Imbalance,Imbalance,0.9942,817.9
1D.csv,Imbalance,Imbalance,0.9958,817.9
1D.csv,Imbalance,Imbalance,0.9983,817.9
1D.csv,Imbalance,Imbalance,0.9963,817.9
1D.csv,Imbalance,Imbalance,0.9965,824.2
1D.csv,Imbalance,Imbalance,0.9836,824.2
1D.csv,Imbalance,Imbalance,0.9958,824.2
1D.csv,Imbalance,Imbalance,0.9927,824.2
1D.csv,Imbalance,Imbalance,0.9986,818.5
1D.csv,Imbalance,Imbalance,0.9979,818.5
1D.csv,Imbalance,Imbalance,0.9981,818.5
1D.csv,Imbalance,Imbalance,0.9985,818.5
1D.csv,Imbalance,Imbalance,0.9968,827.1
1D.csv,Imbalance,Imbalance,0.9990,827.1
1D.csv,Imbalance,Imbalance,0.9978,827.1
1D.csv,Imbalance,Imbalance,0.9962,827.1
1D.csv,Imbalance,Imbalance,0.9969,830.4
1D.csv,Imbalance,Imbalance,0.9884,830.4
1D.csv,Imbalance,Imbalance,0.9979,830.4
1D.csv,Imbalance,Imbalance,0.8709,830.4
1D.csv,Imbalance,Imbalance,0.9919,828.0
1D.csv,Imbalance,Imbalance,0.9902,828.0
1D.csv,Imbalance,Imbalance,0.9920,828.0
1D.csv,Imbalance,Imbalance,0.9936,828.0
1D.csv,Imbalance,Imbalance,0.9966,828.2
1D.csv,Imbalance,Imbalance,0.9853,828.2
1D.csv,Imbalance,Imbalance,0.9235,828.2
1D.csv,Imbalance,Imbalance,0.9945,828.2
1D.csv,Imbalance,Imbalance,0.9880,845.1
1D.csv,Imbalance,Imbalance,0.9782,845.1
1D.csv,Imbalance,Imbalance,0.9956,845.1
1D.csv,Imbalance,Imbalance,0.9963,845.1
1D.csv,Imbalance,Imbalance,0.9968,849.0
1D.csv,Imbalance,Imbalance,0.9747,849.0
1D.csv,Imbalance,Imbalance,0.9954,849.0
1D.csv,Imbalance,Imbalance,0.9983,849.0
1D.csv,Imbalance,Imbalance,0.9782,855.5
1D.csv,Imbalance,Imbalance,0.9838,855.5
1D.csv,Imbalance,Imbalance,0.9785,855.5
1D.csv,Imbalance,Imbalance,0.9959,855.5
1D.csv,Imbalance,Imbalance,0.9960,855.5
1D.csv,Imbalance,Imbalance,0.8304,855.5
1D.csv,Imbalance,Imbalance,0.9899,855.5
1D.csv,Imbalance,Imbalance,0.9878,855.5
1D.csv,Imbalance,Imbalance,0.9967,852.3
1D.csv,Imbalance,Imbalance,0.9898,852.3
1D.csv,Imbalance,Imbalance,0.9951,852.3
1D.csv,Imbalance,Imbalance,0.9944,852.3
1D.csv,Imbalance,Imbalance,0.9982,856.1
1D.csv,Imbalance,Imbalance,0.9894,856.1
1D.csv,Imbalance,Imbalance,0.9908,856.1
1D.csv,Imbalance,Imbalance,0.9949,856.1
1D.csv,Imbalance,Imbalance,0.9966,850.4
1D.csv,Imbalance,Imbalance,0.9975,850.4
1D.csv,Imbalance,Imbalance,0.9964,850.4
1D.csv,Imbalance,Imbalance,0.9984,850.4
1D.csv,Imbalance,Imbalance,0.9953,848.4
1D.csv,Imbalance,Imbalance,0.9950,848.4
1D.csv,Imbalance,Imbalance,0.9983,848.4
1D.csv,Imbalance,Imbalance,0.9994,848.4
1D.csv,Imbalance,Imbalance,0.9983,853.0
1D.csv,Imbalance,Imbalance,0.9994,853.0
1D.csv,Imbalance,Imbalance,0.9975,853.0
1D.csv,Imbalance,Imbalance,0.9969,853.0
1D.csv,Imbalance,Imbalance,0.9987,859.4
1D.csv,Imbalance,Imbalance,0.9991,859.4
1D.csv,Imbalance,Imbalance,0.9987,859.4
1D.csv,Imbalance,Imbalance,0.9990,859.4
1D.csv,Imbalance,Imbalance,0.9916,867.1
1D.csv,Imbalance,Imbalance,0.9985,867.1
1D.csv,Imbalance,Imbalance,0.9980,867.1
1D.csv,Imbalance,Imbalance,0.9972,867.1
1D.csv,Imbalance,Imbalance,0.9979,860.2
1D.csv,Imbalance,Imbalance,0.9971,860.2
1D.csv,Imbalance,Imbalance,0.9808,860.2
1D.csv,Imbalance,Imbalance,0.9963,860.2
1D.csv,Imbalance,Imbalance,0.9540,871.6
1D.csv,Imbalance,Imbalance,0.9985,871.6
1D.csv,Imbalance,Imbalance,0.9966,871.6
1D.csv,Imbalance,Imbalance,0.9962,871.6
1D.csv,Imbalance,Imbalance,0.9979,875.9
1D.csv,Imbalance,Imbalance,0.9978,875.9
1D.csv,Imbalance,Imbalance,0.9982,875.9
1D.csv,Imbalance,Imbalance,0.9984,875.9
1D.csv,Imbalance,Imbalance,0.9993,865.3
1D.csv,Imbalance,Imbalance,0.9993,865.3
1D.csv,Imbalance,Imbalance,0.9986,865.3
1D.csv,Imbalance,Imbalance,0.9962,865.3
1D.csv,Imbalance,Imbalance,0.9992,877.3
1D.csv,Imbalance,Imbalance,0.9947,877.3
1D.csv,Imbalance,Imbalance,0.9988,877.3
1D.csv,Imbalance,Imbalance,0.9988,877.3
1D.csv,Imbalance,Imbalance,0.9953,866.1
1D.csv,Imbalance,Imbalance,0.9975,866.1
1D.csv,Imbalance,Imbalance,0.9879,866.1
1D.csv,Imbalance,Imbalance,0.9980,866.1
1D.csv,Imbalance,Imbalance,0.9963,887.7
1D.csv,Imbalance,Imbalance,0.9994,887.7
1D.csv,Imbalance,Imbalance,0.9986,887.7
1D.csv,Imbalance,Imbalance,0.9938,887.7
1D.csv,Imbalance,Imbalance,0.9991,880.1
1D.csv,Imbalance,Imbalance,0.9970,880.1
1D.csv,Imbalance,Imbalance,0.9996,880.1
1D.csv,Imbalance,Imbalance,0.9990,880.1
1D.csv,Imbalance,Imbalance,0.9965,888.1
1D.csv,Imbalance,Imbalance,0.9916,888.1
1D.csv,Imbalance,Imbalance,0.9987,888.1
1D.csv,Imbalance,Imbalance,0.9982,888.1
1D.csv,Imbalance,Imbalance,0.9977,894.2
1D.csv,Imbalance,Imbalance,0.9981,894.2
1D.csv,Imbalance,Imbalance,0.9940,894.2
1D.csv,Imbalance,Imbalance,0.9991,894.2
1D.csv,Imbalance,Imbalance,0.9994,889.3
1D.csv,Imbalance,Imbalance,0.9975,889.3
1D.csv,Imbalance,Imbalance,0.9994,889.3
1D.csv,Imbalance,Imbalance,0.9983,889.3
1D.csv,Imbalance,Imbalance,0.9941,899.9
1D.csv,Imbalance,Imbalance,0.9980,899.9
1D.csv,Imbalance,Imbalance,0.9986,899.9
1D.csv,Imbalance,Imbalance,0.9974,899.9
1D.csv,Imbalance,Imbalance,0.9979,883.2
1D.csv,Imbalance,Imbalance,0.9996,883.2
1D.csv,Imbalance,Imbalance,0.9841,883.2
1D.csv,Imbalance,Imbalance,0.9980,883.2
1D.csv,Imbalance,Imbalance,0.9969,913.8
1D.csv,Imbalance,Imbalance,0.9995,913.8
1D.csv,Imbalance,Imbalance,0.9988,913.8
1D.csv,Imbalance,Imbalance,0.9994,913.8
1D.csv,Imbalance,Imbalance,0.9981,896.0
1D.csv,Imbalance,Imbalance,0.9994,896.0
1D.csv,Imbalance,Imbalance,0.9996,896.0
1D.csv,Imbalance,Imbalance,0.9991,896.0
1D.csv,Imbalance,Imbalance,0.9998,899.6
1D.csv,Imbalance,Imbalance,0.9991,899.6
1D.csv,Imbalance,Imbalance,0.9998,899.6
1D.csv,Imbalance,Imbalance,0.9984,899.6
1D.csv,Imbalance,Imbalance,0.9998,917.0
1D.csv,Imbalance,Imbalance,0.9999,917.0
1D.csv,Imbalance,Imbalance,0.9998,917.0
1D.csv,Imbalance,Imbalance,0.9862,917.0
1D.csv,Imbalance,Imbalance,0.9989,906.3
1D.csv,Imbalance,Imbalance,0.9996,906.3
1D.csv,Imbalance,Imbalance,0.9991,906.3
1D.csv,Imbalance,Imbalance,0.9984,906.3
1D.csv,Imbalance,Imbalance,0.9996,921.3
1D.csv,Imbalance,Imbalance,0.9990,921.3
1D.csv,Imbalance,Imbalance,0.9982,921.3
1D.csv,Imbalance,Imbalance,0.9983,921.3
1D.csv,Imbalance,Imbalance,0.9979,919.5
1D.csv,Imbalance,Imbalance,0.9991,919.5
1D.csv,Imbalance,Imbalance,0.9998,919.5
1D.csv,Imbalance,Imbalance,0.9996,919.5
1D.csv,Imbalance,Imbalance,0.9991,912.3
1D.csv,Imbalance,Imbalance,0.9994,912.3
1D.csv,Imbalance,Imbalance,0.9984,912.3
1D.csv,Imbalance,Imbalance,0.9991,912.3
1D.csv,Imbalance,Imbalance,0.9988,922.1
1D.csv,Imbalance,Imbalance,0.9992,922.1
1D.csv,Imbalance,Imbalance,0.9982,922.1
1D.csv,Imbalance,Imbalance,0.9995,922.1
1D.csv,Imbalance,Imbalance,0.9998,924.1
1D.csv,Imbalance,Imbalance,0.9985,924.1
1D.csv,Imbalance,Imbalance,0.9947,924.1
1D.csv,Imbalance,Imbalance,0.9983,924.1
1D.csv,Imbalance,Imbalance,0.9994,930.2
1D.csv,Imbalance,Imbalance,0.9937,930.2
1D.csv,Imbalance,Imbalance,0.9993,930.2
1D.csv,Imbalance,Imbalance,0.9994,930.2
1D.csv,Imbalance,Imbalance,0.9989,922.0
1D.csv,Imbalance,Imbalance,0.9987,922.0
1D.csv,Imbalance,Imbalance,0.9993,922.0
1D.csv,Imbalance,Imbalance,0.9974,922.0
1D.csv,Imbalance,Imbalance,0.9983,920.5
1D.csv,Imbalance,Imbalance,0.9970,920.5
1D.csv,Imbalance,Imbalance,0.9975,920.5
1D.csv,Imbalance,Imbalance,0.9994,920.5
1D.csv,Imbalance,Imbalance,0.9990,933.7
1D.csv,Imbalance,Imbalance,0.9961,933.7
1D.csv,Imbalance,Imbalance,0.9979,933.7
1D.csv,Imbalance,Imbalance,0.9987,933.7
1D.csv,Imbalance,Imbalance,0.9990,932.4
1D.csv,Imbalance,Imbalance,0.9991,932.4
1D.csv,Imbalance,Imbalance,0.9990,932.4
1D.csv,Imbalance,Imbalance,0.9982,932.4
1D.csv,Imbalance,Imbalance,0.9990,932.6
1D.csv,Imbalance,Imbalance,0.9967,932.6
1D.csv,Imbalance,Imbalance,0.9994,932.6
1D.csv,Imbalance,Imbalance,0.9973,932.6
1D.csv,Imbalance,Imbalance,0.9995,945.2
1D.csv,Imbalance,Imbalance,0.9989,945.2
1D.csv,Imbalance,Imbalance,0.9994,945.2
1D.csv,Imbalance,Imbalance,0.9983,945.2
1D.csv,Imbalance,Imbalance,0.9994,943.3
1D.csv,Imbalance,Imbalance,0.9989,943.3
1D.csv,Imbalance,Imbalance,0.9997,943.3
1D.csv,Imbalance,Imbalance,0.9994,943.3
1D.csv,Imbalance,Imbalance,0.9989,942.9
1D.csv,Imbalance,Imbalance,0.9982,942.9
1D.csv,Imbalance,Imbalance,0.9991,942.9
1D.csv,Imbalance,Imbalance,0.9979,942.9
1D.csv,Imbalance,Imbalance,0.9991,945.1
1D.csv,Imbalance,Imbalance,0.9997,945.1
1D.csv,Imbalance,Imbalance,0.9986,945.1
1D.csv,Imbalance,Imbalance,0.9995,945.1
1D.csv,Imbalance,Imbalance,0.9994,946.9
1D.csv,Imbalance,Imbalance,0.9994,946.9
1D.csv,Imbalance,Imbalance,0.9967,946.9
1D.csv,Imbalance,Imbalance,0.9985,946.9
1D.csv,Imbalance,Imbalance,0.9993,948.3
1D.csv,Imbalance,Imbalance,0.9979,948.3
1D.csv,Imbalance,Imbalance,0.9985,948.3
1D.csv,Imbalance,Imbalance,0.9985,948.3
1D.csv,Imbalance,Imbalance,0.9985,972.1
1D.csv,Imbalance,Imbalance,0.9994,972.1
1D.csv,Imbalance,Imbalance,0.9996,972.1
1D.csv,Imbalance,Imbalance,0.9994,972.1
1D.csv,Imbalance,Imbalance,0.9978,965.8
1D.csv,Imbalance,Imbalance,0.9998,965.8
1D.csv,Imbalance,Imbalance,0.9989,965.8
1D.csv,Imbalance,Imbalance,0.9992,965.8
1D.csv,Imbalance,Imbalance,0.9982,948.8
1D.csv,Imbalance,Imbalance,0.9994,948.8
1D.csv,Imbalance,Imbalance,0.9995,948.8
1D.csv,Imbalance,Imbalance,0.9998,948.8
1D.csv,Imbalance,Imbalance,0.9998,971.9
1D.csv,Imbalance,Imbalance,0.9997,971.9
1D.csv,Imbalance,Imbalance,0.9986,971.9
1D.csv,Imbalance,Imbalance,0.9998,971.9
1D.csv,Imbalance,Imbalance,0.9996,962.6
1D.csv,Imbalance,Imbalance,0.9995,962.6
1D.csv,Imbalance,Imbalance,0.9996,962.6
1D.csv,Imbalance,Imbalance,0.9996,962.6
1D.csv,Imbalance,Imbalance,0.9991,967.5
1D.csv,Imbalance,Imbalance,0.9989,967.5
1D.csv,Imbalance,Imbalance,0.9993,967.5
1D.csv,Imbalance,Imbalance,0.9996,967.5
1D.csv,Imbalance,Imbalance,0.9991,975.7
1D.csv,Imbalance,Imbalance,0.9990,975.7
1D.csv,Imbalance,Imbalance,0.9987,975.7
1D.csv,Imbalance,Imbalance,0.9997,975.7
1D.csv,Imbalance,Imbalance,0.9998,982.1
1D.csv,Imbalance,Imbalance,0.9995,982.1
1D.csv,Imbalance,Imbalance,0.9997,982.1
1D.csv,Imbalance,Imbalance,0.9998,982.1
1D.csv,Imbalance,Imbalance,0.9994,976.9
1D.csv,Imbalance,Imbalance,0.9995,976.9
1D.csv,Imbalance,Imbalance,0.9998,976.9
1D.csv,Imbalance,Imbalance,0.9995,976.9
1D.csv,Imbalance,Imbalance,0.9994,974.6
1D.csv,Imbalance,Imbalance,0.9996,974.6
1D.csv,Imbalance,Imbalance,0.9994,974.6
1D.csv,Imbalance,Imbalance,0.9995,974.6
1D.csv,Imbalance,Imbalance,0.9997,987.7
1D.csv,Imbalance,Imbalance,0.9998,987.7
1D.csv,Imbalance,Imbalance,0.9998,987.7
1D.csv,Imbalance,Imbalance,0.9998,987.7
1D.csv,Imbalance,Imbalance,1.0000,995.4
1D.csv,Imbalance,Imbalance,1.0000,995.4
1D.csv,Imbalance,Imbalance,1.0000,995.4
1D.csv,Imbalance,Imbalance,0.9999,995.4
1D.csv,Imbalance,Imbalance,0.9994,980.0
1D.csv,Imbalance,Imbalance,0.9995,980.0
1D.csv,Imbalance,Imbalance,0.9999,980.0
1D.csv,Imbalance,Imbalance,0.9996,980.0
1D.csv,Imbalance,Imbalance,0.9999,983.9
1D.csv,Imbalance,Imbalance,0.9995,983.9
1D.csv,Imbalance,Imbalance,0.9994,983.9
1D.csv,Imbalance,Imbalance,0.9994,983.9
1D.csv,Imbalance,Imbalance,0.9994,989.7
1D.csv,Imbalance,Imbalance,0.9990,989.7
1D.csv,Imbalance,Imbalance,0.9998,989.7
1D.csv,Imbalance,Imbalance,0.9996,989.7
1D.csv,Imbalance,Imbalance,0.9995,1005.1
1D.csv,Imbalance,Imbalance,0.9994,1005.1
1D.csv,Imbalance,Imbalance,0.9997,1005.1
1D.csv,Imbalance,Imbalance,0.9995,1005.1
1D.csv,Imbalance,Imbalance,0.9997,997.5
1D.csv,Imbalance,Imbalance,0.9998,997.5
1D.csv,Imbalance,Imbalance,0.9996,997.5
1D.csv,Imbalance,Imbalance,0.9994,997.5
1D.csv,Imbalance,Imbalance,0.9996,996.8
1D.csv,Imbalance,Imbalance,0.9995,996.8
1D.csv,Imbalance,Imbalance,0.9995,996.8
1D.csv,Imbalance,Imbalance,0.9997,996.8
1D.csv,Imbalance,Imbalance,0.9987,1009.5
1D.csv,Imbalance,Imbalance,0.9997,1009.5
1D.csv,Imbalance,Imbalance,0.9998,1009.5
1D.csv,Imbalance,Imbalance,0.9988,1009.5
1D.csv,Imbalance,Imbalance,0.9997,1007.8
1D.csv,Imbalance,Imbalance,0.9995,1007.8
1D.csv,Imbalance,Imbalance,0.9998,1007.8
1D.csv,Imbalance,Imbalance,0.9986,1007.8
1D.csv,Imbalance,Imbalance,0.9971,1005.2
1D.csv,Imbalance,Imbalance,0.9994,1005.2
1D.csv,Imbalance,Imbalance,0.9991,1005.2
1D.csv,Imbalance,Imbalance,0.9992,1005.2
1D.csv,Imbalance,Imbalance,0.9997,1005.6
1D.csv,Imbalance,Imbalance,0.9993,1005.6
1D.csv,Imbalance,Imbalance,0.9990,1005.6
1D.csv,Imbalance,Imbalance,0.9995,1005.6
1D.csv,Imbalance,Imbalance,0.9996,1026.4
1D.csv,Imbalance,Imbalance,0.9995,1026.4
1D.csv,Imbalance,Imbalance,0.9986,1026.4
1D.csv,Imbalance,Imbalance,0.9988,1026.4
1D.csv,Imbalance,Imbalance,0.9994,1028.8
1D.csv,Imbalance,Imbalance,0.9999,1028.8
1D.csv,Imbalance,Imbalance,0.9983,1028.8
1D.csv,Imbalance,Imbalance,0.9997,1028.8
1D.csv,Imbalance,Imbalance,0.9994,1029.7
1D.csv,Imbalance,Imbalance,0.9981,1029.7
1D.csv,Imbalance,Imbalance,0.9993,1029.7
1D.csv,Imbalance,Imbalance,0.9994,1029.7
1D.csv,Imbalance,Imbalance,0.9994,1029.8
1D.csv,Imbalance,Imbalance,0.9994,1029.8
1D.csv,Imbalance,Imbalance,0.9995,1029.8
1D.csv,Imbalance,Imbalance,0.9988,1029.8
1D.csv,Imbalance,Imbalance,0.9995,1035.3
1D.csv,Imbalance,Imbalance,0.9992,1035.3
1D.csv,Imbalance,Imbalance,0.9992,1035.3
1D.csv,Imbalance,Imbalance,0.9993,1035.3
1D.csv,Imbalance,Imbalance,0.9993,1037.3
1D.csv,Imbalance,Imbalance,0.9992,1037.3
1D.csv,Imbalance,Imbalance,0.9988,1037.3
1D.csv,Imbalance,Imbalance,0.9997,1037.3
1D.csv,Imbalance,Imbalance,0.9984,1027.3
1D.csv,Imbalance,Imbalance,0.9995,1027.3
1D.csv,Imbalance,Imbalance,0.9979,1027.3
1D.csv,Imbalance,Imbalance,0.9978,1027.3
1D.csv,Imbalance,Imbalance,0.9989,1030.1
1D.csv,Imbalance,Imbalance,0.9984,1030.1
1D.csv,Imbalance,Imbalance,0.9999,1030.1
1D.csv,Imbalance,Imbalance,0.9936,1030.1
1D.csv,Imbalance,Imbalance,0.9978,1042.5
1D.csv,Imbalance,Imbalance,0.9996,1042.5
1D.csv,Imbalance,Imbalance,0.9980,1042.5
1D.csv,Imbalance,Imbalance,0.9942,1042.5
1D.csv,Imbalance,Imbalance,0.9992,1037.6
1D.csv,Imbalance,Imbalance,0.9957,1037.6
1D.csv,Imbalance,Imbalance,0.9993,1037.6
1D.csv,Imbalance,Imbalance,0.9982,1037.6
1D.csv,Imbalance,Imbalance,0.9975,1040.2
1D.csv,Imbalance,Imbalance,0.9995,1040.2
1D.csv,Imbalance,Imbalance,0.9922,1040.2
1D.csv,Imbalance,Imbalance,0.9979,1040.2
1D.csv,Imbalance,Imbalance,0.9983,1040.8
1D.csv,Imbalance,Imbalance,0.9993,1040.8
1D.csv,Imbalance,Imbalance,0.9980,1040.8
1D.csv,Imbalance,Imbalance,0.9969,1040.8
1D.csv,Imbalance,Imbalance,0.9982,1041.8
1D.csv,Imbalance,Imbalance,0.9985,1041.8
1D.csv,Imbalance,Imbalance,0.9991,1041.8
1D.csv,Imbalance,Imbalance,0.9983,1041.8
1D.csv,Imbalance,Imbalance,0.9989,1050.2
1D.csv,Imbalance,Imbalance,0.9993,1050.2
1D.csv,Imbalance,Imbalance,0.9958,1050.2
1D.csv,Imbalance,Imbalance,0.9981,1050.2
1D.csv,Imbalance,Imbalance,0.9988,1057.6
1D.csv,Imbalance,Imbalance,0.9976,1057.6
1D.csv,Imbalance,Imbalance,0.9981,1057.6
1D.csv,Imbalance,Imbalance,0.9915,1057.6
1D.csv,Imbalance,Imbalance,0.9978,1048.4
1D.csv,Imbalance,Imbalance,0.9991,1048.4
1D.csv,Imbalance,Imbalance,0.9955,1048.4
1D.csv,Imbalance,Imbalance,0.9990,1048.4
1D.csv,Imbalance,Imbalance,0.9990,1044.7
1D.csv,Imbalance,Imbalance,0.9953,1044.7
1D.csv,Imbalance,Imbalance,0.9996,1044.7
1D.csv,Imbalance,Imbalance,0.9997,1044.7
1D.csv,Imbalance,Imbalance,0.9963,1068.6
1D.csv,Imbalance,Imbalance,0.9968,1068.6
1D.csv,Imbalance,Imbalance,0.9995,1068.6
1D.csv,Imbalance,Imbalance,0.9991,1068.6
1D.csv,Imbalance,Imbalance,0.9968,1060.9
1D.csv,Imbalance,Imbalance,0.9950,1060.9
1D.csv,Imbalance,Imbalance,0.9968,1060.9
1D.csv,Imbalance,Imbalance,0.9977,1060.9
1D.csv,Imbalance,Imbalance,0.9985,1069.1
1D.csv,Imbalance,Imbalance,0.9985,1069.1
1D.csv,Imbalance,Imbalance,0.9951,1069.1
1D.csv,Imbalance,Imbalance,0.9992,1069.1
1D.csv,Imbalance,Imbalance,0.9960,1070.7
1D.csv,Imbalance,Imbalance,0.9994,1070.7
1D.csv,Imbalance,Imbalance,0.9944,1070.7
1D.csv,Imbalance,Imbalance,0.9906,1070.7
1D.csv,Imbalance,Imbalance,0.9989,1060.9
1D.csv,Imbalance,Imbalance,0.9984,1060.9
1D.csv,Imbalance,Imbalance,0.9997,1060.9
1D.csv,Imbalance,Imbalance,0.9975,1060.9
1D.csv,Imbalance,Imbalance,0.9978,1079.0
1D.csv,Imbalance,Imbalance,0.9858,1079.0
1D.csv,Imbalance,Imbalance,0.9958,1079.0
1D.csv,Imbalance,Imbalance,0.9967,1079.0
1D.csv,Imbalance,Imbalance,0.9995,1074.1
1D.csv,Imbalance,Imbalance,0.9996,1074.1
1D.csv,Imbalance,Imbalance,0.9988,1074.1
1D.csv,Imbalance,Imbalance,0.9896,1074.1
1D.csv,Imbalance,Imbalance,0.9980,1087.4
1D.csv,Imbalance,Imbalance,0.9998,1087.4
1D.csv,Imbalance,Imbalance,0.9954,1087.4
1D.csv,Imbalance,Imbalance,0.9964,1087.4
1D.csv,Imbalance,Imbalance,0.9990,1096.7
1D.csv,Imbalance,Imbalance,0.9995,1096.7
1D.csv,Imbalance,Imbalance,0.9967,1096.7
1D.csv,Imbalance,Imbalance,0.9998,1096.7
1D.csv,Imbalance,Imbalance,0.9998,1092.7
1D.csv,Imbalance,Imbalance,0.9992,1092.7
1D.csv,Imbalance,Imbalance,0.9978,1092.7
1D.csv,Imbalance,Imbalance,0.9990,1092.7
1D.csv,Imbalance,Imbalance,0.9907,1062.3
1D.csv,Imbalance,Imbalance,0.9972,1062.3
1D.csv,Imbalance,Imbalance,0.9937,1062.3
1D.csv,Imbalance,Imbalance,0.9972,1062.3
1D.csv,Imbalance,Imbalance,0.9879,1101.5
1D.csv,Imbalance,Imbalance,0.9842,1101.5
1D.csv,Imbalance,Imbalance,0.9976,1101.5
1D.csv,Imbalance,Imbalance,0.9868,1101.5
1D.csv,Imbalance,Imbalance,0.9986,1092.2
1D.csv,Imbalance,Imbalance,0.9992,1092.2
1D.csv,Imbalance,Imbalance,0.9988,1092.2
1D.csv,Imbalance,Imbalance,0.9989,1092.2
1D.csv,Imbalance,Imbalance,0.9994,1090.7
1D.csv,Imbalance,Imbalance,0.9993,1090.7
1D.csv,Imbalance,Imbalance,0.9928,1090.7
1D.csv,Imbalance,Imbalance,0.9990,1090.7
1D.csv,Imbalance,Imbalance,0.9993,1091.3
1D.csv,Imbalance,Imbalance,0.9988,1091.3
1D.csv,Imbalance,Imbalance,0.9989,1091.3
1D.csv,Imbalance,Imbalance,0.9959,1091.3
1D.csv,Imbalance,Imbalance,0.9968,1107.8
1D.csv,Imbalance,Imbalance,0.9971,1107.8
1D.csv,Imbalance,Imbalance,0.9944,1107.8
1D.csv,Imbalance,Imbalance,0.9986,1107.8
1D.csv,Imbalance,Imbalance,0.9934,1101.7
1D.csv,Imbalance,Imbalance,0.9972,1101.7
1D.csv,Imbalance,Imbalance,0.9977,1101.7
1D.csv,Imbalance,Imbalance,0.9957,1101.7
1D.csv,Imbalance,Imbalance,0.9990,1103.6
1D.csv,Imbalance,Imbalance,0.9961,1103.6
1D.csv,Imbalance,Imbalance,0.9978,1103.6
1D.csv,Imbalance,Imbalance,0.9944,1103.6
1D.csv,Imbalance,Imbalance,0.9980,1110.8
1D.csv,Imbalance,Imbalance,0.9958,1110.8
1D.csv,Imbalance,Imbalance,0.9308,1110.8
1D.csv,Imbalance,Imbalance,0.9998,1110.8
1D.csv,Imbalance,Imbalance,0.9922,1112.8
1D.csv,Imbalance,Imbalance,0.9913,1112.8
1D.csv,Imbalance,Imbalance,0.9976,1112.8
1D.csv,Imbalance,Imbalance,0.9902,1112.8
1D.csv,Imbalance,Imbalance,0.9946,1113.8
1D.csv,Imbalance,Imbalance,0.9915,1113.8
1D.csv,Imbalance,Imbalance,0.9755,1113.8
1D.csv,Imbalance,Imbalance,0.9958,1113.8
1D.csv,Imbalance,Imbalance,0.9975,1114.6
1D.csv,Imbalance,Imbalance,0.9985,1114.6
1D.csv,Imbalance,Imbalance,0.9975,1114.6
1D.csv,Imbalance,Imbalance,0.9878,1114.6
1D.csv,Imbalance,Imbalance,0.9780,1111.5
1D.csv,Imbalance,Imbalance,0.9977,1111.5
1D.csv,Imbalance,Imbalance,0.9965,1111.5
1D.csv,Imbalance,Imbalance,0.9957,1111.5
1D.csv,Imbalance,Imbalance,0.9991,1125.6
1D.csv,Imbalance,Imbalance,0.9995,1125.6
1D.csv,Imbalance,Imbalance,0.9863,1125.6
1D.csv,Imbalance,Imbalance,0.9815,1125.6
1D.csv,Imbalance,Imbalance,0.9861,1132.4
1D.csv,Imbalance,Imbalance,0.9222,1132.4
1D.csv,Imbalance,Imbalance,0.9981,1132.4
1D.csv,Imbalance,Imbalance,0.9978,1132.4
1D.csv,Imbalance,Imbalance,0.9962,1124.4
1D.csv,Imbalance,Imbalance,0.9538,1124.4
1D.csv,Imbalance,Imbalance,0.9944,1124.4
1D.csv,Imbalance,Imbalance,0.9987,1124.4
1D.csv,Imbalance,Imbalance,0.9945,1122.1
1D.csv,Imbalance,Imbalance,0.9986,1122.1
1D.csv,Imbalance,Imbalance,0.9898,1122.1
1D.csv,Imbalance,Imbalance,0.9906,1122.1
1D.csv,Imbalance,Imbalance,0.9977,1128.6
1D.csv,Imbalance,Imbalance,0.9973,1128.6
1D.csv,Imbalance,Imbalance,0.9937,1128.6
1D.csv,Imbalance,Imbalance,0.9646,1128.6
1D.csv,Imbalance,Imbalance,0.9953,1116.4
1D.csv,Imbalance,Imbalance,0.9630,1116.4
1D.csv,Imbalance,Imbalance,0.9958,1116.4
1D.csv,Imbalance,Imbalance,0.9810,1116.4
1D.csv,Imbalance,Imbalance,0.9871,1156.6
1D.csv,Imbalance,Imbalance,0.9799,1156.6
1D.csv,Imbalance,Imbalance,0.9934,1156.6
1D.csv,Imbalance,Imbalance,0.9552,1156.6
1D.csv,Imbalance,Imbalance,0.9867,1146.2
1D.csv,Imbalance,Imbalance,0.9925,1146.2
1D.csv,Imbalance,Imbalance,0.9940,1146.2
1D.csv,Imbalance,Imbalance,0.9625,1146.2
1D.csv,Imbalance,Imbalance,0.9868,1118.9
1D.csv,Imbalance,Imbalance,0.8783,1118.9
1D.csv,Imbalance,Imbalance,0.9931,1118.9
1D.csv,Imbalance,Imbalance,0.9974,1118.9
1D.csv,Imbalance,Imbalance,0.9735,1163.2
1D.csv,Imbalance,Imbalance,0.9934,1163.2
1D.csv,Imbalance,Imbalance,0.9705,1163.2
1D.csv,Imbalance,Imbalance,0.8812,1163.2
1D.csv,Imbalance,Imbalance,0.9140,1133.1
1D.csv,Imbalance,Imbalance,0.9821,1133.1
1D.csv,Imbalance,Imbalance,0.9912,1133.1
1D.csv,Imbalance,Imbalance,0.9490,1133.1
1D.csv,Imbalance,Imbalance,0.9023,1148.2
1D.csv,Imbalance,Imbalance,0.9884,1148.2
1D.csv,Imbalance,Imbalance,0.9857,1148.2
1D.csv,Imbalance,Imbalance,0.9810,1148.2
1D.csv,Imbalance,Imbalance,0.9948,1147.9
1D.csv,Imbalance,Imbalance,0.9910,1147.9
1D.csv,Imbalance,Imbalance,0.9986,1147.9
1D.csv,Imbalance,Imbalance,0.9925,1147.9
1D.csv,Imbalance,Imbalance,0.9990,1153.6
1D.csv,Imbalance,Imbalance,0.9978,1153.6
1D.csv,Imbalance,Imbalance,0.9936,1153.6
1D.csv,Imbalance,Imbalance,0.9995,1153.6
1D.csv,Imbalance,Imbalance,0.9867,1166.1
1D.csv,Imbalance,Imbalance,0.9989,1166.1
1D.csv,Imbalance,Imbalance,0.9781,1166.1
1D.csv,Imbalance,Imbalance,0.9806,1166.1
1D.csv,Imbalance,Imbalance,0.9846,1154.1
1D.csv,Imbalance,Imbalance,0.9942,1154.1
1D.csv,Imbalance,Imbalance,0.9957,1154.1
1D.csv,Imbalance,Imbalance,0.9781,1154.1
1D.csv,Imbalance,Imbalance,0.9979,1152.9
1D.csv,Imbalance,Imbalance,0.9932,1152.9
1D.csv,Imbalance,Imbalance,0.9936,1152.9
1D.csv,Imbalance,Imbalance,0.9992,1152.9
1D.csv,Imbalance,Imbalance,0.9065,1164.7
1D.csv,Imbalance,Imbalance,0.9866,1164.7
1D.csv,Imbalance,Imbalance,0.9969,1164.7
1D.csv,Imbalance,Imbalance,0.9894,1164.7
1D.csv,Imbalance,Imbalance,0.9787,1174.4
1D.csv,Imbalance,Imbalance,0.9787,1174.4
1D.csv,Imbalance,Imbalance,0.9856,1174.4
1D.csv,Imbalance,Imbalance,0.9837,1174.4
1D.csv,Imbalance,Imbalance,0.9953,1166.8
1D.csv,Imbalance,Imbalance,0.9206,1166.8
1D.csv,Imbalance,Imbalance,0.9949,1166.8
1D.csv,Imbalance,Imbalance,0.9621,1166.8
1D.csv,Imbalance,Imbalance,0.9706,1174.2
1D.csv,Imbalance,Imbalance,0.9908,1174.2
1D.csv,Imbalance,Imbalance,0.9885,1174.2
1D.csv,Imbalance,Imbalance,0.9631,1174.2
1D.csv,Imbalance,Imbalance,0.9756,1174.9
1D.csv,Imbalance,Imbalance,0.9494,1174.9
1D.csv,Imbalance,Imbalance,0.9911,1174.9
1D.csv,Imbalance,Imbalance,0.9836,1174.9
1D.csv,Imbalance,Imbalance,0.9615,1185.0
1D.csv,Imbalance,Imbalance,0.9965,1185.0
1D.csv,Imbalance,Imbalance,0.8979,1185.0
1D.csv,Imbalance,Imbalance,0.9909,1185.0
1D.csv,Imbalance,Imbalance,0.9939,1185.6
1D.csv,Imbalance,Imbalance,0.9886,1185.6
1D.csv,Imbalance,Imbalance,0.9943,1185.6
1D.csv,Imbalance,Imbalance,0.9865,1185.6
1D.csv,Imbalance,Imbalance,0.9814,1180.2
1D.csv,Imbalance,Imbalance,0.9238,1180.2
1D.csv,Imbalance,Imbalance,0.9539,1180.2
1D.csv,Imbalance,Imbalance,0.9928,1180.2
1D.csv,Imbalance,Imbalance,0.9858,1185.0
1D.csv,Imbalance,Imbalance,0.9952,1185.0
1D.csv,Imbalance,Imbalance,0.9834,1185.0
1D.csv,Imbalance,Imbalance,0.9866,1185.0
1D.csv,Imbalance,Imbalance,0.9056,1195.9
1D.csv,Imbalance,Imbalance,0.9654,1195.9
1D.csv,Imbalance,Imbalance,0.9781,1195.9
1D.csv,Imbalance,Imbalance,0.9503,1195.9
1D.csv,Imbalance,Imbalance,0.9819,1188.6
1D.csv,Imbalance,Imbalance,0.9911,1188.6
1D.csv,Imbalance,Imbalance,0.9411,1188.6
1D.csv,Imbalance,Imbalance,0.9963,1188.6
1D.csv,Imbalance,Imbalance,0.9666,1192.3
1D.csv,Imbalance,Imbalance,0.9431,1192.3
1D.csv,Imbalance,Imbalance,0.9878,1192.3
1D.csv,Imbalance,Imbalance,0.9313,1192.3
1D.csv,Imbalance,Imbalance,0.9924,1222.4
1D.csv,Imbalance,Imbalance,0.9956,1222.4
1D.csv,Imbalance,Imbalance,0.9917,1222.4
1D.csv,Imbalance,Imbalance,0.9971,1222.4
1D.csv,Imbalance,Imbalance,0.9668,1168.9
1D.csv,Imbalance,Imbalance,0.9928,1168.9
1D.csv,Imbalance,Imbalance,0.9470,1168.9
1D.csv,Imbalance,Imbalance,0.9612,1168.9
1D.csv,Imbalance,Imbalance,0.9975,1169.3
1D.csv,Imbalance,Imbalance,0.9614,1169.3
1D.csv,Imbalance,Imbalance,0.8645,1169.3
1D.csv,Imbalance,Imbalance,0.9886,1169.3
1D.csv,Imbalance,Imbalance,0.9977,1174.2
1D.csv,Imbalance,Imbalance,0.9956,1174.2
1D.csv,Imbalance,Imbalance,0.9931,1174.2
1D.csv,Imbalance,Imbalance,0.9956,1174.2
1D.csv,Imbalance,Imbalance,0.9890,1209.7
1D.csv,Imbalance,Imbalance,0.9880,1209.7
1D.csv,Imbalance,Imbalance,0.9852,1209.7
1D.csv,Imbalance,Imbalance,0.9610,1209.7
1D.csv,Imbalance,Imbalance,0.9635,1217.9
1D.csv,Imbalance,Imbalance,0.9227,1217.9
1D.csv,Imbalance,Imbalance,0.9802,1217.9
1D.csv,Imbalance,Imbalance,0.9948,1217.9
1D.csv,Imbalance,Imbalance,0.9860,1209.3
1D.csv,Imbalance,Imbalance,0.9728,1209.3
1D.csv,Imbalance,Imbalance,0.9235,1209.3
1D.csv,Imbalance,Imbalance,0.9973,1209.3
1D.csv,Imbalance,Imbalance,0.9726,1210.4
1D.csv,Imbalance,Imbalance,0.9887,1210.4
1D.csv,Imbalance,Imbalance,0.9942,1210.4
1D.csv,Imbalance,Imbalance,0.9989,1210.4
1D.csv,Imbalance,Imbalance,0.9994,1220.5
1D.csv,Imbalance,Imbalance,0.9985,1220.5
1D.csv,Imbalance,Imbalance,0.9967,1220.5
1D.csv,Imbalance,Imbalance,0.9988,1220.5
1D.csv,Imbalance,Imbalance,0.9866,1228.4
1D.csv,Imbalance,Imbalance,0.9935,1228.4
1D.csv,Imbalance,Imbalance,0.9909,1228.4
1D.csv,Imbalance,Imbalance,0.8883,1228.4
1D.csv,Imbalance,Imbalance,0.9922,1216.9
1D.csv,Imbalance,Imbalance,0.9987,1216.9
1D.csv,Imbalance,Imbalance,0.9671,1216.9
1D.csv,Imbalance,Imbalance,0.9971,1216.9
1D.csv,Imbalance,Imbalance,0.9994,1235.6
1D.csv,Imbalance,Imbalance,0.9970,1235.6
1D.csv,Imbalance,Imbalance,0.9940,1235.6
1D.csv,Imbalance,Imbalance,0.9935,1235.6
1D.csv,Imbalance,Imbalance,0.9994,1238.9
1D.csv,Imbalance,Imbalance,0.9993,1238.9
1D.csv,Imbalance,Imbalance,0.9988,1238.9
1D.csv,Imbalance,Imbalance,0.9949,1238.9
1D.csv,Imbalance,Imbalance,0.9993,1227.4
1D.csv,Imbalance,Imbalance,0.9960,1227.4
1D.csv,Imbalance,Imbalance,0.9822,1227.4
1D.csv,Imbalance,Imbalance,0.9787,1227.4
1D.csv,Imbalance,Imbalance,0.9960,1231.1
1D.csv,Imbalance,Imbalance,0.9987,1231.1
1D.csv,Imbalance,Imbalance,0.9962,1231.1
1D.csv,Imbalance,Imbalance,0.9982,1231.1
1D.csv,Imbalance,Imbalance,0.9991,1489.5
1D.csv,Imbalance,Imbalance,0.9976,1489.5
1D.csv,Imbalance,Imbalance,0.9978,1489.5
1D.csv,Imbalance,Imbalance,0.9971,1489.5
1D.csv,Imbalance,Imbalance,0.9953,1247.4
1D.csv,Imbalance,Imbalance,0.9994,1247.4
1D.csv,Imbalance,Imbalance,0.9964,1247.4
1D.csv,Imbalance,Imbalance,0.9980,1247.4
1D.csv,Imbalance,Imbalance,0.9979,1241.2
1D.csv,Imbalance,Imbalance,0.9996,1241.2
1D.csv,Imbalance,Imbalance,0.9991,1241.2
1D.csv,Imbalance,Imbalance,0.9792,1241.2
1D.csv,Imbalance,Imbalance,0.9973,1247.0
1D.csv,Imbalance,Imbalance,0.9955,1247.0
1D.csv,Imbalance,Imbalance,0.9986,1247.0
1D.csv,Imbalance,Imbalance,0.9973,1247.0
1D.csv,Imbalance,Imbalance,0.9922,1251.3
1D.csv,Imbalance,Imbalance,0.9989,1251.3
1D.csv,Imbalance,Imbalance,0.9940,1251.3
1D.csv,Imbalance,Imbalance,0.9993,1251.3
1D.csv,Imbalance,Imbalance,0.9979,1243.3
1D.csv,Imbalance,Imbalance,0.9994,1243.3
1D.csv,Imbalance,Imbalance,0.9814,1243.3
1D.csv,Imbalance,Imbalance,0.9978,1243.3
1D.csv,Imbalance,Imbalance,0.9977,1256.7
1D.csv,Imbalance,Imbalance,0.9956,1256.7
1D.csv,Imbalance,Imbalance,0.9976,1256.7
1D.csv,Imbalance,Imbalance,0.9940,1256.7
1D.csv,Imbalance,Imbalance,0.9973,1254.5
1D.csv,Imbalance,Imbalance,0.9992,1254.5
1D.csv,Imbalance,Imbalance,0.9986,1254.5
1D.csv,Imbalance,Imbalance,0.9989,1254.5
1D.csv,Imbalance,Imbalance,0.9990,1268.3
1D.csv,Imbalance,Imbalance,0.9984,1268.3
1D.csv,Imbalance,Imbalance,0.9991,1268.3
1D.csv,Imbalance,Imbalance,0.9993,1268.3
1D.csv,Imbalance,Imbalance,0.9962,1279.0
1D.csv,Imbalance,Imbalance,0.9980,1279.0
1D.csv,Imbalance,Imbalance,0.9995,1279.0
1D.csv,Imbalance,Imbalance,0.9951,1279.0
1D.csv,Imbalance,Imbalance,0.9985,1276.2
1D.csv,Imbalance,Imbalance,0.9941,1276.2
1D.csv,Imbalance,Imbalance,0.9974,1276.2
1D.csv,Imbalance,Imbalance,0.9905,1276.2
1D.csv,Imbalance,Imbalance,0.9989,1240.1
1D.csv,Imbalance,Imbalance,0.9990,1240.1
1D.csv,Imbalance,Imbalance,0.9984,1240.1
1D.csv,Imbalance,Imbalance,0.9921,1240.1
1D.csv,Imbalance,Imbalance,0.9991,1272.0
1D.csv,Imbalance,Imbalance,0.9992,1272.0
1D.csv,Imbalance,Imbalance,0.9962,1272.0
1D.csv,Imbalance,Imbalance,0.9970,1272.0
1D.csv,Imbalance,Imbalance,0.9981,1272.8
1D.csv,Imbalance,Imbalance,0.9967,1272.8
1D.csv,Imbalance,Imbalance,0.9932,1272.8
1D.csv,Imbalance,Imbalance,0.9952,1272.8
1D.csv,Imbalance,Imbalance,0.9995,1281.2
1D.csv,Imbalance,Imbalance,0.9994,1281.2
1D.csv,Imbalance,Imbalance,0.9996,1281.2
1D.csv,Imbalance,Imbalance,0.9994,1281.2
1D.csv,Imbalance,Imbalance,0.9995,1279.3
1D.csv,Imbalance,Imbalance,0.9973,1279.3
1D.csv,Imbalance,Imbalance,0.9996,1279.3
1D.csv,Imbalance,Imbalance,0.9977,1279.3
1D.csv,Imbalance,Imbalance,0.9943,1277.6
1D.csv,Imbalance,Imbalance,0.9915,1277.6
1D.csv,Imbalance,Imbalance,0.9997,1277.6
1D.csv,Imbalance,Imbalance,0.9997,1277.6
1D.csv,Imbalance,Imbalance,0.9958,1290.9
1D.csv,Imbalance,Imbalance,0.9993,1290.9
1D.csv,Imbalance,Imbalance,0.9995,1290.9
1D.csv,Imbalance,Imbalance,0.9980,1290.9
1D.csv,Imbalance,Imbalance,0.9997,1281.1
1D.csv,Imbalance,Imbalance,0.9999,1281.1
1D.csv,Imbalance,Imbalance,0.9997,1281.1
1D.csv,Imbalance,Imbalance,0.9993,1281.1
1D.csv,Imbalance,Imbalance,0.9997,1292.3
1D.csv,Imbalance,Imbalance,0.9998,1292.3
1D.csv,Imbalance,Imbalance,0.9954,1292.3
1D.csv,Imbalance,Imbalance,0.9996,1292.3
1D.csv,Imbalance,Imbalance,0.9988,1287.9
1D.csv,Imbalance,Imbalance,0.9996,1287.9
1D.csv,Imbalance,Imbalance,0.9991,1287.9
1D.csv,Imbalance,Imbalance,0.9994,1287.9
1D.csv,Imbalance,Imbalance,0.9981,1302.9
1D.csv,Imbalance,Imbalance,0.9995,1302.9
1D.csv,Imbalance,Imbalance,0.9999,1302.9
1D.csv,Imbalance,Imbalance,0.9988,1302.9
1D.csv,Imbalance,Imbalance,0.9995,1294.2
1D.csv,Imbalance,Imbalance,0.9999,1294.2
1D.csv,Imbalance,Imbalance,0.9998,1294.2
1D.csv,Imbalance,Imbalance,0.9993,1294.2
1D.csv,Imbalance,Imbalance,0.9988,1293.9
1D.csv,Imbalance,Imbalance,0.9998,1293.9
1D.csv,Imbalance,Imbalance,0.9999,1293.9
1D.csv,Imbalance,Imbalance,0.9997,1293.9
1D.csv,Imbalance,Imbalance,0.9996,1298.6
1D.csv,Imbalance,Imbalance,0.9998,1298.6
1D.csv,Imbalance,Imbalance,0.9997,1298.6
1D.csv,Imbalance,Imbalance,0.9995,1298.6
1D.csv,Imbalance,Imbalance,0.9996,1315.7
1D.csv,Imbalance,Imbalance,0.9999,1315.7
1D.csv,Imbalance,Imbalance,0.9993,1315.7
1D.csv,Imbalance,Imbalance,0.9999,1315.7
1D.csv,Imbalance,Imbalance,0.9999,1302.1
1D.csv,Imbalance,Imbalance,0.9994,1302.1
1D.csv,Imbalance,Imbalance,0.9999,1302.1
1D.csv,Imbalance,Imbalance,0.9996,1302.1
1D.csv,Imbalance,Imbalance,0.9999,1312.6
1D.csv,Imbalance,Imbalance,0.9996,1312.6
1D.csv,Imbalance,Imbalance,0.9998,1312.6
1D.csv,Imbalance,Imbalance,0.9999,1312.6
1D.csv,Imbalance,Imbalance,0.9996,1579.8
1D.csv,Imbalance,Imbalance,0.9992,1579.8
1D.csv,Imbalance,Imbalance,0.9986,1579.8
1D.csv,Imbalance,Imbalance,0.9979,1579.8
1D.csv,Imbalance,Imbalance,0.9997,1318.3
1D.csv,Imbalance,Imbalance,0.9997,1318.3
1D.csv,Imbalance,Imbalance,0.9999,1318.3
1D.csv,Imbalance,Imbalance,0.9998,1318.3
1D.csv,Imbalance,Imbalance,0.9999,1283.0
1D.csv,Imbalance,Imbalance,1.0000,1283.0
1D.csv,Imbalance,Imbalance,0.9999,1283.0
1D.csv,Imbalance,Imbalance,0.9999,1283.0
1D.csv,Imbalance,Imbalance,0.9999,1341.3
1D.csv,Imbalance,Imbalance,0.9998,1341.3
1D.csv,Imbalance,Imbalance,0.9997,1341.3
1D.csv,Imbalance,Imbalance,0.9997,1341.3
1D.csv,Imbalance,Imbalance,0.9997,1338.4
1D.csv,Imbalance,Imbalance,0.9999,1338.4
1D.csv,Imbalance,Imbalance,0.9999,1338.4
1D.csv,Imbalance,Imbalance,0.9999,1338.4
1D.csv,Imbalance,Imbalance,0.9997,1313.1
1D.csv,Imbalance,Imbalance,0.9999,1313.1
1D.csv,Imbalance,Imbalance,0.9998,1313.1
1D.csv,Imbalance,Imbalance,0.9998,1313.1
1D.csv,Imbalance,Imbalance,0.9994,1345.7
1D.csv,Imbalance,Imbalance,0.9998,1345.7
1D.csv,Imbalance,Imbalance,0.9998,1345.7
1D.csv,Imbalance,Imbalance,0.9999,1345.7
1D.csv,Imbalance,Imbalance,0.9998,1319.5
1D.csv,Imbalance,Imbalance,0.9996,1319.5
1D.csv,Imbalance,Imbalance,0.9999,1319.5
1D.csv,Imbalance,Imbalance,0.9999,1319.5
1D.csv,Imbalance,Imbalance,0.9999,1341.6
1D.csv,Imbalance,Imbalance,0.9999,1341.6
1D.csv,Imbalance,Imbalance,0.9998,1341.6
1D.csv,Imbalance,Imbalance,1.0000,1341.6
1D.csv,Imbalance,Imbalance,0.9999,1348.0
1D.csv,Imbalance,Imbalance,0.9998,1348.0
1D.csv,Imbalance,Imbalance,0.9999,1348.0
1D.csv,Imbalance,Imbalance,0.9997,1348.0
1D.csv,Imbalance,Imbalance,0.9996,1332.6
1D.csv,Imbalance,Imbalance,0.9998,1332.6
1D.csv,Imbalance,Imbalance,0.9997,1332.6
1D.csv,Imbalance,Imbalance,0.9998,1332.6
1D.csv,Imbalance,Imbalance,0.9998,1346.1
1D.csv,Imbalance,Imbalance,0.9992,1346.1
1D.csv,Imbalance,Imbalance,0.9999,1346.1
1D.csv,Imbalance,Imbalance,0.9998,1346.1
1D.csv,Imbalance,Imbalance,0.9999,1340.5
1D.csv,Imbalance,Imbalance,0.9999,1340.5
1D.csv,Imbalance,Imbalance,0.9999,1340.5
1D.csv,Imbalance,Imbalance,0.9998,1340.5
1D.csv,Imbalance,Imbalance,0.9998,1335.3
1D.csv,Imbalance,Imbalance,0.9998,1335.3
1D.csv,Imbalance,Imbalance,0.9996,1335.3
1D.csv,Imbalance,Imbalance,0.9998,1335.3
1D.csv,Imbalance,Imbalance,0.9997,1352.4
1D.csv,Imbalance,Imbalance,0.9997,1352.4
1D.csv,Imbalance,Imbalance,1.0000,1352.4
1D.csv,Imbalance,Imbalance,0.9998,1352.4
1D.csv,Imbalance,Imbalance,0.9996,1367.5
1D.csv,Imbalance,Imbalance,0.9995,1367.5
1D.csv,Imbalance,Imbalance,0.9996,1367.5
1D.csv,Imbalance,Imbalance,0.9998,1367.5
1D.csv,Imbalance,Imbalance,0.9997,1350.7
1D.csv,Imbalance,Imbalance,0.9995,1350.7
1D.csv,Imbalance,Imbalance,0.9998,1350.7
1D.csv,Imbalance,Imbalance,0.9998,1350.7
1D.csv,Imbalance,Imbalance,0.9999,1357.1
1D.csv,Imbalance,Imbalance,0.9998,1357.1
1D.csv,Imbalance,Imbalance,0.9999,1357.1
1D.csv,Imbalance,Imbalance,0.9998,1357.1
1D.csv,Imbalance,Imbalance,0.9998,1356.8
1D.csv,Imbalance,Imbalance,0.9997,1356.8
1D.csv,Imbalance,Imbalance,0.9998,1356.8
1D.csv,Imbalance,Imbalance,0.9998,1356.8
1D.csv,Imbalance,Imbalance,0.9996,1354.5
1D.csv,Imbalance,Imbalance,0.9998,1354.5
1D.csv,Imbalance,Imbalance,0.9999,1354.5
1D.csv,Imbalance,Imbalance,0.9998,1354.5
1D.csv,Imbalance,Imbalance,0.9998,1373.9
1D.csv,Imbalance,Imbalance,0.9994,1373.9
1D.csv,Imbalance,Imbalance,0.9998,1373.9
1D.csv,Imbalance,Imbalance,0.9995,1373.9
1D.csv,Imbalance,Imbalance,0.9998,1365.3
1D.csv,Imbalance,Imbalance,0.9992,1365.3
1D.csv,Imbalance,Imbalance,0.9985,1365.3
1D.csv,Imbalance,Imbalance,0.9999,1365.3
1D.csv,Imbalance,Imbalance,0.9964,1378.0
1D.csv,Imbalance,Imbalance,0.9999,1378.0
1D.csv,Imbalance,Imbalance,0.9993,1378.0
1D.csv,Imbalance,Imbalance,0.9998,1378.0
1D.csv,Imbalance,Imbalance,0.9996,1365.0
1D.csv,Imbalance,Imbalance,0.9996,1365.0
1D.csv,Imbalance,Imbalance,0.9998,1365.0
1D.csv,Imbalance,Imbalance,0.9996,1365.0
1D.csv,Imbalance,Imbalance,0.9997,1389.9
1D.csv,Imbalance,Imbalance,0.9976,1389.9
1D.csv,Imbalance,Imbalance,0.9998,1389.9
1D.csv,Imbalance,Imbalance,0.9990,1389.9
1D.csv,Imbalance,Imbalance,0.9997,1390.7
1D.csv,Imbalance,Imbalance,0.9994,1390.7
1D.csv,Imbalance,Imbalance,0.9991,1390.7
1D.csv,Imbalance,Imbalance,0.9934,1390.7
1D.csv,Imbalance,Imbalance,0.9990,1390.2
1D.csv,Imbalance,Imbalance,0.9999,1390.2
1D.csv,Imbalance,Imbalance,0.9994,1390.2
1D.csv,Imbalance,Imbalance,0.9992,1390.2
1D.csv,Imbalance,Imbalance,0.9990,1390.5
1D.csv,Imbalance,Imbalance,0.9993,1390.5
1D.csv,Imbalance,Imbalance,0.9992,1390.5
1D.csv,Imbalance,Imbalance,0.9966,1390.5
1D.csv,Imbalance,Imbalance,0.9987,1400.4
1D.csv,Imbalance,Imbalance,0.9988,1400.4
1D.csv,Imbalance,Imbalance,0.9981,1400.4
1D.csv,Imbalance,Imbalance,0.9992,1400.4
1D.csv,Imbalance,Imbalance,0.9994,1386.0
1D.csv,Imbalance,Imbalance,0.9994,1386.0
1D.csv,Imbalance,Imbalance,0.9943,1386.0
1D.csv,Imbalance,Imbalance,0.9987,1386.0
1D.csv,Imbalance,Imbalance,0.9964,1385.8
1D.csv,Imbalance,Imbalance,0.9999,1385.8
1D.csv,Imbalance,Imbalance,0.9904,1385.8
1D.csv,Imbalance,Imbalance,0.9991,1385.8
1D.csv,Imbalance,Imbalance,0.9977,1385.5
1D.csv,Imbalance,Imbalance,0.9992,1385.5
1D.csv,Imbalance,Imbalance,0.9992,1385.5
1D.csv,Imbalance,Imbalance,0.9997,1385.5
1D.csv,Imbalance,Imbalance,0.9996,1405.9
1D.csv,Imbalance,Imbalance,0.9961,1405.9
1D.csv,Imbalance,Imbalance,0.9966,1405.9
1D.csv,Imbalance,Imbalance,0.9977,1405.9
1D.csv,Imbalance,Imbalance,0.9925,1396.5
1D.csv,Imbalance,Imbalance,0.9959,1396.5
1D.csv,Imbalance,Imbalance,0.9979,1396.5
1D.csv,Imbalance,Imbalance,0.9988,1396.5
1D.csv,Imbalance,Imbalance,0.9983,1398.9
1D.csv,Imbalance,Imbalance,0.9987,1398.9
1D.csv,Imbalance,Imbalance,0.9969,1398.9
1D.csv,Imbalance,Imbalance,0.9992,1398.9
1D.csv,Imbalance,Imbalance,0.9986,1408.6
1D.csv,Imbalance,Imbalance,0.9947,1408.6
1D.csv,Imbalance,Imbalance,0.9995,1408.6
1D.csv,Imbalance,Imbalance,0.9973,1408.6
1D.csv,Imbalance,Imbalance,0.9982,1399.7
1D.csv,Imbalance,Imbalance,0.9968,1399.7
1D.csv,Imbalance,Imbalance,0.9940,1399.7
1D.csv,Imbalance,Imbalance,0.9896,1399.7
1D.csv,Imbalance,Imbalance,0.9987,1410.5
1D.csv,Imbalance,Imbalance,0.9988,1410.5
1D.csv,Imbalance,Imbalance,0.9943,1410.5
1D.csv,Imbalance,Imbalance,0.9985,1410.5
1D.csv,Imbalance,Imbalance,0.9988,1410.6
1D.csv,Imbalance,Imbalance,0.9957,1410.6
1D.csv,Imbalance,Imbalance,0.9982,1410.6
1D.csv,Imbalance,Imbalance,0.9993,1410.6
1D.csv,Imbalance,Imbalance,0.9991,1419.7
1D.csv,Imbalance,Imbalance,0.9995,1419.7
1D.csv,Imbalance,Imbalance,0.9991,1419.7
1D.csv,Imbalance,Imbalance,0.9958,1419.7
1D.csv,Imbalance,Imbalance,0.9992,1411.2
1D.csv,Imbalance,Imbalance,0.9997,1411.2
1D.csv,Imbalance,Imbalance,0.9999,1411.2
1D.csv,Imbalance,Imbalance,0.9997,1411.2
1D.csv,Imbalance,Imbalance,0.9983,1429.8
1D.csv,Imbalance,Imbalance,0.9999,1429.8
1D.csv,Imbalance,Imbalance,0.9999,1429.8
1D.csv,Imbalance,Imbalance,0.9997,1429.8
1D.csv,Imbalance,Imbalance,0.9998,1407.9
1D.csv,Imbalance,Imbalance,0.9999,1407.9
1D.csv,Imbalance,Imbalance,0.9995,1407.9
1D.csv,Imbalance,Imbalance,0.9997,1407.9
1D.csv,Imbalance,Imbalance,0.9997,1429.7
1D.csv,Imbalance,Imbalance,0.9998,1429.7
1D.csv,Imbalance,Imbalance,0.9997,1429.7
1D.csv,Imbalance,Imbalance,0.9999,1429.7
1D.csv,Imbalance,Imbalance,0.9996,1434.1
1D.csv,Imbalance,Imbalance,0.9999,1434.1
1D.csv,Imbalance,Imbalance,0.9999,1434.1
1D.csv,Imbalance,Imbalance,0.9999,1434.1
1D.csv,Imbalance,Imbalance,1.0000,1422.5
1D.csv,Imbalance,Imbalance,0.9999,1422.5
1D.csv,Imbalance,Imbalance,0.9999,1422.5
1D.csv,Imbalance,Imbalance,0.9999,1422.5
1D.csv,Imbalance,Imbalance,1.0000,1438.1
1D.csv,Imbalance,Imbalance,0.9996,1438.1
1D.csv,Imbalance,Imbalance,0.9999,1438.1
1D.csv,Imbalance,Imbalance,0.9998,1438.1
1D.csv,Imbalance,Imbalance,0.9998,1432.3
1D.csv,Imbalance,Imbalance,0.9999,1432.3
1D.csv,Imbalance,Imbalance,0.9999,1432.3
1D.csv,Imbalance,Imbalance,0.9999,1432.3
1D.csv,Imbalance,Imbalance,0.9999,1428.2
1D.csv,Imbalance,Imbalance,1.0000,1428.2
1D.csv,Imbalance,Imbalance,1.0000,1428.2
1D.csv,Imbalance,Imbalance,1.0000,1428.2
1D.csv,Imbalance,Imbalance,0.9998,1453.5
1D.csv,Imbalance,Imbalance,0.9999,1453.5
1D.csv,Imbalance,Imbalance,0.9999,1453.5
1D.csv,Imbalance,Imbalance,0.9999,1453.5
1D.csv,Imbalance,Imbalance,0.9998,1471.7
1D.csv,Imbalance,Imbalance,0.9999,1471.7
1D.csv,Imbalance,Imbalance,0.9999,1471.7
1D.csv,Imbalance,Imbalance,1.0000,1471.7
1D.csv,Imbalance,Imbalance,0.9998,1407.3
1D.csv,Imbalance,Imbalance,0.9999,1407.3
1D.csv,Imbalance,Imbalance,0.9999,1407.3
1D.csv,Imbalance,Imbalance,0.9999,1407.3
1D.csv,Imbalance,Imbalance,0.9999,1452.0
1D.csv,Imbalance,Imbalance,0.9999,1452.0
1D.csv,Imbalance,Imbalance,0.9999,1452.0
1D.csv,Imbalance,Imbalance,0.9999,1452.0
1D.csv,Imbalance,Imbalance,0.9998,1439.9
1D.csv,Imbalance,Imbalance,0.9998,1439.9
1D.csv,Imbalance,Imbalance,0.9999,1439.9
1D.csv,Imbalance,Imbalance,0.9998,1439.9
1D.csv,Imbalance,Imbalance,0.9995,1452.9
1D.csv,Imbalance,Imbalance,0.9998,1452.9
1D.csv,Imbalance,Imbalance,0.9999,1452.9
1D.csv,Imbalance,Imbalance,0.9995,1452.9
1D.csv,Imbalance,Imbalance,0.9998,1461.4
1D.csv,Imbalance,Imbalance,0.9999,1461.4
1D.csv,Imbalance,Imbalance,0.9998,1461.4
1D.csv,Imbalance,Imbalance,0.9998,1461.4
1D.csv,Imbalance,Imbalance,0.9999,1466.8
1D.csv,Imbalance,Imbalance,0.9998,1466.8
1D.csv,Imbalance,Imbalance,0.9998,1466.8
1D.csv,Imbalance,Imbalance,0.9999,1466.8
1D.csv,Imbalance,Imbalance,0.9999,1460.0
1D.csv,Imbalance,Imbalance,0.9996,1460.0
1D.csv,Imbalance,Imbalance,0.9999,1460.0
1D.csv,Imbalance,Imbalance,0.9996,1460.0
1D.csv,Imbalance,Imbalance,0.9998,1463.0
1D.csv,Imbalance,Imbalance,0.9999,1463.0
1D.csv,Imbalance,Imbalance,0.9998,1463.0
1D.csv,Imbalance,Imbalance,0.9999,1463.0
1D.csv,Imbalance,Imbalance,0.9998,1459.9
1D.csv,Imbalance,Imbalance,0.9998,1459.9
1D.csv,Imbalance,Imbalance,0.9998,1459.9
1D.csv,Imbalance,Imbalance,0.9999,1459.9
1D.csv,Imbalance,Imbalance,1.0000,1477.0
1D.csv,Imbalance,Imbalance,0.9999,1477.0
1D.csv,Imbalance,Imbalance,0.9999,1477.0
1D.csv,Imbalance,Imbalance,0.9998,1477.0
1D.csv,Imbalance,Imbalance,1.0000,1474.4
1D.csv,Imbalance,Imbalance,0.9997,1474.4
1D.csv,Imbalance,Imbalance,0.9999,1474.4
1D.csv,Imbalance,Imbalance,0.9999,1474.4
1D.csv,Imbalance,Imbalance,0.9997,1473.4
1D.csv,Imbalance,Imbalance,0.9999,1473.4
1D.csv,Imbalance,Imbalance,0.9999,1473.4
1D.csv,Imbalance,Imbalance,0.9998,1473.4
1D.csv,Imbalance,Imbalance,0.9999,1470.4
1D.csv,Imbalance,Imbalance,0.9999,1470.4
1D.csv,Imbalance,Imbalance,0.9999,1470.4
1D.csv,Imbalance,Imbalance,0.9998,1470.4
1D.csv,Imbalance,Imbalance,0.9999,1499.6
1D.csv,Imbalance,Imbalance,0.9999,1499.6
1D.csv,Imbalance,Imbalance,0.9998,1499.6
1D.csv,Imbalance,Imbalance,0.9998,1499.6
1D.csv,Imbalance,Imbalance,0.9999,1484.8
1D.csv,Imbalance,Imbalance,0.9999,1484.8
1D.csv,Imbalance,Imbalance,0.9996,1484.8
1D.csv,Imbalance,Imbalance,0.9998,1484.8
1D.csv,Imbalance,Imbalance,0.9999,1480.1
1D.csv,Imbalance,Imbalance,0.9997,1480.1
1D.csv,Imbalance,Imbalance,1.0000,1480.1
1D.csv,Imbalance,Imbalance,0.9997,1480.1
1D.csv,Imbalance,Imbalance,0.9998,1494.2
1D.csv,Imbalance,Imbalance,0.9997,1494.2
1D.csv,Imbalance,Imbalance,0.9990,1494.2
1D.csv,Imbalance,Imbalance,0.9999,1494.2
1D.csv,Imbalance,Imbalance,0.9999,1475.6
1D.csv,Imbalance,Imbalance,0.9999,1475.6
1D.csv,Imbalance,Imbalance,0.9998,1475.6
1D.csv,Imbalance,Imbalance,0.9999,1475.6
1D.csv,Imbalance,Imbalance,0.9996,1525.1
1D.csv,Imbalance,Imbalance,0.9998,1525.1
1D.csv,Imbalance,Imbalance,0.9999,1525.1
1D.csv,Imbalance,Imbalance,0.9998,1525.1
1D.csv,Imbalance,Imbalance,0.9998,1510.6
1D.csv,Imbalance,Imbalance,0.9999,1510.6
1D.csv,Imbalance,Imbalance,0.9999,1510.6
1D.csv,Imbalance,Imbalance,1.0000,1510.6
1D.csv,Imbalance,Imbalance,0.9998,1479.5
1D.csv,Imbalance,Imbalance,0.9999,1479.5
1D.csv,Imbalance,Imbalance,0.9997,1479.5
1D.csv,Imbalance,Imbalance,0.9999,1479.5
1D.csv,Imbalance,Imbalance,1.0000,1464.2
1D.csv,Imbalance,Imbalance,0.9999,1464.2
1D.csv,Imbalance,Imbalance,1.0000,1464.2
1D.csv,Imbalance,Imbalance,0.9999,1464.2
1D.csv,Imbalance,Imbalance,0.9998,1515.4
1D.csv,Imbalance,Imbalance,0.9999,1515.4
1D.csv,Imbalance,Imbalance,0.9999,1515.4
1D.csv,Imbalance,Imbalance,1.0000,1515.4
1D.csv,Imbalance,Imbalance,0.9999,1492.3
1D.csv,Imbalance,Imbalance,0.9999,1492.3
1D.csv,Imbalance,Imbalance,0.9998,1492.3
1D.csv,Imbalance,Imbalance,0.9997,1492.3
1D.csv,Imbalance,Imbalance,0.9991,1529.1
1D.csv,Imbalance,Imbalance,0.9999,1529.1
1D.csv,Imbalance,Imbalance,0.9999,1529.1
1D.csv,Imbalance,Imbalance,0.9998,1529.1
1D.csv,Imbalance,Imbalance,0.9998,1496.9
1D.csv,Imbalance,Imbalance,0.9999,1496.9
1D.csv,Imbalance,Imbalance,0.9997,1496.9
1D.csv,Imbalance,Imbalance,0.9998,1496.9
1D.csv,Imbalance,Imbalance,0.9998,1503.1
1D.csv,Imbalance,Imbalance,0.9998,1503.1
1D.csv,Imbalance,Imbalance,0.9996,1503.1
1D.csv,Imbalance,Imbalance,0.9999,1503.1
1D.csv,Imbalance,Imbalance,0.9994,1525.6
1D.csv,Imbalance,Imbalance,0.9998,1525.6
1D.csv,Imbalance,Imbalance,0.9992,1525.6
1D.csv,Imbalance,Imbalance,0.9994,1525.6
1D.csv,Imbalance,Imbalance,0.9997,1516.9
1D.csv,Imbalance,Imbalance,0.9994,1516.9
1D.csv,Imbalance,Imbalance,0.9999,1516.9
1D.csv,Imbalance,Imbalance,0.9998,1516.9
1D.csv,Imbalance,Imbalance,0.9997,1516.6
1D.csv,Imbalance,Imbalance,0.9997,1516.6
1D.csv,Imbalance,Imbalance,0.9996,1516.6
1D.csv,Imbalance,Imbalance,0.9991,1516.6
1D.csv,Imbalance,Imbalance,0.9998,1546.2
1D.csv,Imbalance,Imbalance,0.9991,1546.2
1D.csv,Imbalance,Imbalance,0.9990,1546.2
1D.csv,Imbalance,Imbalance,0.9998,1546.2
1D.csv,Imbalance,Imbalance,0.9995,1540.7
1D.csv,Imbalance,Imbalance,0.9998,1540.7
1D.csv,Imbalance,Imbalance,0.9996,1540.7
1D.csv,Imbalance,Imbalance,0.9982,1540.7
1D.csv,Imbalance,Imbalance,0.9995,1513.0
1D.csv,Imbalance,Imbalance,0.9998,1513.0
1D.csv,Imbalance,Imbalance,0.9998,1513.0
1D.csv,Imbalance,Imbalance,0.9999,1513.0
1D.csv,Imbalance,Imbalance,0.9997,1527.4
1D.csv,Imbalance,Imbalance,0.9991,1527.4
1D.csv,Imbalance,Imbalance,0.9990,1527.4
1D.csv,Imbalance,Imbalance,0.9992,1527.4
1D.csv,Imbalance,Imbalance,0.9995,1546.9
1D.csv,Imbalance,Imbalance,0.9994,1546.9
1D.csv,Imbalance,Imbalance,0.9996,1546.9
1D.csv,Imbalance,Imbalance,0.9996,1546.9
1D.csv,Imbalance,Imbalance,0.9994,1533.0
1D.csv,Imbalance,Imbalance,0.9995,1533.0
1D.csv,Imbalance,Imbalance,0.9988,1533.0
1D.csv,Imbalance,Imbalance,0.9996,1533.0
1D.csv,Imbalance,Imbalance,0.9996,1547.1
1D.csv,Imbalance,Imbalance,0.9994,1547.1
1D.csv,Imbalance,Imbalance,0.9990,1547.1
1D.csv,Imbalance,Imbalance,0.9984,1547.1
1D.csv,Imbalance,Imbalance,0.9996,1540.6
1D.csv,Imbalance,Imbalance,0.9996,1540.6
1D.csv,Imbalance,Imbalance,0.9997,1540.6
1D.csv,Imbalance,Imbalance,0.9989,1540.6
1D.csv,Imbalance,Imbalance,0.9990,1543.4
1D.csv,Imbalance,Imbalance,0.9995,1543.4
1D.csv,Imbalance,Imbalance,0.9996,1543.4
1D.csv,Imbalance,Imbalance,0.9996,1543.4
1D.csv,Imbalance,Imbalance,0.9992,1558.5
1D.csv,Imbalance,Imbalance,0.9991,1558.5
1D.csv,Imbalance,Imbalance,0.9992,1558.5
1D.csv,Imbalance,Imbalance,0.9991,1558.5
1D.csv,Imbalance,Imbalance,0.9995,1557.7
1D.csv,Imbalance,Imbalance,0.9971,1557.7
1D.csv,Imbalance,Imbalance,0.9984,1557.7
1D.csv,Imbalance,Imbalance,0.9989,1557.7
1D.csv,Imbalance,Imbalance,0.9997,1556.0
1D.csv,Imbalance,Imbalance,0.9968,1556.0
1D.csv,Imbalance,Imbalance,0.9992,1556.0
1D.csv,Imbalance,Imbalance,0.9995,1556.0
1D.csv,Imbalance,Imbalance,0.9985,1589.8
1D.csv,Imbalance,Imbalance,0.9950,1589.8
1D.csv,Imbalance,Imbalance,0.9979,1589.8
1D.csv,Imbalance,Imbalance,0.9979,1589.8
1D.csv,Imbalance,Imbalance,0.9990,1590.4
1D.csv,Imbalance,Imbalance,0.9989,1590.4
1D.csv,Imbalance,Imbalance,0.9995,1590.4
1D.csv,Imbalance,Imbalance,0.9994,1590.4
1D.csv,Imbalance,Imbalance,0.9988,1589.0
1D.csv,Imbalance,Imbalance,0.9958,1589.0
1D.csv,Imbalance,Imbalance,0.9987,1589.0
1D.csv,Imbalance,Imbalance,0.9990,1589.0
1D.csv,Imbalance,Imbalance,0.9985,1579.0
1D.csv,Imbalance,Imbalance,0.9977,1579.0
1D.csv,Imbalance,Imbalance,0.9992,1579.0
1D.csv,Imbalance,Imbalance,0.9957,1579.0
1D.csv,Imbalance,Imbalance,0.9970,1579.2
1D.csv,Imbalance,Imbalance,0.9991,1579.2
1D.csv,Imbalance,Imbalance,0.9962,1579.2
1D.csv,Imbalance,Imbalance,0.9904,1579.2
1D.csv,Imbalance,Imbalance,0.9992,1579.0
1D.csv,Imbalance,Imbalance,0.9961,1579.0
1D.csv,Imbalance,Imbalance,0.9978,1579.0
1D.csv,Imbalance,Imbalance,0.9987,1579.0
1D.csv,Imbalance,Imbalance,0.9989,1565.3
1D.csv,Imbalance,Imbalance,0.9985,1565.3
1D.csv,Imbalance,Imbalance,0.9982,1565.3
1D.csv,Imbalance,Imbalance,0.9984,1565.3
1D.csv,Imbalance,Imbalance,0.9995,1573.5
1D.csv,Imbalance,Imbalance,0.9854,1573.5
1D.csv,Imbalance,Imbalance,0.9966,1573.5
1D.csv,Imbalance,Imbalance,0.9989,1573.5
1D.csv,Imbalance,Imbalance,0.9974,1588.9
1D.csv,Imbalance,Imbalance,0.9985,1588.9
1D.csv,Imbalance,Imbalance,0.9967,1588.9
1D.csv,Imbalance,Imbalance,0.9951,1588.9
1D.csv,Imbalance,Imbalance,0.9947,1575.4
1D.csv,Imbalance,Imbalance,0.9981,1575.4
1D.csv,Imbalance,Imbalance,0.9991,1575.4
1D.csv,Imbalance,Imbalance,0.9974,1575.4
1D.csv,Imbalance,Imbalance,0.9981,1580.3
1D.csv,Imbalance,Imbalance,0.9955,1580.3
1D.csv,Imbalance,Imbalance,0.9969,1580.3
1D.csv,Imbalance,Imbalance,0.9951,1580.3
1D.csv,Imbalance,Imbalance,0.9910,1584.6
1D.csv,Imbalance,Imbalance,0.9947,1584.6
1D.csv,Imbalance,Imbalance,0.9955,1584.6
1D.csv,Imbalance,Imbalance,0.9749,1584.6
1D.csv,Imbalance,Imbalance,0.9742,1614.0
1D.csv,Imbalance,Imbalance,0.9907,1614.0
1D.csv,Imbalance,Imbalance,0.9834,1614.0
1D.csv,Imbalance,Imbalance,0.9917,1614.0
1D.csv,Imbalance,Imbalance,0.9661,1582.0
1D.csv,Imbalance,Imbalance,0.9958,1582.0
1D.csv,Imbalance,Imbalance,0.9945,1582.0
1D.csv,Imbalance,Imbalance,0.9964,1582.0
1D.csv,Imbalance,Imbalance,0.9963,1579.8
1D.csv,Imbalance,Imbalance,0.9955,1579.8
1D.csv,Imbalance,Imbalance,0.9942,1579.8
1D.csv,Imbalance,Imbalance,0.9959,1579.8
1D.csv,Imbalance,Imbalance,0.9831,1594.6
1D.csv,Imbalance,Imbalance,0.9840,1594.6
1D.csv,Imbalance,Imbalance,0.9615,1594.6
1D.csv,Imbalance,Imbalance,0.9514,1594.6
1D.csv,Imbalance,Imbalance,0.9920,1601.2
1D.csv,Imbalance,Imbalance,0.9406,1601.2
1D.csv,Imbalance,Imbalance,0.9725,1601.2
1D.csv,Imbalance,Imbalance,0.9875,1601.2
1D.csv,Imbalance,Imbalance,0.9916,1596.0
1D.csv,Imbalance,Imbalance,0.9879,1596.0
1D.csv,Imbalance,Imbalance,0.9731,1596.0
1D.csv,Imbalance,Imbalance,0.9740,1596.0
1D.csv,Imbalance,Imbalance,0.9954,1614.3
1D.csv,Imbalance,Imbalance,0.9781,1614.3
1D.csv,Imbalance,Imbalance,0.9944,1614.3
1D.csv,Imbalance,Imbalance,0.9770,1614.3
1D.csv,Imbalance,Imbalance,0.9841,1615.6
1D.csv,Imbalance,Imbalance,0.9595,1615.6
1D.csv,Imbalance,Imbalance,0.8669,1615.6
1D.csv,Imbalance,Imbalance,0.9164,1615.6
1D.csv,Imbalance,Imbalance,0.9647,1594.4
1D.csv,Imbalance,Imbalance,0.9616,1594.4
1D.csv,Imbalance,Imbalance,0.9909,1594.4
1D.csv,Imbalance,Imbalance,0.8584,1594.4
1D.csv,Imbalance,Imbalance,0.9816,1634.8
1D.csv,Imbalance,Imbalance,0.8137,1634.8
1D.csv,Imbalance,Imbalance,0.9784,1634.8
1D.csv,Imbalance,Imbalance,0.9342,1634.8
1D.csv,Imbalance,Imbalance,0.9862,1601.5
1D.csv,Imbalance,Imbalance,0.8796,1601.5
1D.csv,Imbalance,Imbalance,0.9291,1601.5
1D.csv,Imbalance,Imbalance,0.8823,1601.5
1D.csv,Imbalance,Imbalance,0.9206,1631.9
1D.csv,Imbalance,Imbalance,0.9884,1631.9
1D.csv,Imbalance,Imbalance,0.9131,1631.9
1D.csv,Imbalance,Imbalance,0.7992,1631.9
1D.csv,Imbalance,Imbalance,0.7341,1649.9
1D.csv,Imbalance,Imbalance,0.8366,1649.9
1D.csv,Imbalance,Imbalance,0.9257,1649.9
1D.csv,Imbalance,Imbalance,0.8039,1649.9
1D.csv,Imbalance,Imbalance,0.8839,1612.5
1D.csv,Imbalance,Imbalance,0.9782,1612.5
1D.csv,Imbalance,Imbalance,0.9541,1612.5
1D.csv,Imbalance,Imbalance,0.8268,1612.5
1D.csv,Imbalance,Imbalance,0.9608,1604.1
1D.csv,Imbalance,Imbalance,0.9902,1604.1
1D.csv,Imbalance,Imbalance,0.9738,1604.1
1D.csv,Imbalance,Imbalance,0.9038,1604.1
1D.csv,Imbalance,Imbalance,0.9499,1633.2
1D.csv,Imbalance,Imbalance,0.8130,1633.2
1D.csv,Imbalance,Imbalance,0.6182,1633.2
1D.csv,Imbalance,Bearing,0.5338,1633.2
1D.csv,Imbalance,Bearing,0.5136,1632.7
1D.csv,Imbalance,Imbalance,0.5794,1632.7
1D.csv,Imbalance,Imbalance,0.5708,1632.7
1D.csv,Imbalance,Imbalance,0.9837,1632.7
1D.csv,Imbalance,Imbalance,0.6444,1643.9
1D.csv,Imbalance,Imbalance,0.6171,1643.9
1D.csv,Imbalance,Bearing,0.6417,1643.9
1D.csv,Imbalance,Imbalance,0.7152,1643.9
1D.csv,Imbalance,Imbalance,0.7694,1638.3
1D.csv,Imbalance,Bearing,0.8957,1638.3
1D.csv,Imbalance,Bearing,0.7594,1638.3
1D.csv,Imbalance,Imbalance,0.7953,1638.3
1D.csv,Imbalance,Imbalance,0.9429,1623.0
1D.csv,Imbalance,Imbalance,0.6505,1623.0
1D.csv,Imbalance,Bearing,0.7826,1623.0
1D.csv,Imbalance,Bearing,0.7013,1623.0
1D.csv,Imbalance,Bearing,0.5971,1642.5
1D.csv,Imbalance,Imbalance,0.8736,1642.5
1D.csv,Imbalance,Imbalance,0.7989,1642.5
1D.csv,Imbalance,Bearing,0.5966,1642.5
1D.csv,Imbalance,Bearing,0.5373,1654.0
1D.csv,Imbalance,Imbalance,0.8465,1654.0
1D.csv,Imbalance,Imbalance,0.5388,1654.0
1D.csv,Imbalance,Imbalance,0.9335,1654.0
1D.csv,Imbalance,Bearing,0.6083,1639.0
1D.csv,Imbalance,Bearing,0.8485,1639.0
1D.csv,Imbalance,Imbalance,0.5455,1639.0
1D.csv,Imbalance,Imbalance,0.6601,1639.0
1D.csv,Imbalance,Bearing,0.6305,1642.5
1D.csv,Imbalance,Imbalance,0.8854,1642.5
1D.csv,Imbalance,Imbalance,0.9377,1642.5
1D.csv,Imbalance,Imbalance,0.9078,1642.5
1D.csv,Imbalance,Imbalance,0.9087,1664.8
1D.csv,Imbalance,Imbalance,0.5123,1664.8
1D.csv,Imbalance,Imbalance,0.9363,1664.8
1D.csv,Imbalance,Imbalance,0.8615,1664.8
1D.csv,Imbalance,Imbalance,0.5236,1663.3
1D.csv,Imbalance,Bearing,0.5197,1663.3
1D.csv,Imbalance,Imbalance,0.5746,1663.3
1D.csv,Imbalance,Imbalance,0.6328,1663.3
1D.csv,Imbalance,Imbalance,0.6659,1653.9
1D.csv,Imbalance,Imbalance,0.6357,1653.9
1D.csv,Imbalance,Imbalance,0.9343,1653.9
1D.csv,Imbalance,Imbalance,0.7938,1653.9
1D.csv,Imbalance,Imbalance,0.7088,1662.8
1D.csv,Imbalance,Imbalance,0.9504,1662.8
1D.csv,Imbalance,Imbalance,0.6390,1662.8
1D.csv,Imbalance,Imbalance,0.8380,1662.8
1D.csv,Imbalance,Imbalance,0.9236,1660.4
1D.csv,Imbalance,Imbalance,0.6378,1660.4
1D.csv,Imbalance,Imbalance,0.9080,1660.4
1D.csv,Imbalance,Imbalance,0.8941,1660.4
1D.csv,Imbalance,Imbalance,0.8307,1673.7
1D.csv,Imbalance,Imbalance,0.9611,1673.7
1D.csv,Imbalance,Imbalance,0.6357,1673.7
1D.csv,Imbalance,Imbalance,0.8902,1673.7
1D.csv,Imbalance,Imbalance,0.9649,1650.5
1D.csv,Imbalance,Imbalance,0.9840,1650.5
1D.csv,Imbalance,Imbalance,0.7382,1650.5
1D.csv,Imbalance,Imbalance,0.9134,1650.5
1D.csv,Imbalance,Imbalance,0.9359,1674.4
1D.csv,Imbalance,Imbalance,0.9245,1674.4
1D.csv,Imbalance,Imbalance,0.7571,1674.4
1D.csv,Imbalance,Imbalance,0.9165,1674.4
1D.csv,Imbalance,Imbalance,0.7081,1646.2
1D.csv,Imbalance,Imbalance,0.8803,1646.2
1D.csv,Imbalance,Imbalance,0.6419,1646.2
1D.csv,Imbalance,Imbalance,0.9844,1646.2
1D.csv,Imbalance,Imbalance,0.8128,1665.4
1D.csv,Imbalance,Imbalance,0.9296,1665.4
1D.csv,Imbalance,Imbalance,0.8513,1665.4
1D.csv,Imbalance,Imbalance,0.7252,1665.4
1D.csv,Imbalance,Imbalance,0.8560,1703.1
1D.csv,Imbalance,Imbalance,0.8528,1703.1
1D.csv,Imbalance,Imbalance,0.8846,1703.1
1D.csv,Imbalance,Imbalance,0.5482,1703.1
1D.csv,Imbalance,Imbalance,0.6711,1692.4
1D.csv,Imbalance,Imbalance,0.7512,1692.4
1D.csv,Imbalance,Imbalance,0.8900,1692.4
1D.csv,Imbalance,Imbalance,0.9275,1692.4
1D.csv,Imbalance,Imbalance,0.7872,1690.0
1D.csv,Imbalance,Imbalance,0.7314,1690.0
1D.csv,Imbalance,Imbalance,0.9658,1690.0
1D.csv,Imbalance,Imbalance,0.9369,1690.0
1D.csv,Imbalance,Imbalance,0.9469,1706.6
1D.csv,Imbalance,Imbalance,0.9406,1706.6
1D.csv,Imbalance,Imbalance,0.6421,1706.6
1D.csv,Imbalance,Imbalance,0.8394,1706.6
1D.csv,Imbalance,Imbalance,0.9489,1670.3
1D.csv,Imbalance,Imbalance,0.9882,1670.3
1D.csv,Imbalance,Imbalance,0.9228,1670.3
1D.csv,Imbalance,Imbalance,0.9790,1670.3
1D.csv,Imbalance,Imbalance,0.7567,1700.4
1D.csv,Imbalance,Imbalance,0.8139,1700.4
1D.csv,Imbalance,Imbalance,0.9698,1700.4
1D.csv,Imbalance,Imbalance,0.9301,1700.4
1D.csv,Imbalance,Imbalance,0.8800,1705.9
1D.csv,Imbalance,Imbalance,0.9571,1705.9
1D.csv,Imbalance,Imbalance,0.9372,1705.9
1D.csv,Imbalance,Imbalance,0.9068,1705.9
1D.csv,Imbalance,Imbalance,0.7782,1692.8
1D.csv,Imbalance,Imbalance,0.8949,1692.8
1D.csv,Imbalance,Bearing,0.5138,1692.8
1D.csv,Imbalance,Imbalance,0.7330,1692.8
1D.csv,Imbalance,Imbalance,0.9754,1705.9
1D.csv,Imbalance,Bearing,0.6602,1705.9
1D.csv,Imbalance,Imbalance,0.9417,1705.9
1D.csv,Imbalance,Imbalance,0.9593,1705.9
1D.csv,Imbalance,Imbalance,0.9047,1695.6
1D.csv,Imbalance,Imbalance,0.9864,1695.6
1D.csv,Imbalance,Imbalance,0.7958,1695.6
1D.csv,Imbalance,Bearing,0.6802,1695.6
1D.csv,Imbalance,Imbalance,0.8118,1701.4
1D.csv,Imbalance,Imbalance,0.7579,1701.4
1D.csv,Imbalance,Imbalance,0.8862,1701.4
1D.csv,Imbalance,Imbalance,0.9282,1701.4
1D.csv,Imbalance,Imbalance,0.8330,1728.7
1D.csv,Imbalance,Imbalance,0.8953,1728.7
1D.csv,Imbalance,Imbalance,0.8293,1728.7
1D.csv,Imbalance,Imbalance,0.9002,1728.7
1D.csv,Imbalance,Imbalance,0.9193,1711.7
1D.csv,Imbalance,Imbalance,0.7769,1711.7
1D.csv,Imbalance,Imbalance,0.6388,1711.7
1D.csv,Imbalance,Imbalance,0.9222,1711.7
1D.csv,Imbalance,Imbalance,0.6098,1712.1
1D.csv,Imbalance,Imbalance,0.8851,1712.1
1D.csv,Imbalance,Imbalance,0.7950,1712.1
1D.csv,Imbalance,Imbalance,0.9053,1712.1
1D.csv,Imbalance,Imbalance,0.5434,1727.9
1D.csv,Imbalance,Imbalance,0.8172,1727.9
1D.csv,Imbalance,Imbalance,0.8362,1727.9
1D.csv,Imbalance,Imbalance,0.8622,1727.9
1D.csv,Imbalance,Imbalance,0.6247,1717.6
1D.csv,Imbalance,Imbalance,0.7673,1717.6
1D.csv,Imbalance,Imbalance,0.8905,1717.6
1D.csv,Imbalance,Imbalance,0.8025,1717.6
1D.csv,Imbalance,Imbalance,0.8822,1713.3
1D.csv,Imbalance,Imbalance,0.9497,1713.3
1D.csv,Imbalance,Imbalance,0.7384,1713.3
1D.csv,Imbalance,Imbalance,0.7800,1713.3
1D.csv,Imbalance,Imbalance,0.9769,1736.1
1D.csv,Imbalance,Imbalance,0.5325,1736.1
1D.csv,Imbalance,Imbalance,0.7837,1736.1
1D.csv,Imbalance,Imbalance,0.9753,1736.1
1D.csv,Imbalance,Imbalance,0.8454,1724.6
1D.csv,Imbalance,Imbalance,0.8054,1724.6
1D.csv,Imbalance,Imbalance,0.7276,1724.6
1D.csv,Imbalance,Imbalance,0.8656,1724.6
1D.csv,Imbalance,Imbalance,0.6375,1728.5
1D.csv,Imbalance,Bearing,0.6981,1728.5
1D.csv,Imbalance,Imbalance,0.8281,1728.5
1D.csv,Imbalance,Imbalance,0.8908,1728.5
1D.csv,Imbalance,Imbalance,0.6326,1723.8
1D.csv,Imbalance,Imbalance,0.8749,1723.8
1D.csv,Imbalance,Imbalance,0.7378,1723.8
1D.csv,Imbalance,Imbalance,0.8487,1723.8
1D.csv,Imbalance,Imbalance,0.6093,1753.9
1D.csv,Imbalance,Imbalance,0.6720,1753.9
1D.csv,Imbalance,Imbalance,0.8799,1753.9
1D.csv,Imbalance,Bearing,0.6701,1753.9
1D.csv,Imbalance,Imbalance,0.5766,1752.4
1D.csv,Imbalance,Imbalance,0.6049,1752.4
1D.csv,Imbalance,Imbalance,0.9098,1752.4
1D.csv,Imbalance,Bearing,0.7178,1752.4
1D.csv,Imbalance,Bearing,0.5823,1750.8
1D.csv,Imbalance,Imbalance,0.6981,1750.8
1D.csv,Imbalance,Imbalance,0.6218,1750.8
1D.csv,Imbalance,Imbalance,0.6955,1750.8
1D.csv,Imbalance,Bearing,0.5692,1752.0
1D.csv,Imbalance,Imbalance,0.5681,1752.0
1D.csv,Imbalance,Imbalance,0.6343,1752.0
1D.csv,Imbalance,Bearing,0.5322,1752.0
1D.csv,Imbalance,Bearing,0.5530,1777.0
1D.csv,Imbalance,Bearing,0.7695,1777.0
1D.csv,Imbalance,Bearing,0.7696,1777.0
1D.csv,Imbalance,Bearing,0.6673,1777.0
1D.csv,Imbalance,Imbalance,0.7699,1749.3
1D.csv,Imbalance,Imbalance,0.7272,1749.3
1D.csv,Imbalance,Bearing,0.9289,1749.3
1D.csv,Imbalance,Imbalance,0.5028,1749.3
1D.csv,Imbalance,Imbalance,0.5013,1745.7
1D.csv,Imbalance,Imbalance,0.7278,1745.7
1D.csv,Imbalance,Imbalance,0.6545,1745.7
1D.csv,Imbalance,Bearing,0.5511,1745.7
1D.csv,Imbalance,Bearing,0.7017,1748.7
1D.csv,Imbalance,Imbalance,0.8228,1748.7
1D.csv,Imbalance,Imbalance,0.6351,1748.7
1D.csv,Imbalance,Imbalance,0.6844,1748.7
1D.csv,Imbalance,Imbalance,0.6755,1753.1
1D.csv,Imbalance,Bearing,0.7861,1753.1
1D.csv,Imbalance,Bearing,0.6738,1753.1
1D.csv,Imbalance,Bearing,0.5642,1753.1
1D.csv,Imbalance,Imbalance,0.6415,1760.3
1D.csv,Imbalance,Imbalance,0.5090,1760.3
1D.csv,Imbalance,Imbalance,0.5640,1760.3
1D.csv,Imbalance,Bearing,0.5786,1760.3
1D.csv,Imbalance,Bearing,0.7632,1755.4
1D.csv,Imbalance,Bearing,0.7422,1755.4
1D.csv,Imbalance,Imbalance,0.5538,1755.4
1D.csv,Imbalance,Imbalance,0.5334,1755.4
1D.csv,Imbalance,Bearing,0.7114,1759.7
1D.csv,Imbalance,Bearing,0.8700,1759.7
1D.csv,Imbalance,Bearing,0.7192,1759.7
1D.csv,Imbalance,Bearing,0.7339,1759.7
1D.csv,Imbalance,Bearing,0.5781,1784.6
1D.csv,Imbalance,Bearing,0.7670,1784.6
1D.csv,Imbalance,Bearing,0.8968,1784.6
1D.csv,Imbalance,Bearing,0.5552,1784.6
1D.csv,Imbalance,Bearing,0.7924,1780.6
1D.csv,Imbalance,Imbalance,0.5303,1780.6
1D.csv,Imbalance,Bearing,0.5867,1780.6
1D.csv,Imbalance,Bearing,0.9430,1780.6
1D.csv,Imbalance,Bearing,0.7325,1766.0
1D.csv,Imbalance,Bearing,0.6940,1766.0
1D.csv,Imbalance,Bearing,0.5553,1766.0
1D.csv,Imbalance,Bearing,0.7345,1766.0
1D.csv,Imbalance,Bearing,0.9152,1771.4
1D.csv,Imbalance,Bearing,0.8730,1771.4
1D.csv,Imbalance,Bearing,0.8735,1771.4
1D.csv,Imbalance,Bearing,0.5450,1771.4
1D.csv,Imbalance,Bearing,0.9589,1781.8
1D.csv,Imbalance,Bearing,0.8970,1781.8
1D.csv,Imbalance,Bearing,0.8548,1781.8
1D.csv,Imbalance,Bearing,0.8952,1781.8
1D.csv,Imbalance,Bearing,0.8474,1780.1
1D.csv,Imbalance,Bearing,0.8405,1780.1
1D.csv,Imbalance,Bearing,0.9356,1780.1
1D.csv,Imbalance,Bearing,0.8954,1780.1
1D.csv,Imbalance,Bearing,0.7530,1787.8
1D.csv,Imbalance,Imbalance,0.5704,1787.8
1D.csv,Imbalance,Bearing,0.8137,1787.8
1D.csv,Imbalance,Bearing,0.8580,1787.8
1D.csv,Imbalance,Bearing,0.8783,1776.7
1D.csv,Imbalance,Imbalance,0.5759,1776.7
1D.csv,Imbalance,Bearing,0.8640,1776.7
1D.csv,Imbalance,Bearing,0.8432,1776.7
1D.csv,Imbalance,Bearing,0.8247,1784.8
1D.csv,Imbalance,Bearing,0.9035,1784.8
1D.csv,Imbalance,Bearing,0.5713,1784.8
1D.csv,Imbalance,Bearing,0.8907,1784.8
1D.csv,Imbalance,Bearing,0.9800,1812.9
1D.csv,Imbalance,Bearing,0.9083,1812.9
1D.csv,Imbalance,Bearing,0.9589,1812.9
1D.csv,Imbalance,Bearing,0.9704,1812.9
1D.csv,Imbalance,Bearing,0.8673,1781.0
1D.csv,Imbalance,Bearing,0.9692,1781.0
1D.csv,Imbalance,Bearing,0.8936,1781.0
1D.csv,Imbalance,Bearing,0.9280,1781.0
1D.csv,Imbalance,Bearing,0.8972,1797.7
1D.csv,Imbalance,Bearing,0.8852,1797.7
1D.csv,Imbalance,Bearing,0.7060,1797.7
1D.csv,Imbalance,Bearing,0.9485,1797.7
1D.csv,Imbalance,Bearing,0.9238,1800.6
1D.csv,Imbalance,Bearing,0.9485,1800.6
1D.csv,Imbalance,Bearing,0.9412,1800.6
1D.csv,Imbalance,Bearing,0.9195,1800.6
1D.csv,Imbalance,Bearing,0.8002,1760.9
1D.csv,Imbalance,Bearing,0.9332,1760.9
1D.csv,Imbalance,Bearing,0.9377,1760.9
1D.csv,Imbalance,Bearing,0.8050,1760.9
1D.csv,Imbalance,Bearing,0.9225,1814.7
1D.csv,Imbalance,Bearing,0.9385,1814.7
1D.csv,Imbalance,Bearing,0.8740,1814.7
1D.csv,Imbalance,Bearing,0.9046,1814.7
1D.csv,Imbalance,Bearing,0.9705,1837.2
1D.csv,Imbalance,Bearing,0.9899,1837.2
1D.csv,Imbalance,Bearing,0.9906,1837.2
1D.csv,Imbalance,Bearing,0.9896,1837.2
1D.csv,Imbalance,Bearing,0.9224,1775.9
1D.csv,Imbalance,Bearing,0.9185,1775.9
1D.csv,Imbalance,Bearing,0.8721,1775.9
1D.csv,Imbalance,Bearing,0.5885,1775.9
1D.csv,Imbalance,Bearing,0.6809,1813.4
1D.csv,Imbalance,Bearing,0.9154,1813.4
1D.csv,Imbalance,Bearing,0.8463,1813.4
1D.csv,Imbalance,Bearing,0.8622,1813.4
1D.csv,Imbalance,Bearing,0.9634,1812.5
1D.csv,Imbalance,Bearing,0.9765,1812.5
1D.csv,Imbalance,Bearing,0.9795,1812.5
1D.csv,Imbalance,Bearing,0.9687,1812.5
1D.csv,Imbalance,Bearing,0.9738,1814.7
1D.csv,Imbalance,Bearing,0.8759,1814.7
1D.csv,Imbalance,Bearing,0.9257,1814.7
1D.csv,Imbalance,Bearing,0.7386,1814.7
1D.csv,Imbalance,Bearing,0.9080,1834.1
1D.csv,Imbalance,Bearing,0.8541,1834.1
1D.csv,Imbalance,Bearing,0.9606,1834.1
1D.csv,Imbalance,Bearing,0.8321,1834.1
1D.csv,Imbalance,Bearing,0.8338,1834.5
1D.csv,Imbalance,Bearing,0.8146,1834.5
1D.csv,Imbalance,Bearing,0.9670,1834.5
1D.csv,Imbalance,Bearing,0.8746,1834.5
1D.csv,Imbalance,Bearing,0.9536,1818.7
1D.csv,Imbalance,Bearing,0.9162,1818.7
1D.csv,Imbalance,Bearing,0.9563,1818.7
1D.csv,Imbalance,Bearing,0.5277,1818.7
1D.csv,Imbalance,Bearing,0.9692,1808.4
1D.csv,Imbalance,Bearing,0.9763,1808.4
1D.csv,Imbalance,Bearing,0.8966,1808.4
1D.csv,Imbalance,Bearing,0.9695,1808.4
1D.csv,Imbalance,Bearing,0.9746,1839.3
1D.csv,Imbalance,Bearing,0.9756,1839.3
1D.csv,Imbalance,Bearing,0.9629,1839.3
1D.csv,Imbalance,Bearing,0.9790,1839.3
1D.csv,Imbalance,Bearing,0.9958,1844.5
1D.csv,Imbalance,Bearing,0.9615,1844.5
1D.csv,Imbalance,Bearing,0.9664,1844.5
1D.csv,Imbalance,Bearing,0.9426,1844.5
1D.csv,Imbalance,Bearing,0.7940,1845.3
1D.csv,Imbalance,Bearing,0.9761,1845.3
1D.csv,Imbalance,Bearing,0.9684,1845.3
1D.csv,Imbalance,Bearing,0.9920,1845.3
1D.csv,Imbalance,Bearing,0.9940,1845.2
1D.csv,Imbalance,Bearing,0.9734,1845.2
1D.csv,Imbalance,Bearing,0.9535,1845.2
1D.csv,Imbalance,Bearing,0.9816,1845.2
1D.csv,Imbalance,Bearing,0.9902,1848.2
1D.csv,Imbalance,Bearing,0.9467,1848.2
1D.csv,Imbalance,Bearing,0.9374,1848.2
1D.csv,Imbalance,Bearing,0.8753,1848.2
1D.csv,Imbalance,Bearing,0.9877,1855.8
1D.csv,Imbalance,Bearing,0.9751,1855.8
1D.csv,Imbalance,Bearing,0.9840,1855.8
1D.csv,Imbalance,Bearing,0.9929,1855.8
1D.csv,Imbalance,Bearing,0.9045,1838.7
1D.csv,Imbalance,Bearing,0.9285,1838.7
1D.csv,Imbalance,Bearing,0.9663,1838.7
1D.csv,Imbalance,Bearing,0.8630,1838.7
1D.csv,Imbalance,Bearing,0.9687,1844.4
1D.csv,Imbalance,Bearing,0.9787,1844.4
1D.csv,Imbalance,Bearing,0.7354,1844.4
1D.csv,Imbalance,Bearing,0.9223,1844.4
1D.csv,Imbalance,Bearing,0.9896,1853.9
1D.csv,Imbalance,Bearing,0.9917,1853.9
1D.csv,Imbalance,Bearing,0.9886,1853.9
1D.csv,Imbalance,Bearing,0.9401,1853.9
1D.csv,Imbalance,Bearing,0.8075,1823.6
1D.csv,Imbalance,Bearing,0.8596,1823.6
1D.csv,Imbalance,Bearing,0.9364,1823.6
1D.csv,Imbalance,Bearing,0.9339,1823.6
1D.csv,Imbalance,Bearing,0.9453,1860.2
1D.csv,Imbalance,Bearing,0.9847,1860.2
1D.csv,Imbalance,Bearing,0.9860,1860.2
1D.csv,Imbalance,Bearing,0.9717,1860.2
1D.csv,Imbalance,Bearing,0.9981,1890.6
1D.csv,Imbalance,Bearing,0.9905,1890.6
1D.csv,Imbalance,Bearing,0.9897,1890.6
1D.csv,Imbalance,Bearing,0.9936,1890.6
1D.csv,Imbalance,Bearing,0.9973,1876.1
1D.csv,Imbalance,Bearing,0.9980,1876.1
1D.csv,Imbalance,Bearing,0.9988,1876.1
1D.csv,Imbalance,Bearing,0.9959,1876.1
1D.csv,Imbalance,Bearing,0.9941,1866.6
1D.csv,Imbalance,Bearing,0.9793,1866.6
1D.csv,Imbalance,Bearing,0.9886,1866.6
1D.csv,Imbalance,Bearing,0.9886,1866.6
1D.csv,Imbalance,Bearing,0.9998,1891.3
1D.csv,Imbalance,Bearing,0.9919,1891.3
1D.csv,Imbalance,Bearing,0.9962,1891.3
1D.csv,Imbalance,Bearing,0.9976,1891.3
1D.csv,Imbalance,Bearing,0.9673,1856.8
1D.csv,Imbalance,Bearing,0.9981,1856.8
1D.csv,Imbalance,Bearing,0.9893,1856.8
1D.csv,Imbalance,Bearing,0.9990,1856.8
1D.csv,Imbalance,Bearing,0.9982,1870.8
1D.csv,Imbalance,Bearing,0.9984,1870.8
1D.csv,Imbalance,Bearing,0.9987,1870.8
1D.csv,Imbalance,Bearing,0.9994,1870.8
1D.csv,Imbalance,Bearing,0.9987,1877.2
1D.csv,Imbalance,Bearing,0.9980,1877.2
1D.csv,Imbalance,Bearing,0.9994,1877.2
1D.csv,Imbalance,Bearing,0.9994,1877.2
1D.csv,Imbalance,Bearing,0.9925,1889.7
1D.csv,Imbalance,Bearing,0.9975,1889.7
1D.csv,Imbalance,Bearing,0.9970,1889.7
1D.csv,Imbalance,Bearing,0.9989,1889.7
1D.csv,Imbalance,Bearing,0.9918,1876.5
1D.csv,Imbalance,Bearing,0.9898,1876.5
1D.csv,Imbalance,Bearing,0.9934,1876.5
1D.csv,Imbalance,Bearing,0.9961,1876.5
1D.csv,Imbalance,Bearing,0.9956,1892.2
1D.csv,Imbalance,Bearing,0.9986,1892.2
1D.csv,Imbalance,Bearing,0.9959,1892.2
1D.csv,Imbalance,Bearing,0.9968,1892.2
1D.csv,Imbalance,Bearing,0.9876,1908.6
1D.csv,Imbalance,Bearing,0.9990,1908.6
1D.csv,Imbalance,Bearing,0.9858,1908.6
1D.csv,Imbalance,Bearing,0.9967,1908.6
1D.csv,Imbalance,Bearing,0.9991,1892.8
1D.csv,Imbalance,Bearing,0.9917,1892.8
1D.csv,Imbalance,Bearing,0.9941,1892.8
1D.csv,Imbalance,Bearing,0.9986,1892.8
1D.csv,Imbalance,Bearing,0.9825,1876.5
1D.csv,Imbalance,Bearing,0.9974,1876.5
1D.csv,Imbalance,Bearing,0.9957,1876.5
1D.csv,Imbalance,Bearing,0.9969,1876.5
1D.csv,Imbalance,Bearing,0.9953,1893.4
1D.csv,Imbalance,Bearing,0.9976,1893.4
1D.csv,Imbalance,Bearing,0.9945,1893.4
1D.csv,Imbalance,Bearing,0.9974,1893.4
1D.csv,Imbalance,Bearing,0.9826,1894.2
1D.csv,Imbalance,Bearing,0.9938,1894.2
1D.csv,Imbalance,Bearing,0.9972,1894.2
1D.csv,Imbalance,Bearing,0.9973,1894.2
1D.csv,Imbalance,Bearing,0.9944,1908.6
1D.csv,Imbalance,Bearing,0.9826,1908.6
1D.csv,Imbalance,Bearing,0.9979,1908.6
1D.csv,Imbalance,Bearing,0.9909,1908.6
1D.csv,Imbalance,Bearing,0.9892,1898.5
1D.csv,Imbalance,Bearing,0.9103,1898.5
1D.csv,Imbalance,Bearing,0.9994,1898.5
1D.csv,Imbalance,Bearing,0.9965,1898.5
1D.csv,Imbalance,Bearing,0.9974,1909.1
1D.csv,Imbalance,Bearing,0.9944,1909.1
1D.csv,Imbalance,Bearing,0.9908,1909.1
1D.csv,Imbalance,Bearing,0.9934,1909.1
1D.csv,Imbalance,Bearing,0.9987,1909.4
1D.csv,Imbalance,Bearing,0.9893,1909.4
1D.csv,Imbalance,Bearing,0.9938,1909.4
1D.csv,Imbalance,Bearing,0.9906,1909.4
1D.csv,Imbalance,Bearing,0.9887,1908.9
1D.csv,Imbalance,Bearing,0.9958,1908.9
1D.csv,Imbalance,Bearing,0.9715,1908.9
1D.csv,Imbalance,Bearing,0.9903,1908.9
1D.csv,Imbalance,Bearing,0.9970,1904.2
1D.csv,Imbalance,Bearing,0.9715,1904.2
1D.csv,Imbalance,Bearing,0.9969,1904.2
1D.csv,Imbalance,Bearing,0.9966,1904.2
1D.csv,Imbalance,Bearing,0.9969,1929.7
1D.csv,Imbalance,Bearing,0.9546,1929.7
1D.csv,Imbalance,Bearing,0.9955,1929.7
1D.csv,Imbalance,Bearing,0.9913,1929.7
1D.csv,Imbalance,Bearing,0.9941,1932.8
1D.csv,Imbalance,Bearing,0.9871,1932.8
1D.csv,Imbalance,Bearing,0.9417,1932.8
1D.csv,Imbalance,Bearing,0.9227,1932.8
1D.csv,Imbalance,Bearing,0.8582,1932.7
1D.csv,Imbalance,Bearing,0.9835,1932.7
1D.csv,Imbalance,Bearing,0.9603,1932.7
1D.csv,Imbalance,Bearing,0.9938,1932.7
1D.csv,Imbalance,Bearing,0.9864,1932.2
1D.csv,Imbalance,Bearing,0.9910,1932.2
1D.csv,Imbalance,Bearing,0.9743,1932.2
1D.csv,Imbalance,Bearing,0.9963,1932.2
1D.csv,Imbalance,Bearing,0.9847,1946.1
1D.csv,Imbalance,Bearing,0.9959,1946.1
1D.csv,Imbalance,Bearing,0.9948,1946.1
1D.csv,Imbalance,Bearing,0.9961,1946.1
1D.csv,Imbalance,Bearing,0.9974,1929.2
1D.csv,Imbalance,Bearing,0.9938,1929.2
1D.csv,Imbalance,Bearing,0.9971,1929.2
1D.csv,Imbalance,Bearing,0.9921,1929.2
1D.csv,Imbalance,Bearing,0.9715,1925.0
1D.csv,Imbalance,Bearing,0.9921,1925.0
1D.csv,Imbalance,Bearing,0.9975,1925.0
1D.csv,Imbalance,Bearing,0.9967,1925.0
1D.csv,Imbalance,Bearing,0.9969,1923.9
1D.csv,Imbalance,Bearing,0.9935,1923.9
1D.csv,Imbalance,Bearing,0.9945,1923.9
1D.csv,Imbalance,Bearing,0.9934,1923.9
1D.csv,Imbalance,Bearing,0.9970,1929.2
1D.csv,Imbalance,Bearing,0.9938,1929.2
1D.csv,Imbalance,Bearing,0.9851,1929.2
1D.csv,Imbalance,Bearing,0.9986,1929.2
1D.csv,Imbalance,Bearing,0.9975,1951.1
1D.csv,Imbalance,Bearing,0.9960,1951.1
1D.csv,Imbalance,Bearing,0.9973,1951.1
1D.csv,Imbalance,Bearing,0.9974,1951.1
1D.csv,Imbalance,Bearing,0.9931,1940.1
1D.csv,Imbalance,Bearing,0.9933,1940.1
1D.csv,Imbalance,Bearing,0.9956,1940.1
1D.csv,Imbalance,Bearing,0.9745,1940.1
1D.csv,Imbalance,Bearing,0.9986,1936.4
1D.csv,Imbalance,Bearing,0.9948,1936.4
1D.csv,Imbalance,Bearing,0.9959,1936.4
1D.csv,Imbalance,Bearing,0.9967,1936.4
1D.csv,Imbalance,Bearing,0.9983,1940.6
1D.csv,Imbalance,Bearing,0.8450,1940.6
1D.csv,Imbalance,Bearing,0.9924,1940.6
1D.csv,Imbalance,Bearing,0.9926,1940.6
1D.csv,Imbalance,Bearing,0.9862,1950.8
1D.csv,Imbalance,Bearing,0.9936,1950.8
1D.csv,Imbalance,Bearing,0.9786,1950.8
1D.csv,Imbalance,Bearing,0.9396,1950.8
1D.csv,Imbalance,Bearing,0.8909,1945.7
1D.csv,Imbalance,Bearing,0.9770,1945.7
1D.csv,Imbalance,Bearing,0.9748,1945.7
1D.csv,Imbalance,Bearing,0.9645,1945.7
1D.csv,Imbalance,Bearing,0.9927,1950.9
1D.csv,Imbalance,Bearing,0.9927,1950.9
1D.csv,Imbalance,Bearing,0.9926,1950.9
1D.csv,Imbalance,Bearing,0.9870,1950.9
1D.csv,Imbalance,Bearing,0.9959,1967.6
1D.csv,Imbalance,Bearing,0.9893,1967.6
1D.csv,Imbalance,Bearing,0.9835,1967.6
1D.csv,Imbalance,Bearing,0.9745,1967.6
1D.csv,Imbalance,Bearing,0.9759,1973.8
1D.csv,Imbalance,Bearing,0.9817,1973.8
1D.csv,Imbalance,Bearing,0.9774,1973.8
1D.csv,Imbalance,Bearing,0.9363,1973.8
1D.csv,Imbalance,Bearing,0.9973,1944.2
1D.csv,Imbalance,Bearing,0.9932,1944.2
1D.csv,Imbalance,Bearing,0.9494,1944.2
1D.csv,Imbalance,Bearing,0.9932,1944.2
1D.csv,Imbalance,Bearing,0.9877,1977.0
1D.csv,Imbalance,Bearing,0.9718,1977.0
1D.csv,Imbalance,Bearing,0.9933,1977.0
1D.csv,Imbalance,Bearing,0.9773,1977.0
1D.csv,Imbalance,Bearing,0.9734,1973.1
1D.csv,Imbalance,Bearing,0.9923,1973.1
1D.csv,Imbalance,Bearing,0.9927,1973.1
1D.csv,Imbalance,Bearing,0.9854,1973.1
1D.csv,Imbalance,Bearing,0.9951,1952.3
1D.csv,Imbalance,Bearing,0.9821,1952.3
1D.csv,Imbalance,Bearing,0.9095,1952.3
1D.csv,Imbalance,Bearing,0.9818,1952.3
1D.csv,Imbalance,Bearing,0.9643,1999.4
1D.csv,Imbalance,Bearing,0.9837,1999.4
1D.csv,Imbalance,Bearing,0.9866,1999.4
1D.csv,Imbalance,Bearing,0.9470,1999.4
1D.csv,Imbalance,Bearing,0.9888,1951.7
1D.csv,Imbalance,Bearing,0.9876,1951.7
1D.csv,Imbalance,Bearing,0.9896,1951.7
1D.csv,Imbalance,Bearing,0.9791,1951.7
1D.csv,Imbalance,Bearing,0.9939,2014.9
1D.csv,Imbalance,Bearing,0.9743,2014.9
1D.csv,Imbalance,Bearing,0.9532,2014.9
1D.csv,Imbalance,Bearing,0.9863,2014.9
1D.csv,Imbalance,Bearing,0.9710,1970.5
1D.csv,Imbalance,Bearing,0.9771,1970.5
1D.csv,Imbalance,Bearing,0.9903,1970.5
1D.csv,Imbalance,Bearing,0.9635,1970.5
1D.csv,Imbalance,Bearing,0.9951,1985.9
1D.csv,Imbalance,Bearing,0.9569,1985.9
1D.csv,Imbalance,Bearing,0.8780,1985.9
1D.csv,Imbalance,Bearing,0.9813,1985.9
1D.csv,Imbalance,Bearing,0.9604,2018.3
1D.csv,Imbalance,Bearing,0.9726,2018.3
1D.csv,Imbalance,Bearing,0.9812,2018.3
1D.csv,Imbalance,Bearing,0.7431,2018.3
1D.csv,Imbalance,Bearing,0.9745,1965.3
1D.csv,Imbalance,Bearing,0.9732,1965.3
1D.csv,Imbalance,Bearing,0.9041,1965.3
1D.csv,Imbalance,Bearing,0.9671,1965.3
1D.csv,Imbalance,Bearing,0.9933,2005.1
1D.csv,Imbalance,Bearing,0.9927,2005.1
1D.csv,Imbalance,Bearing,0.9795,2005.1
1D.csv,Imbalance,Bearing,0.9598,2005.1
1D.csv,Imbalance,Bearing,0.9544,1988.2
1D.csv,Imbalance,Bearing,0.9655,1988.2
1D.csv,Imbalance,Bearing,0.9877,1988.2
1D.csv,Imbalance,Bearing,0.9884,1988.2
1D.csv,Imbalance,Bearing,0.9787,1999.8
1D.csv,Imbalance,Bearing,0.9404,1999.8
1D.csv,Imbalance,Bearing,0.9047,1999.8
1D.csv,Imbalance,Bearing,0.9759,1999.8
1D.csv,Imbalance,Bearing,0.8579,2007.8
1D.csv,Imbalance,Bearing,0.9839,2007.8
1D.csv,Imbalance,Bearing,0.8997,2007.8
1D.csv,Imbalance,Bearing,0.9081,2007.8
1D.csv,Imbalance,Bearing,0.9185,1999.5
1D.csv,Imbalance,Bearing,0.9378,1999.5
1D.csv,Imbalance,Bearing,0.9340,1999.5
1D.csv,Imbalance,Bearing,0.8834,1999.5
1D.csv,Imbalance,Bearing,0.9888,2015.9
1D.csv,Imbalance,Bearing,0.9917,2015.9
1D.csv,Imbalance,Bearing,0.9748,2015.9
1D.csv,Imbalance,Bearing,0.9553,2015.9
1D.csv,Imbalance,Bearing,0.9936,2010.5
1D.csv,Imbalance,Bearing,0.7917,2010.5
1D.csv,Imbalance,Bearing,0.9420,2010.5
1D.csv,Imbalance,Bearing,0.9865,2010.5
1D.csv,Imbalance,Bearing,0.9462,2009.8
1D.csv,Imbalance,Bearing,0.9895,2009.8
1D.csv,Imbalance,Bearing,0.9942,2009.8
1D.csv,Imbalance,Bearing,0.9832,2009.8
1D.csv,Imbalance,Bearing,0.9107,2026.8
1D.csv,Imbalance,Bearing,0.9616,2026.8
1D.csv,Imbalance,Bearing,0.9838,2026.8
1D.csv,Imbalance,Bearing,0.9766,2026.8
1D.csv,Imbalance,Bearing,0.9489,2010.3
1D.csv,Imbalance,Bearing,0.9909,2010.3
1D.csv,Imbalance,Bearing,0.9745,2010.3
1D.csv,Imbalance,Bearing,0.9353,2010.3
1D.csv,Imbalance,Bearing,0.9886,2009.5
1D.csv,Imbalance,Bearing,0.9756,2009.5
1D.csv,Imbalance,Bearing,0.9537,2009.5
1D.csv,Imbalance,Bearing,0.7911,2009.5
1D.csv,Imbalance,Bearing,0.8591,2014.1
1D.csv,Imbalance,Bearing,0.9892,2014.1
1D.csv,Imbalance,Bearing,0.8928,2014.1
1D.csv,Imbalance,Bearing,0.9218,2014.1
1D.csv,Imbalance,Bearing,0.8992,2025.1
1D.csv,Imbalance,Bearing,0.8720,2025.1
1D.csv,Imbalance,Bearing,0.9820,2025.1
1D.csv,Imbalance,Bearing,0.9760,2025.1
1D.csv,Imbalance,Bearing,0.9970,2025.6
1D.csv,Imbalance,Bearing,0.9805,2025.6
1D.csv,Imbalance,Bearing,0.9963,2025.6
1D.csv,Imbalance,Bearing,0.6377,2025.6
1D.csv,Imbalance,Bearing,0.9985,2036.7
1D.csv,Imbalance,Bearing,0.9959,2036.7
1D.csv,Imbalance,Bearing,0.9875,2036.7
1D.csv,Imbalance,Bearing,0.9908,2036.7
1D.csv,Imbalance,Bearing,0.9785,2012.1
1D.csv,Imbalance,Bearing,0.9817,2012.1
1D.csv,Imbalance,Bearing,0.9156,2012.1
1D.csv,Imbalance,Bearing,0.9653,2012.1
1D.csv,Imbalance,Bearing,0.9902,2024.6
1D.csv,Imbalance,Bearing,0.9973,2024.6
1D.csv,Imbalance,Bearing,0.9827,2024.6
1D.csv,Imbalance,Bearing,0.9942,2024.6
1D.csv,Imbalance,Bearing,0.9990,2074.2
1D.csv,Imbalance,Bearing,0.9931,2074.2
1D.csv,Imbalance,Bearing,0.9977,2074.2
1D.csv,Imbalance,Bearing,0.9991,2074.2
1D.csv,Imbalance,Bearing,0.9931,2059.5
1D.csv,Imbalance,Bearing,0.9829,2059.5
1D.csv,Imbalance,Bearing,0.9625,2059.5
1D.csv,Imbalance,Bearing,0.9880,2059.5
1D.csv,Imbalance,Bearing,0.9950,2052.2
1D.csv,Imbalance,Bearing,0.9966,2052.2
1D.csv,Imbalance,Bearing,0.9981,2052.2
1D.csv,Imbalance,Bearing,0.9843,2052.2
1D.csv,Imbalance,Bearing,0.9920,2047.6
1D.csv,Imbalance,Bearing,0.9896,2047.6
1D.csv,Imbalance,Bearing,0.9984,2047.6
1D.csv,Imbalance,Bearing,0.9888,2047.6
1D.csv,Imbalance,Bearing,0.9985,2057.3
1D.csv,Imbalance,Bearing,0.9954,2057.3
1D.csv,Imbalance,Bearing,0.9983,2057.3
1D.csv,Imbalance,Bearing,0.9950,2057.3
1D.csv,Imbalance,Bearing,0.9870,2040.2
1D.csv,Imbalance,Bearing,0.9877,2040.2
1D.csv,Imbalance,Bearing,0.9941,2040.2
1D.csv,Imbalance,Bearing,0.9854,2040.2
1D.csv,Imbalance,Bearing,0.9987,2050.9
1D.csv,Imbalance,Bearing,0.9990,2050.9
1D.csv,Imbalance,Bearing,0.9955,2050.9
1D.csv,Imbalance,Bearing,0.9984,2050.9
1D.csv,Imbalance,Bearing,0.9986,2039.5
1D.csv,Imbalance,Bearing,0.9718,2039.5
1D.csv,Imbalance,Bearing,0.9292,2039.5
1D.csv,Imbalance,Bearing,0.9973,2039.5
1D.csv,Imbalance,Bearing,0.9935,2070.6
1D.csv,Imbalance,Bearing,0.9914,2070.6
1D.csv,Imbalance,Bearing,0.9998,2070.6
1D.csv,Imbalance,Bearing,0.9993,2070.6
1D.csv,Imbalance,Bearing,0.9976,2052.8
1D.csv,Imbalance,Bearing,0.9963,2052.8
1D.csv,Imbalance,Bearing,0.9992,2052.8
1D.csv,Imbalance,Bearing,0.9510,2052.8
1D.csv,Imbalance,Bearing,0.9973,2062.2
1D.csv,Imbalance,Bearing,0.9992,2062.2
1D.csv,Imbalance,Bearing,0.9998,2062.2
1D.csv,Imbalance,Bearing,0.9988,2062.2
1D.csv,Imbalance,Bearing,0.9993,2073.8
1D.csv,Imbalance,Bearing,0.9991,2073.8
1D.csv,Imbalance,Bearing,0.9996,2073.8
1D.csv,Imbalance,Bearing,0.9998,2073.8
1D.csv,Imbalance,Bearing,0.9991,2054.9
1D.csv,Imbalance,Bearing,0.9994,2054.9
1D.csv,Imbalance,Bearing,0.9971,2054.9
1D.csv,Imbalance,Bearing,0.9997,2054.9
1D.csv,Imbalance,Bearing,0.9997,2067.8
1D.csv,Imbalance,Bearing,0.9998,2067.8
1D.csv,Imbalance,Bearing,0.9990,2067.8
1D.csv,Imbalance,Bearing,0.9974,2067.8
1D.csv,Imbalance,Bearing,0.9996,2067.2
1D.csv,Imbalance,Bearing,0.9994,2067.2
1D.csv,Imbalance,Bearing,0.9998,2067.2
1D.csv,Imbalance,Bearing,0.9999,2067.2
1D.csv,Imbalance,Bearing,0.9996,2079.6
1D.csv,Imbalance,Bearing,0.9999,2079.6
1D.csv,Imbalance,Bearing,0.9975,2079.6
1D.csv,Imbalance,Bearing,0.9999,2079.6
1D.csv,Imbalance,Bearing,0.9997,2073.4
1D.csv,Imbalance,Bearing,0.9991,2073.4
1D.csv,Imbalance,Bearing,0.9996,2073.4
1D.csv,Imbalance,Bearing,0.9997,2073.4
1D.csv,Imbalance,Bearing,1.0000,2091.5
1D.csv,Imbalance,Bearing,0.9994,2091.5
1D.csv,Imbalance,Bearing,1.0000,2091.5
1D.csv,Imbalance,Bearing,0.9991,2091.5
1D.csv,Imbalance,Bearing,0.9996,2064.2
1D.csv,Imbalance,Bearing,0.9999,2064.2
1D.csv,Imbalance,Bearing,0.9970,2064.2
1D.csv,Imbalance,Bearing,0.9998,2064.2
1D.csv,Imbalance,Bearing,0.9998,2101.2
1D.csv,Imbalance,Bearing,1.0000,2101.2
1D.csv,Imbalance,Bearing,0.9999,2101.2
1D.csv,Imbalance,Bearing,0.9999,2101.2
1D.csv,Imbalance,Bearing,0.9978,2107.6
1D.csv,Imbalance,Bearing,0.9993,2107.6
1D.csv,Imbalance,Bearing,0.9998,2107.6
1D.csv,Imbalance,Bearing,0.9988,2107.6
1D.csv,Imbalance,Bearing,0.9999,2089.2
1D.csv,Imbalance,Bearing,0.9976,2089.2
1D.csv,Imbalance,Bearing,0.9998,2089.2
1D.csv,Imbalance,Bearing,0.9995,2089.2
1D.csv,Imbalance,Bearing,0.9975,2070.4
1D.csv,Imbalance,Bearing,0.9984,2070.4
1D.csv,Imbalance,Bearing,0.9995,2070.4
1D.csv,Imbalance,Bearing,0.9999,2070.4
1D.csv,Imbalance,Bearing,0.9992,2076.6
1D.csv,Imbalance,Bearing,0.9992,2076.6
1D.csv,Imbalance,Bearing,0.9999,2076.6
1D.csv,Imbalance,Bearing,0.9996,2076.6
1D.csv,Imbalance,Bearing,0.9999,2112.2
1D.csv,Imbalance,Bearing,0.9999,2112.2
1D.csv,Imbalance,Bearing,0.9998,2112.2
1D.csv,Imbalance,Bearing,0.9994,2112.2
1D.csv,Imbalance,Bearing,0.9999,2112.2
1D.csv,Imbalance,Bearing,1.0000,2112.2
1D.csv,Imbalance,Bearing,0.9999,2112.2
1D.csv,Imbalance,Bearing,0.9986,2112.2
1D.csv,Imbalance,Bearing,0.9988,2125.8
1D.csv,Imbalance,Bearing,0.9998,2125.8
1D.csv,Imbalance,Bearing,0.9999,2125.8
1D.csv,Imbalance,Bearing,1.0000,2125.8
1D.csv,Imbalance,Bearing,0.9957,2104.9
1D.csv,Imbalance,Bearing,1.0000,2104.9
1D.csv,Imbalance,Bearing,0.9985,2104.9
1D.csv,Imbalance,Bearing,0.9994,2104.9
1D.csv,Imbalance,Bearing,0.9934,2104.9
1D.csv,Imbalance,Bearing,0.9998,2104.9
1D.csv,Imbalance,Bearing,0.9995,2104.9
1D.csv,Imbalance,Bearing,1.0000,2104.9
1D.csv,Imbalance,Bearing,0.9999,2104.3
1D.csv,Imbalance,Bearing,0.9999,2104.3
1D.csv,Imbalance,Bearing,0.9998,2104.3
1D.csv,Imbalance,Bearing,0.9996,2104.3
1D.csv,Imbalance,Bearing,0.9996,2126.3
1D.csv,Imbalance,Bearing,0.9994,2126.3
1D.csv,Imbalance,Bearing,0.9992,2126.3
1D.csv,Imbalance,Bearing,1.0000,2126.3
1D.csv,Imbalance,Bearing,1.0000,2121.1
1D.csv,Imbalance,Bearing,1.0000,2121.1
1D.csv,Imbalance,Bearing,1.0000,2121.1
1D.csv,Imbalance,Bearing,0.9999,2121.1
1D.csv,Imbalance,Bearing,1.0000,2133.1
1D.csv,Imbalance,Bearing,1.0000,2133.1
1D.csv,Imbalance,Bearing,1.0000,2133.1
1D.csv,Imbalance,Bearing,0.9999,2133.1
1D.csv,Imbalance,Bearing,1.0000,2122.8
1D.csv,Imbalance,Bearing,1.0000,2122.8
1D.csv,Imbalance,Bearing,1.0000,2122.8
1D.csv,Imbalance,Bearing,1.0000,2122.8
1D.csv,Imbalance,Bearing,0.9999,2125.5
1D.csv,Imbalance,Bearing,1.0000,2125.5
1D.csv,Imbalance,Bearing,0.9999,2125.5
1D.csv,Imbalance,Bearing,0.9996,2125.5
1D.csv,Imbalance,Bearing,0.9999,2143.3
1D.csv,Imbalance,Bearing,1.0000,2143.3
1D.csv,Imbalance,Bearing,0.9997,2143.3
1D.csv,Imbalance,Bearing,1.0000,2143.3
1D.csv,Imbalance,Bearing,0.9999,2131.2
1D.csv,Imbalance,Bearing,0.9999,2131.2
1D.csv,Imbalance,Bearing,1.0000,2131.2
1D.csv,Imbalance,Bearing,0.9999,2131.2
1D.csv,Imbalance,Bearing,0.9998,2138.1
1D.csv,Imbalance,Bearing,0.9999,2138.1
1D.csv,Imbalance,Bearing,0.9999,2138.1
1D.csv,Imbalance,Bearing,1.0000,2138.1
1D.csv,Imbalance,Bearing,1.0000,2136.5
1D.csv,Imbalance,Bearing,0.9988,2136.5
1D.csv,Imbalance,Bearing,0.9996,2136.5
1D.csv,Imbalance,Bearing,1.0000,2136.5
1D.csv,Imbalance,Bearing,0.9993,2138.4
1D.csv,Imbalance,Bearing,0.9984,2138.4
1D.csv,Imbalance,Bearing,0.9996,2138.4
1D.csv,Imbalance,Bearing,0.9985,2138.4
1D.csv,Imbalance,Bearing,0.9972,2125.0
1D.csv,Imbalance,Bearing,0.9987,2125.0
1D.csv,Imbalance,Bearing,0.9982,2125.0
1D.csv,Imbalance,Bearing,0.9985,2125.0
1D.csv,Imbalance,Bearing,0.9997,2159.0
1D.csv,Imbalance,Bearing,1.0000,2159.0
1D.csv,Imbalance,Bearing,0.9995,2159.0
1D.csv,Imbalance,Bearing,0.9999,2159.0
1D.csv,Imbalance,Bearing,0.9996,2159.5
1D.csv,Imbalance,Bearing,1.0000,2159.5
1D.csv,Imbalance,Bearing,0.9999,2159.5
1D.csv,Imbalance,Bearing,0.9996,2159.5
1D.csv,Imbalance,Bearing,0.9997,2142.5
1D.csv,Imbalance,Bearing,0.9998,2142.5
1D.csv,Imbalance,Bearing,0.9999,2142.5
1D.csv,Imbalance,Bearing,0.9986,2142.5
1D.csv,Imbalance,Bearing,0.9999,2158.6
1D.csv,Imbalance,Bearing,0.9999,2158.6
1D.csv,Imbalance,Bearing,0.9997,2158.6
1D.csv,Imbalance,Bearing,0.9993,2158.6
1D.csv,Imbalance,Bearing,0.9960,2173.1
1D.csv,Imbalance,Bearing,0.9861,2173.1
1D.csv,Imbalance,Bearing,0.9980,2173.1
1D.csv,Imbalance,Bearing,0.9873,2173.1
1D.csv,Imbalance,Bearing,0.9932,2110.0
1D.csv,Imbalance,Bearing,0.9928,2110.0
1D.csv,Imbalance,Bearing,0.9996,2110.0
1D.csv,Imbalance,Bearing,0.9954,2110.0
1D.csv,Imbalance,Bearing,0.9997,2169.2
1D.csv,Imbalance,Bearing,0.9995,2169.2
1D.csv,Imbalance,Bearing,1.0000,2169.2
1D.csv,Imbalance,Bearing,0.9996,2169.2
1D.csv,Imbalance,Bearing,0.9996,2170.3
1D.csv,Imbalance,Bearing,0.9993,2170.3
1D.csv,Imbalance,Bearing,0.9994,2170.3
1D.csv,Imbalance,Bearing,0.9987,2170.3
1D.csv,Imbalance,Bearing,1.0000,2163.6
1D.csv,Imbalance,Bearing,0.9998,2163.6
1D.csv,Imbalance,Bearing,0.9997,2163.6
1D.csv,Imbalance,Bearing,0.9999,2163.6
1D.csv,Imbalance,Bearing,0.9997,2185.8
1D.csv,Imbalance,Bearing,0.9990,2185.8
1D.csv,Imbalance,Bearing,0.9937,2185.8
1D.csv,Imbalance,Bearing,0.9995,2185.8
1D.csv,Imbalance,Bearing,0.9966,2187.9
1D.csv,Imbalance,Bearing,0.9968,2187.9
1D.csv,Imbalance,Bearing,0.9998,2187.9
1D.csv,Imbalance,Bearing,0.9989,2187.9
1D.csv,Imbalance,Bearing,0.9998,2174.7
1D.csv,Imbalance,Bearing,0.9989,2174.7
1D.csv,Imbalance,Bearing,0.9974,2174.7
1D.csv,Imbalance,Bearing,0.9992,2174.7
1D.csv,Imbalance,Bearing,0.9999,2168.7
1D.csv,Imbalance,Bearing,0.9993,2168.7
1D.csv,Imbalance,Bearing,0.9992,2168.7
1D.csv,Imbalance,Bearing,0.9993,2168.7
1D.csv,Imbalance,Bearing,0.9989,2179.5
1D.csv,Imbalance,Bearing,0.9992,2179.5
1D.csv,Imbalance,Bearing,0.9945,2179.5
1D.csv,Imbalance,Bearing,0.9977,2179.5
1D.csv,Imbalance,Bearing,0.9989,2198.1
1D.csv,Imbalance,Bearing,0.9915,2198.1
1D.csv,Imbalance,Bearing,0.9995,2198.1
1D.csv,Imbalance,Bearing,0.9992,2198.1
1D.csv,Imbalance,Bearing,0.9995,2179.4
1D.csv,Imbalance,Bearing,0.9911,2179.4
1D.csv,Imbalance,Bearing,0.9847,2179.4
1D.csv,Imbalance,Bearing,0.9946,2179.4
1D.csv,Imbalance,Bearing,0.9696,2203.0
1D.csv,Imbalance,Bearing,0.9417,2203.0
1D.csv,Imbalance,Bearing,0.9936,2203.0
1D.csv,Imbalance,Bearing,0.9528,2203.0
1D.csv,Imbalance,Bearing,0.9998,2164.4
1D.csv,Imbalance,Bearing,0.9883,2164.4
1D.csv,Imbalance,Bearing,0.9947,2164.4
1D.csv,Imbalance,Bearing,0.9991,2164.4
1D.csv,Imbalance,Bearing,0.9984,2210.6
1D.csv,Imbalance,Bearing,0.9998,2210.6
1D.csv,Imbalance,Bearing,0.9993,2210.6
1D.csv,Imbalance,Bearing,0.9994,2210.6
1D.csv,Imbalance,Bearing,0.9986,2207.5
1D.csv,Imbalance,Bearing,0.9979,2207.5
1D.csv,Imbalance,Bearing,0.9989,2207.5
1D.csv,Imbalance,Bearing,0.9953,2207.5
1D.csv,Imbalance,Bearing,0.9994,2207.3
1D.csv,Imbalance,Bearing,0.9978,2207.3
1D.csv,Imbalance,Bearing,0.9976,2207.3
1D.csv,Imbalance,Bearing,0.9942,2207.3
1D.csv,Imbalance,Bearing,0.9899,2181.6
1D.csv,Imbalance,Bearing,0.9980,2181.6
1D.csv,Imbalance,Bearing,0.9980,2181.6
1D.csv,Imbalance,Bearing,0.9992,2181.6
1D.csv,Imbalance,Bearing,0.9988,2200.6
1D.csv,Imbalance,Bearing,0.9952,2200.6
1D.csv,Imbalance,Bearing,0.9943,2200.6
1D.csv,Imbalance,Bearing,0.9962,2200.6
1D.csv,Imbalance,Bearing,0.9974,2200.4
1D.csv,Imbalance,Bearing,0.9885,2200.4
1D.csv,Imbalance,Bearing,0.9940,2200.4
1D.csv,Imbalance,Bearing,0.9979,2200.4
1D.csv,Imbalance,Bearing,0.9991,2201.1
1D.csv,Imbalance,Bearing,0.9985,2201.1
1D.csv,Imbalance,Bearing,0.9968,2201.1
1D.csv,Imbalance,Bearing,0.9888,2201.1
1D.csv,Imbalance,Bearing,0.9971,2217.9
1D.csv,Imbalance,Bearing,0.9961,2217.9
1D.csv,Imbalance,Bearing,0.9983,2217.9
1D.csv,Imbalance,Bearing,0.9985,2217.9
1D.csv,Imbalance,Bearing,0.9992,2166.0
1D.csv,Imbalance,Bearing,0.9992,2166.0
1D.csv,Imbalance,Bearing,0.9989,2166.0
1D.csv,Imbalance,Bearing,0.9994,2166.0
1D.csv,Imbalance,Bearing,0.9984,2166.7
1D.csv,Imbalance,Bearing,0.9995,2166.7
1D.csv,Imbalance,Bearing,0.9993,2166.7
1D.csv,Imbalance,Bearing,0.9975,2166.7
1D.csv,Imbalance,Bearing,0.9908,2167.7
1D.csv,Imbalance,Bearing,0.9980,2167.7
1D.csv,Imbalance,Bearing,0.9975,2167.7
1D.csv,Imbalance,Bearing,0.9985,2167.7
1D.csv,Imbalance,Bearing,0.9994,2171.9
1D.csv,Imbalance,Bearing,0.9969,2171.9
1D.csv,Imbalance,Bearing,0.9986,2171.9
1D.csv,Imbalance,Bearing,0.9990,2171.9
1D.csv,Imbalance,Bearing,0.9992,2240.9
1D.csv,Imbalance,Bearing,0.9997,2240.9
1D.csv,Imbalance,Bearing,0.9994,2240.9
1D.csv,Imbalance,Bearing,0.9992,2240.9
1D.csv,Imbalance,Bearing,0.9996,2241.7
1D.csv,Imbalance,Bearing,0.9991,2241.7
1D.csv,Imbalance,Bearing,0.9966,2241.7
1D.csv,Imbalance,Bearing,0.9996,2241.7
1D.csv,Imbalance,Bearing,0.9972,2223.6
1D.csv,Imbalance,Bearing,0.9988,2223.6
1D.csv,Imbalance,Bearing,0.9990,2223.6
1D.csv,Imbalance,Bearing,0.9976,2223.6
1D.csv,Imbalance,Bearing,0.9991,2232.0
1D.csv,Imbalance,Bearing,0.9993,2232.0
1D.csv,Imbalance,Bearing,0.9995,2232.0
1D.csv,Imbalance,Bearing,0.9989,2232.0
1D.csv,Imbalance,Bearing,0.9986,2233.2
1D.csv,Imbalance,Bearing,0.9997,2233.2
1D.csv,Imbalance,Bearing,0.9976,2233.2
1D.csv,Imbalance,Bearing,0.9997,2233.2
1D.csv,Imbalance,Bearing,0.9998,2238.1
1D.csv,Imbalance,Bearing,0.9998,2238.1
1D.csv,Imbalance,Bearing,0.9985,2238.1
1D.csv,Imbalance,Bearing,0.9996,2238.1
1D.csv,Imbalance,Bearing,0.9994,2238.2
1D.csv,Imbalance,Bearing,0.9998,2238.2
1D.csv,Imbalance,Bearing,0.9994,2238.2
1D.csv,Imbalance,Bearing,0.9996,2238.2
1D.csv,Imbalance,Bearing,0.9982,2236.5
1D.csv,Imbalance,Bearing,0.9989,2236.5
1D.csv,Imbalance,Bearing,0.9987,2236.5
1D.csv,Imbalance,Bearing,0.9998,2236.5
1D.csv,Imbalance,Bearing,0.9906,2237.2
1D.csv,Imbalance,Bearing,0.9986,2237.2
1D.csv,Imbalance,Bearing,0.9985,2237.2
1D.csv,Imbalance,Bearing,0.9988,2237.2
1D.csv,Imbalance,Bearing,0.9986,2238.3
1D.csv,Imbalance,Bearing,0.9997,2238.3
1D.csv,Imbalance,Bearing,0.9997,2238.3
1D.csv,Imbalance,Bearing,0.9967,2238.3
1D.csv,Imbalance,Bearing,0.9995,2268.4
1D.csv,Imbalance,Bearing,0.9994,2268.4
1D.csv,Imbalance,Bearing,0.9988,2268.4
1D.csv,Imbalance,Bearing,0.9997,2268.4
1D.csv,Imbalance,Bearing,0.9994,2266.6
1D.csv,Imbalance,Bearing,0.9993,2266.6
1D.csv,Imbalance,Bearing,0.9995,2266.6
1D.csv,Imbalance,Bearing,0.9995,2266.6
1D.csv,Imbalance,Bearing,0.9999,2254.7
1D.csv,Imbalance,Bearing,0.9974,2254.7
1D.csv,Imbalance,Bearing,0.9997,2254.7
1D.csv,Imbalance,Bearing,0.9997,2254.7
1D.csv,Imbalance,Bearing,0.9995,2280.7
1D.csv,Imbalance,Bearing,0.9985,2280.7
1D.csv,Imbalance,Bearing,0.9996,2280.7
1D.csv,Imbalance,Bearing,0.9983,2280.7
1D.csv,Imbalance,Bearing,0.9988,2254.0
1D.csv,Imbalance,Bearing,0.9998,2254.0
1D.csv,Imbalance,Bearing,0.9999,2254.0
1D.csv,Imbalance,Bearing,0.9992,2254.0
1D.csv,Imbalance,Bearing,0.9995,2265.4
1D.csv,Imbalance,Bearing,0.9986,2265.4
1D.csv,Imbalance,Bearing,0.9999,2265.4
1D.csv,Imbalance,Bearing,0.9999,2265.4
1D.csv,Imbalance,Bearing,0.9999,2303.5
1D.csv,Imbalance,Bearing,0.9960,2303.5
1D.csv,Imbalance,Bearing,0.9994,2303.5
1D.csv,Imbalance,Bearing,0.9999,2303.5
1D.csv,Imbalance,Bearing,0.9988,2257.7
1D.csv,Imbalance,Bearing,0.9996,2257.7
1D.csv,Imbalance,Bearing,0.9996,2257.7
1D.csv,Imbalance,Bearing,0.9999,2257.7
1D.csv,Imbalance,Bearing,0.9998,2278.0
1D.csv,Imbalance,Bearing,0.9998,2278.0
1D.csv,Imbalance,Bearing,0.9992,2278.0
1D.csv,Imbalance,Bearing,0.9995,2278.0
1D.csv,Imbalance,Bearing,0.9998,2282.0
1D.csv,Imbalance,Bearing,0.9997,2282.0
1D.csv,Imbalance,Bearing,0.9975,2282.0
1D.csv,Imbalance,Bearing,0.9996,2282.0
1D.csv,Imbalance,Bearing,0.9999,2249.0
1D.csv,Imbalance,Bearing,0.9972,2249.0
1D.csv,Imbalance,Bearing,0.9998,2249.0
1D.csv,Imbalance,Bearing,0.9984,2249.0
1D.csv,Imbalance,Bearing,0.9999,2270.1
1D.csv,Imbalance,Bearing,0.9990,2270.1
1D.csv,Imbalance,Bearing,0.9992,2270.1
1D.csv,Imbalance,Bearing,0.9998,2270.1
1D.csv,Imbalance,Bearing,0.9967,2314.5
1D.csv,Imbalance,Bearing,0.9996,2314.5
1D.csv,Imbalance,Bearing,0.9987,2314.5
1D.csv,Imbalance,Bearing,0.9999,2314.5
1D.csv,Imbalance,Bearing,0.9988,2305.5
1D.csv,Imbalance,Bearing,0.9993,2305.5
1D.csv,Imbalance,Bearing,0.9993,2305.5
1D.csv,Imbalance,Bearing,0.9976,2305.5
1D.csv,Imbalance,Bearing,0.9979,2285.1
1D.csv,Imbalance,Bearing,0.9989,2285.1
1D.csv,Imbalance,Bearing,0.9997,2285.1
1D.csv,Imbalance,Bearing,0.9997,2285.1
1D.csv,Imbalance,Bearing,0.9990,2294.2
1D.csv,Imbalance,Bearing,0.9994,2294.2
1D.csv,Imbalance,Bearing,0.9986,2294.2
1D.csv,Imbalance,Bearing,0.9999,2294.2
1D.csv,Imbalance,Bearing,0.9993,2312.2
1D.csv,Imbalance,Bearing,0.9978,2312.2
1D.csv,Imbalance,Bearing,0.9996,2312.2
1D.csv,Imbalance,Bearing,0.9973,2312.2
1D.csv,Imbalance,Bearing,0.9983,2290.6
1D.csv,Imbalance,Bearing,0.9995,2290.6
1D.csv,Imbalance,Bearing,0.9924,2290.6
1D.csv,Imbalance,Bearing,0.9997,2290.6
1D.csv,Imbalance,Bearing,0.9971,2304.2
1D.csv,Imbalance,Bearing,0.9991,2304.2
1D.csv,Imbalance,Bearing,0.9995,2304.2
1D.csv,Imbalance,Bearing,0.9998,2304.2
1D.csv,Imbalance,Bearing,0.9993,2316.4
1D.csv,Imbalance,Bearing,0.9997,2316.4
1D.csv,Imbalance,Bearing,0.9999,2316.4
1D.csv,Imbalance,Bearing,0.9996,2316.4
1D.csv,Imbalance,Bearing,0.9999,2303.3
1D.csv,Imbalance,Bearing,0.9982,2303.3
1D.csv,Imbalance,Bearing,0.9996,2303.3
1D.csv,Imbalance,Bearing,0.9996,2303.3
1D.csv,Imbalance,Bearing,0.9999,2302.1
1D.csv,Imbalance,Bearing,0.9999,2302.1
1D.csv,Imbalance,Bearing,0.9997,2302.1
1D.csv,Imbalance,Bearing,0.9994,2302.1
1D.csv,Imbalance,Bearing,0.9986,2307.8
1D.csv,Imbalance,Bearing,0.9998,2307.8
1D.csv,Imbalance,Bearing,1.0000,2307.8
1D.csv,Imbalance,Bearing,0.9990,2307.8
1D.csv,Imbalance,Bearing,0.9982,2309.8
1D.csv,Imbalance,Bearing,0.9998,2309.8
1D.csv,Imbalance,Bearing,0.9997,2309.8
1D.csv,Imbalance,Bearing,0.9996,2309.8
1D.csv,Imbalance,Bearing,0.9983,2309.4
1D.csv,Imbalance,Bearing,0.9993,2309.4
1D.csv,Imbalance,Bearing,0.9997,2309.4
1D.csv,Imbalance,Bearing,0.9989,2309.4
1D.csv,Imbalance,Bearing,0.9984,2310.3
1D.csv,Imbalance,Bearing,0.9995,2310.3
1D.csv,Imbalance,Bearing,0.9998,2310.3
1D.csv,Imbalance,Bearing,1.0000,2310.3
1D.csv,Imbalance,Bearing,1.0000,2319.4
1D.csv,Imbalance,Bearing,1.0000,2319.4
1D.csv,Imbalance,Bearing,0.9991,2319.4
1D.csv,Imbalance,Bearing,0.9987,2319.4
1D.csv,Imbalance,Bearing,0.9998,2324.6
1D.csv,Imbalance,Bearing,0.9997,2324.6
1D.csv,Imbalance,Bearing,0.9996,2324.6
1D.csv,Imbalance,Bearing,0.9995,2324.6
1D.csv,Imbalance,Bearing,0.9997,2338.1
1D.csv,Imbalance,Bearing,0.9999,2338.1
1D.csv,Imbalance,Bearing,0.9999,2338.1
1D.csv,Imbalance,Bearing,0.9999,2338.1
1D.csv,Imbalance,Bearing,0.9997,1667.0
1D.csv,Imbalance,Imbalance,0.9733,1667.0
1D.csv,Imbalance,Imbalance,0.9173,1667.0
1D.csv,Imbalance,Bearing,0.9484,1667.0
1D.csv,Imbalance,Imbalance,0.9977,784.1
1D.csv,Imbalance,Imbalance,0.9983,784.1
1D.csv,Imbalance,Imbalance,0.9908,784.1
1D.csv,Imbalance,Imbalance,0.9963,784.1
1D.csv,Imbalance,Imbalance,0.9935,768.0
1D.csv,Imbalance,Imbalance,0.9227,768.0
1D.csv,Imbalance,Imbalance,0.9582,768.0
1D.csv,Imbalance,Bearing,0.6098,768.0
1D.csv,Imbalance,Bearing,0.9983,776.6
1D.csv,Imbalance,Imbalance,0.9932,776.6
1D.csv,Imbalance,Imbalance,0.9973,776.6
1D.csv,Imbalance,Imbalance,0.9461,776.6
1D.csv,Imbalance,Imbalance,0.9637,771.5
1D.csv,Imbalance,Imbalance,0.9924,771.5
1D.csv,Imbalance,Imbalance,0.9993,771.5
1D.csv,Imbalance,Imbalance,0.9718,771.5
1D.csv,Imbalance,Imbalance,0.9991,770.0
1D.csv,Imbalance,Imbalance,0.9993,770.0
1D.csv,Imbalance,Imbalance,0.9961,770.0
1D.csv,Imbalance,Imbalance,0.9992,770.0
1D.csv,Imbalance,Imbalance,0.9948,791.8
1D.csv,Imbalance,Imbalance,0.9976,791.8
1D.csv,Imbalance,Imbalance,0.9985,791.8
1D.csv,Imbalance,Imbalance,0.9852,791.8
1D.csv,Imbalance,Imbalance,0.9960,790.2
1D.csv,Imbalance,Imbalance,0.9918,790.2
1D.csv,Imbalance,Imbalance,0.9848,790.2
1D.csv,Imbalance,Imbalance,0.9963,790.2
1D.csv,Imbalance,Imbalance,0.9959,779.3
1D.csv,Imbalance,Imbalance,0.9887,779.3
1D.csv,Imbalance,Imbalance,0.9965,779.3
1D.csv,Imbalance,Imbalance,0.9634,779.3
1D.csv,Imbalance,Imbalance,0.9920,798.1
1D.csv,Imbalance,Imbalance,0.9963,798.1
1D.csv,Imbalance,Imbalance,0.9960,798.1
1D.csv,Imbalance,Imbalance,0.9509,798.1
1D.csv,Imbalance,Imbalance,0.9730,786.9
1D.csv,Imbalance,Imbalance,0.8466,786.9
1D.csv,Imbalance,Imbalance,0.9365,786.9
1D.csv,Imbalance,Imbalance,0.9863,786.9
1D.csv,Imbalance,Imbalance,0.7305,786.0
1D.csv,Imbalance,Imbalance,0.9939,786.0
1D.csv,Imbalance,Imbalance,0.9932,786.0
1D.csv,Imbalance,Imbalance,0.9753,786.0
1D.csv,Imbalance,Imbalance,0.9648,805.5
1D.csv,Imbalance,Imbalance,0.9987,805.5
1D.csv,Imbalance,Imbalance,0.9962,805.5
1D.csv,Imbalance,Imbalance,0.9989,805.5
1D.csv,Imbalance,Imbalance,0.9975,809.6
1D.csv,Imbalance,Imbalance,0.9990,809.6
1D.csv,Imbalance,Imbalance,0.9987,809.6
1D.csv,Imbalance,Imbalance,0.9994,809.6
1D.csv,Imbalance,Imbalance,0.9936,802.9
1D.csv,Imbalance,Imbalance,0.9975,802.9
1D.csv,Imbalance,Imbalance,0.9844,802.9
1D.csv,Imbalance,Imbalance,0.9965,802.9
1D.csv,Imbalance,Imbalance,0.9965,803.5
1D.csv,Imbalance,Imbalance,0.9924,803.5
1D.csv,Imbalance,Imbalance,0.9893,803.5
1D.csv,Imbalance,Imbalance,0.9884,803.5
1D.csv,Imbalance,Imbalance,0.9951,807.9
1D.csv,Imbalance,Imbalance,0.9945,807.9
1D.csv,Imbalance,Imbalance,0.9985,807.9
1D.csv,Imbalance,Imbalance,0.9756,807.9
1D.csv,Imbalance,Imbalance,0.9985,814.2
1D.csv,Imbalance,Imbalance,0.9931,814.2
1D.csv,Imbalance,Imbalance,0.9983,814.2
1D.csv,Imbalance,Imbalance,0.9911,814.2
1D.csv,Imbalance,Imbalance,0.9982,812.8
1D.csv,Imbalance,Imbalance,0.9966,812.8
1D.csv,Imbalance,Imbalance,0.9941,812.8
1D.csv,Imbalance,Imbalance,0.9982,812.8
1D.csv,Imbalance,Imbalance,0.9982,819.6
1D.csv,Imbalance,Imbalance,0.9770,819.6
1D.csv,Imbalance,Imbalance,0.9966,819.6
1D.csv,Imbalance,Imbalance,0.9985,819.6
1D.csv,Imbalance,Imbalance,0.9778,829.3
1D.csv,Imbalance,Imbalance,0.9893,829.3
1D.csv,Imbalance,Imbalance,0.9887,829.3
1D.csv,Imbalance,Imbalance,0.9991,829.3
1D.csv,Imbalance,Imbalance,0.9989,824.6
1D.csv,Imbalance,Imbalance,0.9944,824.6
1D.csv,Imbalance,Imbalance,0.9830,824.6
1D.csv,Imbalance,Imbalance,0.9965,824.6
1D.csv,Imbalance,Imbalance,0.9451,999.6
1D.csv,Imbalance,Imbalance,0.9475,999.6
1D.csv,Imbalance,Imbalance,0.7411,999.6
1D.csv,Imbalance,Imbalance,0.8583,999.6
1D.csv,Imbalance,Imbalance,0.9816,830.7
1D.csv,Imbalance,Imbalance,0.9914,830.7
1D.csv,Imbalance,Imbalance,0.9969,830.7
1D.csv,Imbalance,Imbalance,0.9821,830.7
1D.csv,Imbalance,Imbalance,0.9900,827.2
1D.csv,Imbalance,Imbalance,0.9710,827.2
1D.csv,Imbalance,Imbalance,0.9887,827.2
1D.csv,Imbalance,Imbalance,0.9892,827.2
1D.csv,Imbalance,Imbalance,0.9890,851.2
1D.csv,Imbalance,Imbalance,0.7347,851.2
1D.csv,Imbalance,Imbalance,0.9544,851.2
1D.csv,Imbalance,Imbalance,0.9939,851.2
1D.csv,Imbalance,Imbalance,0.9914,844.3
1D.csv,Imbalance,Imbalance,0.9976,844.3
1D.csv,Imbalance,Imbalance,0.9853,844.3
1D.csv,Imbalance,Imbalance,0.9731,844.3
1D.csv,Imbalance,Imbalance,0.9978,815.1
1D.csv,Imbalance,Imbalance,0.9877,815.1
1D.csv,Imbalance,Imbalance,0.9874,815.1
1D.csv,Imbalance,Imbalance,0.9875,815.1
1D.csv,Imbalance,Imbalance,0.9946,840.9
1D.csv,Imbalance,Imbalance,0.9605,840.9
1D.csv,Imbalance,Imbalance,0.9965,840.9
1D.csv,Imbalance,Imbalance,0.9976,840.9
1D.csv,Imbalance,Imbalance,0.9979,843.1
1D.csv,Imbalance,Imbalance,0.9994,843.1
1D.csv,Imbalance,Imbalance,0.9963,843.1
1D.csv,Imbalance,Imbalance,0.9976,843.1
1D.csv,Imbalance,Imbalance,0.9970,847.6
1D.csv,Imbalance,Imbalance,0.9954,847.6
1D.csv,Imbalance,Imbalance,0.9758,847.6
1D.csv,Imbalance,Imbalance,0.9684,847.6
1D.csv,Imbalance,Imbalance,0.9980,857.3
1D.csv,Imbalance,Imbalance,0.9923,857.3
1D.csv,Imbalance,Imbalance,0.9969,857.3
1D.csv,Imbalance,Imbalance,0.9271,857.3
1D.csv,Imbalance,Imbalance,0.9966,848.0
1D.csv,Imbalance,Imbalance,0.9949,848.0
1D.csv,Imbalance,Imbalance,0.9948,848.0
1D.csv,Imbalance,Imbalance,0.9955,848.0
1D.csv,Imbalance,Imbalance,0.9970,856.2
1D.csv,Imbalance,Imbalance,0.9975,856.2
1D.csv,Imbalance,Imbalance,0.9963,856.2
1D.csv,Imbalance,Imbalance,0.9679,856.2
1D.csv,Imbalance,Imbalance,0.9880,862.4
1D.csv,Imbalance,Imbalance,0.9966,862.4
1D.csv,Imbalance,Imbalance,0.9975,862.4
1D.csv,Imbalance,Imbalance,0.9991,862.4
1D.csv,Imbalance,Imbalance,0.9966,856.3
1D.csv,Imbalance,Imbalance,0.9933,856.3
1D.csv,Imbalance,Imbalance,0.9990,856.3
1D.csv,Imbalance,Imbalance,0.9959,856.3
1D.csv,Imbalance,Imbalance,0.9969,860.3
1D.csv,Imbalance,Imbalance,0.9958,860.3
1D.csv,Imbalance,Imbalance,0.9982,860.3
1D.csv,Imbalance,Imbalance,0.9979,860.3
1D.csv,Imbalance,Imbalance,0.9995,859.4
1D.csv,Imbalance,Imbalance,0.9994,859.4
1D.csv,Imbalance,Imbalance,0.9975,859.4
1D.csv,Imbalance,Imbalance,0.9995,859.4
1D.csv,Imbalance,Imbalance,0.9970,878.9
1D.csv,Imbalance,Imbalance,0.9982,878.9
1D.csv,Imbalance,Imbalance,0.9911,878.9
1D.csv,Imbalance,Imbalance,0.9964,878.9
1D.csv,Imbalance,Imbalance,0.9964,874.4
1D.csv,Imbalance,Imbalance,0.9950,874.4
1D.csv,Imbalance,Imbalance,0.9981,874.4
1D.csv,Imbalance,Imbalance,0.9966,874.4
1D.csv,Imbalance,Imbalance,0.9874,864.7
1D.csv,Imbalance,Imbalance,0.9935,864.7
1D.csv,Imbalance,Imbalance,0.9988,864.7
1D.csv,Imbalance,Imbalance,0.9979,864.7
1D.csv,Imbalance,Imbalance,0.9978,883.7
1D.csv,Imbalance,Imbalance,0.9954,883.7
1D.csv,Imbalance,Imbalance,0.9972,883.7
1D.csv,Imbalance,Imbalance,0.9964,883.7
1D.csv,Imbalance,Imbalance,0.9977,876.9
1D.csv,Imbalance,Imbalance,0.9985,876.9
1D.csv,Imbalance,Imbalance,0.9986,876.9
1D.csv,Imbalance,Imbalance,0.9980,876.9
1D.csv,Imbalance,Imbalance,0.9981,877.2
1D.csv,Imbalance,Imbalance,0.9876,877.2
1D.csv,Imbalance,Imbalance,0.9984,877.2
1D.csv,Imbalance,Imbalance,0.9980,877.2
1D.csv,Imbalance,Imbalance,0.9960,886.0
1D.csv,Imbalance,Imbalance,0.9979,886.0
1D.csv,Imbalance,Imbalance,0.9959,886.0
1D.csv,Imbalance,Imbalance,0.9929,886.0
1D.csv,Imbalance,Imbalance,0.9992,888.0
1D.csv,Imbalance,Imbalance,0.9984,888.0
1D.csv,Imbalance,Imbalance,0.9991,888.0
1D.csv,Imbalance,Imbalance,0.9994,888.0
1D.csv,Imbalance,Imbalance,0.9977,887.2
1D.csv,Imbalance,Imbalance,0.9986,887.2
1D.csv,Imbalance,Imbalance,0.9968,887.2
1D.csv,Imbalance,Imbalance,0.9931,887.2
1D.csv,Imbalance,Imbalance,0.9981,885.9
1D.csv,Imbalance,Imbalance,0.9980,885.9
1D.csv,Imbalance,Imbalance,0.9976,885.9
1D.csv,Imbalance,Imbalance,0.9977,885.9
1D.csv,Imbalance,Imbalance,0.9981,891.4
1D.csv,Imbalance,Imbalance,0.9952,891.4
1D.csv,Imbalance,Imbalance,0.9990,891.4
1D.csv,Imbalance,Imbalance,0.9952,891.4
1D.csv,Imbalance,Imbalance,0.9975,915.4
1D.csv,Imbalance,Imbalance,0.9958,915.4
1D.csv,Imbalance,Imbalance,0.9994,915.4
1D.csv,Imbalance,Imbalance,0.9984,915.4
1D.csv,Imbalance,Imbalance,0.9989,915.3
1D.csv,Imbalance,Imbalance,0.9948,915.3
1D.csv,Imbalance,Imbalance,0.9984,915.3
1D.csv,Imbalance,Imbalance,0.9956,915.3
1D.csv,Imbalance,Imbalance,0.9977,915.7
1D.csv,Imbalance,Imbalance,0.9903,915.7
1D.csv,Imbalance,Imbalance,0.9995,915.7
1D.csv,Imbalance,Imbalance,0.9984,915.7
1D.csv,Imbalance,Imbalance,0.9987,912.1
1D.csv,Imbalance,Imbalance,0.9980,912.1
1D.csv,Imbalance,Imbalance,0.9991,912.1
1D.csv,Imbalance,Imbalance,0.9955,912.1
1D.csv,Imbalance,Imbalance,0.9969,914.8
1D.csv,Imbalance,Imbalance,0.9997,914.8
1D.csv,Imbalance,Imbalance,0.9982,914.8
1D.csv,Imbalance,Imbalance,0.9989,914.8
1D.csv,Imbalance,Imbalance,0.9983,907.8
1D.csv,Imbalance,Imbalance,0.9968,907.8
1D.csv,Imbalance,Imbalance,0.9949,907.8
1D.csv,Imbalance,Imbalance,0.9981,907.8
1D.csv,Imbalance,Imbalance,0.9978,906.7
1D.csv,Imbalance,Imbalance,0.9990,906.7
1D.csv,Imbalance,Imbalance,0.9991,906.7
1D.csv,Imbalance,Imbalance,0.9992,906.7
1D.csv,Imbalance,Imbalance,0.9976,914.7
1D.csv,Imbalance,Imbalance,0.9994,914.7
1D.csv,Imbalance,Imbalance,0.9991,914.7
1D.csv,Imbalance,Imbalance,0.9990,914.7
1D.csv,Imbalance,Imbalance,0.9891,917.2
1D.csv,Imbalance,Imbalance,0.9959,917.2
1D.csv,Imbalance,Imbalance,0.9988,917.2
1D.csv,Imbalance,Imbalance,0.9954,917.2
1D.csv,Imbalance,Imbalance,0.9993,920.1
1D.csv,Imbalance,Imbalance,0.9991,920.1
1D.csv,Imbalance,Imbalance,0.9991,920.1
1D.csv,Imbalance,Imbalance,0.9994,920.1
1D.csv,Imbalance,Imbalance,0.9991,925.7
1D.csv,Imbalance,Imbalance,0.9975,925.7
1D.csv,Imbalance,Imbalance,0.9983,925.7
1D.csv,Imbalance,Imbalance,0.9991,925.7
1D.csv,Imbalance,Imbalance,0.9973,923.5
1D.csv,Imbalance,Imbalance,0.9990,923.5
1D.csv,Imbalance,Imbalance,0.9972,923.5
1D.csv,Imbalance,Imbalance,0.9981,923.5
1D.csv,Imbalance,Imbalance,0.9991,930.0
1D.csv,Imbalance,Imbalance,0.9989,930.0
1D.csv,Imbalance,Imbalance,0.9985,930.0
1D.csv,Imbalance,Imbalance,0.9989,930.0
1D.csv,Imbalance,Imbalance,0.9988,944.4
1D.csv,Imbalance,Imbalance,0.9995,944.4
1D.csv,Imbalance,Imbalance,0.9969,944.4
1D.csv,Imbalance,Imbalance,0.9989,944.4
1D.csv,Imbalance,Imbalance,0.9984,934.6
1D.csv,Imbalance,Imbalance,0.9978,934.6
1D.csv,Imbalance,Imbalance,0.9986,934.6
1D.csv,Imbalance,Imbalance,0.9992,934.6
1D.csv,Imbalance,Imbalance,0.9990,932.2
1D.csv,Imbalance,Imbalance,0.9989,932.2
1D.csv,Imbalance,Imbalance,0.9958,932.2
1D.csv,Imbalance,Imbalance,0.9981,932.2
1D.csv,Imbalance,Imbalance,0.9993,939.4
1D.csv,Imbalance,Imbalance,0.9986,939.4
1D.csv,Imbalance,Imbalance,0.9992,939.4
1D.csv,Imbalance,Imbalance,0.9996,939.4
1D.csv,Imbalance,Imbalance,0.9992,938.4
1D.csv,Imbalance,Imbalance,0.9994,938.4
1D.csv,Imbalance,Imbalance,0.9996,938.4
1D.csv,Imbalance,Imbalance,0.9994,938.4
1D.csv,Imbalance,Imbalance,0.9997,949.2
1D.csv,Imbalance,Imbalance,0.9992,949.2
1D.csv,Imbalance,Imbalance,0.9998,949.2
1D.csv,Imbalance,Imbalance,0.9992,949.2
1D.csv,Imbalance,Imbalance,0.9986,948.2
1D.csv,Imbalance,Imbalance,0.9994,948.2
1D.csv,Imbalance,Imbalance,0.9977,948.2
1D.csv,Imbalance,Imbalance,0.9996,948.2
1D.csv,Imbalance,Imbalance,0.9996,951.3
1D.csv,Imbalance,Imbalance,0.9994,951.3
1D.csv,Imbalance,Imbalance,0.9994,951.3
1D.csv,Imbalance,Imbalance,0.9996,951.3
1D.csv,Imbalance,Imbalance,0.9991,948.8
1D.csv,Imbalance,Imbalance,0.9989,948.8
1D.csv,Imbalance,Imbalance,0.9996,948.8
1D.csv,Imbalance,Imbalance,0.9994,948.8
1D.csv,Imbalance,Imbalance,0.9986,957.3
1D.csv,Imbalance,Imbalance,0.9979,957.3
1D.csv,Imbalance,Imbalance,0.9990,957.3
1D.csv,Imbalance,Imbalance,0.9980,957.3
1D.csv,Imbalance,Imbalance,0.9991,938.1
1D.csv,Imbalance,Imbalance,0.9992,938.1
1D.csv,Imbalance,Imbalance,0.9998,938.1
1D.csv,Imbalance,Imbalance,0.9991,938.1
1D.csv,Imbalance,Imbalance,0.9992,938.4
1D.csv,Imbalance,Imbalance,0.9992,938.4
1D.csv,Imbalance,Imbalance,0.9996,938.4
1D.csv,Imbalance,Imbalance,0.9998,938.4
1D.csv,Imbalance,Imbalance,0.9993,971.1
1D.csv,Imbalance,Imbalance,0.9997,971.1
1D.csv,Imbalance,Imbalance,0.9997,971.1
1D.csv,Imbalance,Imbalance,0.9997,971.1
1D.csv,Imbalance,Imbalance,0.9998,974.9
1D.csv,Imbalance,Imbalance,0.9998,974.9
1D.csv,Imbalance,Imbalance,0.9982,974.9
1D.csv,Imbalance,Imbalance,0.9998,974.9
1D.csv,Imbalance,Imbalance,0.9996,975.5
1D.csv,Imbalance,Imbalance,0.9998,975.5
1D.csv,Imbalance,Imbalance,0.9994,975.5
1D.csv,Imbalance,Imbalance,0.9999,975.5
1D.csv,Imbalance,Imbalance,0.9991,969.5
1D.csv,Imbalance,Imbalance,0.9998,969.5
1D.csv,Imbalance,Imbalance,0.9999,969.5
1D.csv,Imbalance,Imbalance,0.9992,969.5
1D.csv,Imbalance,Imbalance,0.9999,978.8
1D.csv,Imbalance,Imbalance,0.9992,978.8
1D.csv,Imbalance,Imbalance,0.9997,978.8
1D.csv,Imbalance,Imbalance,0.9988,978.8
1D.csv,Imbalance,Imbalance,0.9993,970.0
1D.csv,Imbalance,Imbalance,0.9998,970.0
1D.csv,Imbalance,Imbalance,0.9999,970.0
1D.csv,Imbalance,Imbalance,0.9998,970.0
1D.csv,Imbalance,Imbalance,0.9997,983.9
1D.csv,Imbalance,Imbalance,0.9995,983.9
1D.csv,Imbalance,Imbalance,0.9998,983.9
1D.csv,Imbalance,Imbalance,0.9995,983.9
1D.csv,Imbalance,Imbalance,0.9998,980.1
1D.csv,Imbalance,Imbalance,0.9996,980.1
1D.csv,Imbalance,Imbalance,0.9998,980.1
1D.csv,Imbalance,Imbalance,0.9995,980.1
1D.csv,Imbalance,Imbalance,0.9999,980.4
1D.csv,Imbalance,Imbalance,0.9997,980.4
1D.csv,Imbalance,Imbalance,0.9991,980.4
1D.csv,Imbalance,Imbalance,0.9996,980.4
1D.csv,Imbalance,Imbalance,0.9998,989.1
1D.csv,Imbalance,Imbalance,0.9987,989.1
1D.csv,Imbalance,Imbalance,0.9997,989.1
1D.csv,Imbalance,Imbalance,0.9997,989.1
1D.csv,Imbalance,Imbalance,0.9995,984.4
1D.csv,Imbalance,Imbalance,0.9999,984.4
1D.csv,Imbalance,Imbalance,0.9997,984.4
1D.csv,Imbalance,Imbalance,0.9991,984.4
1D.csv,Imbalance,Imbalance,0.9989,993.5
1D.csv,Imbalance,Imbalance,0.9994,993.5
1D.csv,Imbalance,Imbalance,0.9995,993.5
1D.csv,Imbalance,Imbalance,0.9997,993.5
1D.csv,Imbalance,Imbalance,0.9992,990.7
1D.csv,Imbalance,Imbalance,0.9993,990.7
1D.csv,Imbalance,Imbalance,0.9996,990.7
1D.csv,Imbalance,Imbalance,1.0000,990.7
1D.csv,Imbalance,Imbalance,0.9999,990.9
1D.csv,Imbalance,Imbalance,0.9999,990.9
1D.csv,Imbalance,Imbalance,0.9996,990.9
1D.csv,Imbalance,Imbalance,0.9997,990.9
1D.csv,Imbalance,Imbalance,0.9998,999.5
1D.csv,Imbalance,Imbalance,0.9996,999.5
1D.csv,Imbalance,Imbalance,0.9994,999.5
1D.csv,Imbalance,Imbalance,0.9999,999.5
1D.csv,Imbalance,Imbalance,0.9997,1009.5
1D.csv,Imbalance,Imbalance,0.9986,1009.5
1D.csv,Imbalance,Imbalance,0.9991,1009.5
1D.csv,Imbalance,Imbalance,0.9997,1009.5
1D.csv,Imbalance,Imbalance,0.9996,1001.6
1D.csv,Imbalance,Imbalance,0.9996,1001.6
1D.csv,Imbalance,Imbalance,0.9997,1001.6
1D.csv,Imbalance,Imbalance,0.9995,1001.6
1D.csv,Imbalance,Imbalance,0.9990,1009.9
1D.csv,Imbalance,Imbalance,0.9995,1009.9
1D.csv,Imbalance,Imbalance,0.9997,1009.9
1D.csv,Imbalance,Imbalance,0.9994,1009.9
1D.csv,Imbalance,Imbalance,0.9993,1014.3
1D.csv,Imbalance,Imbalance,0.9993,1014.3
1D.csv,Imbalance,Imbalance,0.9974,1014.3
1D.csv,Imbalance,Imbalance,0.9992,1014.3
1D.csv,Imbalance,Imbalance,0.9993,1027.3
1D.csv,Imbalance,Imbalance,0.9992,1027.3
1D.csv,Imbalance,Imbalance,0.9987,1027.3
1D.csv,Imbalance,Imbalance,0.9985,1027.3
1D.csv,Imbalance,Imbalance,0.9994,996.6
1D.csv,Imbalance,Imbalance,0.9975,996.6
1D.csv,Imbalance,Imbalance,0.9987,996.6
1D.csv,Imbalance,Imbalance,0.9999,996.6
1D.csv,Imbalance,Imbalance,0.9981,1025.3
1D.csv,Imbalance,Imbalance,0.9991,1025.3
1D.csv,Imbalance,Imbalance,0.9985,1025.3
1D.csv,Imbalance,Imbalance,0.9993,1025.3
1D.csv,Imbalance,Imbalance,0.9998,1027.8
1D.csv,Imbalance,Imbalance,0.9995,1027.8
1D.csv,Imbalance,Imbalance,0.9982,1027.8
1D.csv,Imbalance,Imbalance,0.9989,1027.8
1D.csv,Imbalance,Imbalance,0.9975,1036.4
1D.csv,Imbalance,Imbalance,0.9995,1036.4
1D.csv,Imbalance,Imbalance,0.9983,1036.4
1D.csv,Imbalance,Imbalance,0.9992,1036.4
1D.csv,Imbalance,Imbalance,0.9996,1019.8
1D.csv,Imbalance,Imbalance,0.9989,1019.8
1D.csv,Imbalance,Imbalance,0.9996,1019.8
1D.csv,Imbalance,Imbalance,0.9990,1019.8
1D.csv,Imbalance,Imbalance,0.9989,1036.2
1D.csv,Imbalance,Imbalance,0.9997,1036.2
1D.csv,Imbalance,Imbalance,0.9975,1036.2
1D.csv,Imbalance,Imbalance,0.9988,1036.2
1D.csv,Imbalance,Imbalance,0.9993,1027.0
1D.csv,Imbalance,Imbalance,0.9982,1027.0
1D.csv,Imbalance,Imbalance,0.9982,1027.0
1D.csv,Imbalance,Imbalance,0.9984,1027.0
1D.csv,Imbalance,Imbalance,0.9996,1033.3
1D.csv,Imbalance,Imbalance,0.9984,1033.3
1D.csv,Imbalance,Imbalance,0.9994,1033.3
1D.csv,Imbalance,Imbalance,0.9983,1033.3
1D.csv,Imbalance,Imbalance,0.9987,1032.6
1D.csv,Imbalance,Imbalance,0.9997,1032.6
1D.csv,Imbalance,Imbalance,0.9989,1032.6
1D.csv,Imbalance,Imbalance,0.9991,1032.6
1D.csv,Imbalance,Imbalance,0.9994,1042.4
1D.csv,Imbalance,Imbalance,0.9994,1042.4
1D.csv,Imbalance,Imbalance,0.9994,1042.4
1D.csv,Imbalance,Imbalance,0.9992,1042.4
1D.csv,Imbalance,Imbalance,0.9994,1037.5
1D.csv,Imbalance,Imbalance,0.9994,1037.5
1D.csv,Imbalance,Imbalance,0.9984,1037.5
1D.csv,Imbalance,Imbalance,0.9996,1037.5
1D.csv,Imbalance,Imbalance,0.9966,1052.7
1D.csv,Imbalance,Imbalance,0.9980,1052.7
1D.csv,Imbalance,Imbalance,0.9961,1052.7
1D.csv,Imbalance,Imbalance,0.9979,1052.7
1D.csv,Imbalance,Imbalance,0.9992,1036.2
1D.csv,Imbalance,Imbalance,0.9993,1036.2
1D.csv,Imbalance,Imbalance,0.9994,1036.2
1D.csv,Imbalance,Imbalance,0.9985,1036.2
1D.csv,Imbalance,Imbalance,0.9894,1052.2
1D.csv,Imbalance,Imbalance,0.9984,1052.2
1D.csv,Imbalance,Imbalance,0.9992,1052.2
1D.csv,Imbalance,Imbalance,0.9990,1052.2
1D.csv,Imbalance,Imbalance,0.9989,1051.9
1D.csv,Imbalance,Imbalance,0.9971,1051.9
1D.csv,Imbalance,Imbalance,0.9988,1051.9
1D.csv,Imbalance,Imbalance,0.9983,1051.9
1D.csv,Imbalance,Imbalance,0.9968,1062.9
1D.csv,Imbalance,Imbalance,0.9954,1062.9
1D.csv,Imbalance,Imbalance,0.9982,1062.9
1D.csv,Imbalance,Imbalance,0.9985,1062.9
1D.csv,Imbalance,Imbalance,0.9993,1053.4
1D.csv,Imbalance,Imbalance,0.9974,1053.4
1D.csv,Imbalance,Imbalance,0.9928,1053.4
1D.csv,Imbalance,Imbalance,0.9992,1053.4
1D.csv,Imbalance,Imbalance,0.9948,1063.5
1D.csv,Imbalance,Imbalance,0.9960,1063.5
1D.csv,Imbalance,Imbalance,0.9970,1063.5
1D.csv,Imbalance,Imbalance,0.9885,1063.5
1D.csv,Imbalance,Imbalance,0.9994,1067.2
1D.csv,Imbalance,Imbalance,0.9989,1067.2
1D.csv,Imbalance,Imbalance,0.9942,1067.2
1D.csv,Imbalance,Imbalance,0.9972,1067.2
1D.csv,Imbalance,Imbalance,0.9992,1065.8
1D.csv,Imbalance,Imbalance,0.9990,1065.8
1D.csv,Imbalance,Imbalance,0.9978,1065.8
1D.csv,Imbalance,Imbalance,0.9964,1065.8
1D.csv,Imbalance,Imbalance,0.9995,1064.6
1D.csv,Imbalance,Imbalance,0.9990,1064.6
1D.csv,Imbalance,Imbalance,0.9991,1064.6
1D.csv,Imbalance,Imbalance,0.9998,1064.6
1D.csv,Imbalance,Imbalance,0.9935,1066.5
1D.csv,Imbalance,Imbalance,0.9986,1066.5
1D.csv,Imbalance,Imbalance,0.9981,1066.5
1D.csv,Imbalance,Imbalance,0.9982,1066.5
1D.csv,Imbalance,Imbalance,0.9991,1070.9
1D.csv,Imbalance,Imbalance,0.9977,1070.9
1D.csv,Imbalance,Imbalance,0.9982,1070.9
1D.csv,Imbalance,Imbalance,0.9821,1070.9
1D.csv,Imbalance,Imbalance,0.9951,1099.6
1D.csv,Imbalance,Imbalance,0.9959,1099.6
1D.csv,Imbalance,Imbalance,0.9989,1099.6
1D.csv,Imbalance,Imbalance,0.9997,1099.6
1D.csv,Imbalance,Imbalance,0.9736,1097.6
1D.csv,Imbalance,Imbalance,0.9958,1097.6
1D.csv,Imbalance,Imbalance,0.9981,1097.6
1D.csv,Imbalance,Imbalance,0.9969,1097.6
1D.csv,Imbalance,Imbalance,0.9963,1094.1
1D.csv,Imbalance,Imbalance,0.9919,1094.1
1D.csv,Imbalance,Imbalance,0.9980,1094.1
1D.csv,Imbalance,Imbalance,0.9927,1094.1
1D.csv,Imbalance,Imbalance,0.9978,1093.8
1D.csv,Imbalance,Imbalance,0.9943,1093.8
1D.csv,Imbalance,Imbalance,0.9971,1093.8
1D.csv,Imbalance,Imbalance,0.9679,1093.8
1D.csv,Imbalance,Imbalance,0.9969,1086.6
1D.csv,Imbalance,Imbalance,0.9873,1086.6
1D.csv,Imbalance,Imbalance,0.9976,1086.6
1D.csv,Imbalance,Imbalance,0.9822,1086.6
1D.csv,Imbalance,Imbalance,0.9978,1081.1
1D.csv,Imbalance,Imbalance,0.9825,1081.1
1D.csv,Imbalance,Imbalance,0.9876,1081.1
1D.csv,Imbalance,Imbalance,0.9965,1081.1
1D.csv,Imbalance,Imbalance,0.9981,1095.3
1D.csv,Imbalance,Imbalance,0.9923,1095.3
1D.csv,Imbalance,Imbalance,0.9970,1095.3
1D.csv,Imbalance,Imbalance,0.9992,1095.3
1D.csv,Imbalance,Imbalance,0.9939,1089.9
1D.csv,Imbalance,Imbalance,0.9926,1089.9
1D.csv,Imbalance,Imbalance,0.9988,1089.9
1D.csv,Imbalance,Imbalance,0.9991,1089.9
1D.csv,Imbalance,Imbalance,0.9862,1105.4
1D.csv,Imbalance,Imbalance,0.9985,1105.4
1D.csv,Imbalance,Imbalance,0.9812,1105.4
1D.csv,Imbalance,Imbalance,0.9990,1105.4
1D.csv,Imbalance,Imbalance,0.9921,1096.6
1D.csv,Imbalance,Imbalance,0.9820,1096.6
1D.csv,Imbalance,Imbalance,0.9679,1096.6
1D.csv,Imbalance,Imbalance,0.9872,1096.6
1D.csv,Imbalance,Imbalance,0.9982,1098.5
1D.csv,Imbalance,Imbalance,0.9954,1098.5
1D.csv,Imbalance,Imbalance,0.9830,1098.5
1D.csv,Imbalance,Imbalance,0.9955,1098.5
1D.csv,Imbalance,Imbalance,0.9960,1100.2
1D.csv,Imbalance,Imbalance,0.9770,1100.2
1D.csv,Imbalance,Imbalance,0.9959,1100.2
1D.csv,Imbalance,Imbalance,0.9941,1100.2
1D.csv,Imbalance,Imbalance,0.9973,1104.3
1D.csv,Imbalance,Imbalance,0.9966,1104.3
1D.csv,Imbalance,Imbalance,0.9704,1104.3
1D.csv,Imbalance,Imbalance,0.9953,1104.3
1D.csv,Imbalance,Imbalance,0.9723,1097.2
1D.csv,Imbalance,Imbalance,0.9562,1097.2
1D.csv,Imbalance,Imbalance,0.9736,1097.2
1D.csv,Imbalance,Imbalance,0.9910,1097.2
1D.csv,Imbalance,Imbalance,0.9853,1105.2
1D.csv,Imbalance,Imbalance,0.9966,1105.2
1D.csv,Imbalance,Imbalance,0.9923,1105.2
1D.csv,Imbalance,Imbalance,0.9995,1105.2
1D.csv,Imbalance,Imbalance,0.9951,1111.1
1D.csv,Imbalance,Imbalance,0.9968,1111.1
1D.csv,Imbalance,Imbalance,0.9931,1111.1
1D.csv,Imbalance,Imbalance,0.9893,1111.1
1D.csv,Imbalance,Imbalance,0.9899,1119.8
1D.csv,Imbalance,Imbalance,0.9979,1119.8
1D.csv,Imbalance,Imbalance,0.9980,1119.8
1D.csv,Imbalance,Imbalance,0.9970,1119.8
1D.csv,Imbalance,Imbalance,0.9957,1117.6
1D.csv,Imbalance,Imbalance,0.9988,1117.6
1D.csv,Imbalance,Imbalance,0.9949,1117.6
1D.csv,Imbalance,Imbalance,0.9658,1117.6
1D.csv,Imbalance,Imbalance,0.9976,1129.1
1D.csv,Imbalance,Imbalance,0.9983,1129.1
1D.csv,Imbalance,Imbalance,0.9994,1129.1
1D.csv,Imbalance,Imbalance,0.9649,1129.1
1D.csv,Imbalance,Imbalance,0.9671,1128.9
1D.csv,Imbalance,Imbalance,0.9963,1128.9
1D.csv,Imbalance,Imbalance,0.8998,1128.9
1D.csv,Imbalance,Imbalance,0.9867,1128.9
1D.csv,Imbalance,Imbalance,0.9871,1130.1
1D.csv,Imbalance,Imbalance,0.9852,1130.1
1D.csv,Imbalance,Imbalance,0.9940,1130.1
1D.csv,Imbalance,Imbalance,0.9907,1130.1
1D.csv,Imbalance,Imbalance,0.9966,1127.7
1D.csv,Imbalance,Imbalance,0.9902,1127.7
1D.csv,Imbalance,Imbalance,0.9771,1127.7
1D.csv,Imbalance,Imbalance,0.9792,1127.7
1D.csv,Imbalance,Imbalance,0.9929,1135.3
1D.csv,Imbalance,Imbalance,0.9605,1135.3
1D.csv,Imbalance,Imbalance,0.9875,1135.3
1D.csv,Imbalance,Imbalance,0.9965,1135.3
1D.csv,Imbalance,Imbalance,0.9977,1146.4
1D.csv,Imbalance,Imbalance,0.9836,1146.4
1D.csv,Imbalance,Imbalance,0.9865,1146.4
1D.csv,Imbalance,Imbalance,0.9949,1146.4
1D.csv,Imbalance,Imbalance,0.9774,1163.2
1D.csv,Imbalance,Imbalance,0.9295,1163.2
1D.csv,Imbalance,Imbalance,0.9798,1163.2
1D.csv,Imbalance,Imbalance,0.9945,1163.2
1D.csv,Imbalance,Imbalance,0.9447,1122.8
1D.csv,Imbalance,Imbalance,0.9660,1122.8
1D.csv,Imbalance,Imbalance,0.8226,1122.8
1D.csv,Imbalance,Imbalance,0.9800,1122.8
1D.csv,Imbalance,Imbalance,0.9385,1113.0
1D.csv,Imbalance,Bearing,0.7073,1113.0
1D.csv,Imbalance,Imbalance,0.9965,1113.0
1D.csv,Imbalance,Imbalance,0.9917,1113.0
1D.csv,Imbalance,Imbalance,0.6540,1157.4
1D.csv,Imbalance,Imbalance,0.9393,1157.4
1D.csv,Imbalance,Imbalance,0.9951,1157.4
1D.csv,Imbalance,Imbalance,0.9842,1157.4
1D.csv,Imbalance,Imbalance,0.8962,1158.7
1D.csv,Imbalance,Imbalance,0.9899,1158.7
1D.csv,Imbalance,Imbalance,0.9668,1158.7
1D.csv,Imbalance,Imbalance,0.9276,1158.7
1D.csv,Imbalance,Imbalance,0.9752,1148.8
1D.csv,Imbalance,Imbalance,0.9190,1148.8
1D.csv,Imbalance,Imbalance,0.9594,1148.8
1D.csv,Imbalance,Imbalance,0.9837,1148.8
1D.csv,Imbalance,Imbalance,0.9072,1150.7
1D.csv,Imbalance,Imbalance,0.9433,1150.7
1D.csv,Imbalance,Imbalance,0.8576,1150.7
1D.csv,Imbalance,Imbalance,0.9783,1150.7
1D.csv,Imbalance,Imbalance,0.9319,1145.3
1D.csv,Imbalance,Imbalance,0.9397,1145.3
1D.csv,Imbalance,Imbalance,0.9144,1145.3
1D.csv,Imbalance,Imbalance,0.9855,1145.3
1D.csv,Imbalance,Imbalance,0.9436,1169.3
1D.csv,Imbalance,Imbalance,0.9449,1169.3
1D.csv,Imbalance,Imbalance,0.9832,1169.3
1D.csv,Imbalance,Imbalance,0.9842,1169.3
1D.csv,Imbalance,Imbalance,0.9833,1162.0
1D.csv,Imbalance,Imbalance,0.9513,1162.0
1D.csv,Imbalance,Imbalance,0.9726,1162.0
1D.csv,Imbalance,Imbalance,0.9962,1162.0
1D.csv,Imbalance,Imbalance,0.9924,1169.8
1D.csv,Imbalance,Imbalance,0.9925,1169.8
1D.csv,Imbalance,Imbalance,0.9542,1169.8
1D.csv,Imbalance,Imbalance,0.8317,1169.8
1D.csv,Imbalance,Imbalance,0.9849,1163.9
1D.csv,Imbalance,Bearing,0.5062,1163.9
1D.csv,Imbalance,Imbalance,0.9844,1163.9
1D.csv,Imbalance,Imbalance,0.9672,1163.9
1D.csv,Imbalance,Imbalance,0.8952,1182.5
1D.csv,Imbalance,Imbalance,0.7448,1182.5
1D.csv,Imbalance,Imbalance,0.9237,1182.5
1D.csv,Imbalance,Imbalance,0.8506,1182.5
1D.csv,Imbalance,Imbalance,0.9808,1173.0
1D.csv,Imbalance,Imbalance,0.9782,1173.0
1D.csv,Imbalance,Imbalance,0.9614,1173.0
1D.csv,Imbalance,Imbalance,0.9796,1173.0
1D.csv,Imbalance,Imbalance,0.9775,1178.3
1D.csv,Imbalance,Imbalance,0.9747,1178.3
1D.csv,Imbalance,Imbalance,0.9474,1178.3
1D.csv,Imbalance,Imbalance,0.8532,1178.3
1D.csv,Imbalance,Imbalance,0.9647,1179.6
1D.csv,Imbalance,Imbalance,0.9639,1179.6
1D.csv,Imbalance,Imbalance,0.9602,1179.6
1D.csv,Imbalance,Imbalance,0.9897,1179.6
1D.csv,Imbalance,Imbalance,0.9194,1188.8
1D.csv,Imbalance,Imbalance,0.9428,1188.8
1D.csv,Imbalance,Imbalance,0.8269,1188.8
1D.csv,Imbalance,Imbalance,0.9845,1188.8
1D.csv,Imbalance,Imbalance,0.9151,1172.9
1D.csv,Imbalance,Imbalance,0.9861,1172.9
1D.csv,Imbalance,Imbalance,0.9499,1172.9
1D.csv,Imbalance,Imbalance,0.9736,1172.9
1D.csv,Imbalance,Imbalance,0.9448,1182.8
1D.csv,Imbalance,Imbalance,0.9375,1182.8
1D.csv,Imbalance,Imbalance,0.9375,1182.8
1D.csv,Imbalance,Imbalance,0.9757,1182.8
1D.csv,Imbalance,Imbalance,0.9493,1197.7
1D.csv,Imbalance,Imbalance,0.8103,1197.7
1D.csv,Imbalance,Imbalance,0.5999,1197.7
1D.csv,Imbalance,Imbalance,0.7791,1197.7
1D.csv,Imbalance,Imbalance,0.9727,1196.0
1D.csv,Imbalance,Imbalance,0.8495,1196.0
1D.csv,Imbalance,Imbalance,0.9929,1196.0
1D.csv,Imbalance,Imbalance,0.9936,1196.0
1D.csv,Imbalance,Imbalance,0.9667,1186.2
1D.csv,Imbalance,Imbalance,0.5965,1186.2
1D.csv,Imbalance,Imbalance,0.9476,1186.2
1D.csv,Imbalance,Imbalance,0.9744,1186.2
1D.csv,Imbalance,Imbalance,0.9902,1209.7
1D.csv,Imbalance,Imbalance,0.9778,1209.7
1D.csv,Imbalance,Imbalance,0.8549,1209.7
1D.csv,Imbalance,Imbalance,0.8534,1209.7
1D.csv,Imbalance,Imbalance,0.9587,1176.2
1D.csv,Imbalance,Imbalance,0.9771,1176.2
1D.csv,Imbalance,Imbalance,0.9995,1176.2
1D.csv,Imbalance,Imbalance,0.9737,1176.2
1D.csv,Imbalance,Imbalance,0.9244,1218.0
1D.csv,Imbalance,Imbalance,0.9879,1218.0
1D.csv,Imbalance,Imbalance,0.9693,1218.0
1D.csv,Imbalance,Imbalance,0.9496,1218.0
1D.csv,Imbalance,Imbalance,0.8697,1196.4
1D.csv,Imbalance,Imbalance,0.9823,1196.4
1D.csv,Imbalance,Imbalance,0.9110,1196.4
1D.csv,Imbalance,Imbalance,0.9889,1196.4
1D.csv,Imbalance,Imbalance,0.9612,1209.3
1D.csv,Imbalance,Imbalance,0.9240,1209.3
1D.csv,Imbalance,Imbalance,0.9520,1209.3
1D.csv,Imbalance,Imbalance,0.9449,1209.3
1D.csv,Imbalance,Imbalance,0.9663,1218.5
1D.csv,Imbalance,Imbalance,0.9866,1218.5
1D.csv,Imbalance,Imbalance,0.9790,1218.5
1D.csv,Imbalance,Imbalance,0.9941,1218.5
1D.csv,Imbalance,Imbalance,0.9876,1222.6
1D.csv,Imbalance,Imbalance,0.9953,1222.6
1D.csv,Imbalance,Imbalance,0.9971,1222.6
1D.csv,Imbalance,Imbalance,0.9741,1222.6
1D.csv,Imbalance,Imbalance,0.9895,1214.4
1D.csv,Imbalance,Imbalance,0.9588,1214.4
1D.csv,Imbalance,Imbalance,0.9920,1214.4
1D.csv,Imbalance,Imbalance,0.9901,1214.4
1D.csv,Imbalance,Imbalance,0.9774,1220.4
1D.csv,Imbalance,Imbalance,0.9536,1220.4
1D.csv,Imbalance,Imbalance,0.9996,1220.4
1D.csv,Imbalance,Imbalance,0.9959,1220.4
1D.csv,Imbalance,Imbalance,0.9820,1218.6
1D.csv,Imbalance,Imbalance,0.9912,1218.6
1D.csv,Imbalance,Imbalance,0.9997,1218.6
1D.csv,Imbalance,Imbalance,0.9946,1218.6
1D.csv,Imbalance,Imbalance,0.9855,1233.6
1D.csv,Imbalance,Imbalance,0.9989,1233.6
1D.csv,Imbalance,Imbalance,0.9979,1233.6
1D.csv,Imbalance,Imbalance,0.9944,1233.6
1D.csv,Imbalance,Imbalance,0.9990,1222.7
1D.csv,Imbalance,Imbalance,0.9977,1222.7
1D.csv,Imbalance,Imbalance,0.9979,1222.7
1D.csv,Imbalance,Imbalance,0.9987,1222.7
1D.csv,Imbalance,Imbalance,0.9922,1236.0
1D.csv,Imbalance,Imbalance,0.9952,1236.0
1D.csv,Imbalance,Imbalance,0.9946,1236.0
1D.csv,Imbalance,Imbalance,0.9943,1236.0
1D.csv,Imbalance,Imbalance,0.9937,1216.0
1D.csv,Imbalance,Imbalance,0.9982,1216.0
1D.csv,Imbalance,Imbalance,0.9878,1216.0
1D.csv,Imbalance,Imbalance,0.9952,1216.0
1D.csv,Imbalance,Imbalance,0.9990,1236.4
1D.csv,Imbalance,Imbalance,0.9988,1236.4
1D.csv,Imbalance,Imbalance,0.9979,1236.4
1D.csv,Imbalance,Imbalance,0.9794,1236.4
1D.csv,Imbalance,Imbalance,0.9985,1244.5
1D.csv,Imbalance,Imbalance,0.9981,1244.5
1D.csv,Imbalance,Imbalance,0.9986,1244.5
1D.csv,Imbalance,Imbalance,0.9966,1244.5
1D.csv,Imbalance,Imbalance,0.9988,1233.5
1D.csv,Imbalance,Imbalance,0.9949,1233.5
1D.csv,Imbalance,Imbalance,0.9998,1233.5
1D.csv,Imbalance,Imbalance,0.9992,1233.5
1D.csv,Imbalance,Imbalance,0.9784,1238.8
1D.csv,Imbalance,Imbalance,0.9916,1238.8
1D.csv,Imbalance,Imbalance,0.9950,1238.8
1D.csv,Imbalance,Imbalance,0.9961,1238.8
1D.csv,Imbalance,Imbalance,0.9981,1243.6
1D.csv,Imbalance,Imbalance,0.9991,1243.6
1D.csv,Imbalance,Imbalance,0.9981,1243.6
1D.csv,Imbalance,Imbalance,0.9964,1243.6
1D.csv,Imbalance,Imbalance,0.9983,1243.9
1D.csv,Imbalance,Imbalance,0.9993,1243.9
1D.csv,Imbalance,Imbalance,0.9907,1243.9
1D.csv,Imbalance,Imbalance,0.9975,1243.9
1D.csv,Imbalance,Imbalance,0.9953,1243.9
1D.csv,Imbalance,Imbalance,0.9962,1243.9
1D.csv,Imbalance,Imbalance,0.9959,1243.9
1D.csv,Imbalance,Imbalance,0.9962,1243.9
1D.csv,Imbalance,Imbalance,0.9959,1237.2
1D.csv,Imbalance,Imbalance,0.9987,1237.2
1D.csv,Imbalance,Imbalance,0.9992,1237.2
1D.csv,Imbalance,Imbalance,0.9990,1237.2
1D.csv,Imbalance,Imbalance,0.9988,1259.3
1D.csv,Imbalance,Imbalance,0.9907,1259.3
1D.csv,Imbalance,Imbalance,0.9952,1259.3
1D.csv,Imbalance,Imbalance,0.9992,1259.3
1D.csv,Imbalance,Imbalance,0.9992,1282.3
1D.csv,Imbalance,Imbalance,0.9995,1282.3
1D.csv,Imbalance,Imbalance,0.9956,1282.3
1D.csv,Imbalance,Imbalance,0.9986,1282.3
1D.csv,Imbalance,Imbalance,0.9919,1281.6
1D.csv,Imbalance,Imbalance,0.9980,1281.6
1D.csv,Imbalance,Imbalance,0.9990,1281.6
1D.csv,Imbalance,Imbalance,0.9997,1281.6
1D.csv,Imbalance,Imbalance,0.9975,1275.3
1D.csv,Imbalance,Imbalance,0.9967,1275.3
1D.csv,Imbalance,Imbalance,0.9985,1275.3
1D.csv,Imbalance,Imbalance,0.9962,1275.3
1D.csv,Imbalance,Imbalance,0.9979,1265.2
1D.csv,Imbalance,Imbalance,0.9949,1265.2
1D.csv,Imbalance,Imbalance,0.9981,1265.2
1D.csv,Imbalance,Imbalance,0.9991,1265.2
1D.csv,Imbalance,Imbalance,0.9980,1270.1
1D.csv,Imbalance,Imbalance,0.9961,1270.1
1D.csv,Imbalance,Imbalance,0.9929,1270.1
1D.csv,Imbalance,Imbalance,0.9932,1270.1
1D.csv,Imbalance,Imbalance,0.9978,1275.4
1D.csv,Imbalance,Imbalance,0.9960,1275.4
1D.csv,Imbalance,Imbalance,0.9996,1275.4
1D.csv,Imbalance,Imbalance,0.9987,1275.4
1D.csv,Imbalance,Imbalance,0.9986,1260.7
1D.csv,Imbalance,Imbalance,0.9987,1260.7
1D.csv,Imbalance,Imbalance,0.9968,1260.7
1D.csv,Imbalance,Imbalance,0.9980,1260.7
1D.csv,Imbalance,Imbalance,0.9990,1285.9
1D.csv,Imbalance,Imbalance,0.9961,1285.9
1D.csv,Imbalance,Imbalance,0.9998,1285.9
1D.csv,Imbalance,Imbalance,0.9997,1285.9
1D.csv,Imbalance,Imbalance,0.9985,1278.6
1D.csv,Imbalance,Imbalance,0.9973,1278.6
1D.csv,Imbalance,Imbalance,0.9996,1278.6
1D.csv,Imbalance,Imbalance,0.9986,1278.6
1D.csv,Imbalance,Imbalance,0.9995,1285.5
1D.csv,Imbalance,Imbalance,0.9999,1285.5
1D.csv,Imbalance,Imbalance,0.9997,1285.5
1D.csv,Imbalance,Imbalance,0.9994,1285.5
1D.csv,Imbalance,Imbalance,0.9926,1282.3
1D.csv,Imbalance,Imbalance,0.9986,1282.3
1D.csv,Imbalance,Imbalance,0.9999,1282.3
1D.csv,Imbalance,Imbalance,0.9999,1282.3
1D.csv,Imbalance,Imbalance,0.9998,1280.8
1D.csv,Imbalance,Imbalance,0.9999,1280.8
1D.csv,Imbalance,Imbalance,0.9998,1280.8
1D.csv,Imbalance,Imbalance,0.9990,1280.8
1D.csv,Imbalance,Imbalance,0.9970,1291.4
1D.csv,Imbalance,Imbalance,0.9996,1291.4
1D.csv,Imbalance,Imbalance,0.9994,1291.4
1D.csv,Imbalance,Imbalance,0.9993,1291.4
1D.csv,Imbalance,Imbalance,0.9985,1280.2
1D.csv,Imbalance,Imbalance,0.9992,1280.2
1D.csv,Imbalance,Imbalance,0.9998,1280.2
1D.csv,Imbalance,Imbalance,0.9986,1280.2
1D.csv,Imbalance,Imbalance,0.9995,1292.3
1D.csv,Imbalance,Imbalance,0.9999,1292.3
1D.csv,Imbalance,Imbalance,0.9999,1292.3
1D.csv,Imbalance,Imbalance,0.9992,1292.3
1D.csv,Imbalance,Imbalance,0.9995,1307.6
1D.csv,Imbalance,Imbalance,0.9997,1307.6
1D.csv,Imbalance,Imbalance,0.9978,1307.6
1D.csv,Imbalance,Imbalance,0.9986,1307.6
1D.csv,Imbalance,Imbalance,0.9996,1299.5
1D.csv,Imbalance,Imbalance,0.9994,1299.5
1D.csv,Imbalance,Imbalance,0.9983,1299.5
1D.csv,Imbalance,Imbalance,0.9999,1299.5
1D.csv,Imbalance,Imbalance,0.9980,1296.6
1D.csv,Imbalance,Imbalance,0.9991,1296.6
1D.csv,Imbalance,Imbalance,0.9998,1296.6
1D.csv,Imbalance,Imbalance,0.9998,1296.6
1D.csv,Imbalance,Imbalance,0.9955,1313.1
1D.csv,Imbalance,Imbalance,0.9987,1313.1
1D.csv,Imbalance,Imbalance,0.9999,1313.1
1D.csv,Imbalance,Imbalance,0.9994,1313.1
1D.csv,Imbalance,Imbalance,0.9994,1308.0
1D.csv,Imbalance,Imbalance,0.9998,1308.0
1D.csv,Imbalance,Imbalance,0.9999,1308.0
1D.csv,Imbalance,Imbalance,0.9999,1308.0
1D.csv,Imbalance,Imbalance,0.9996,1330.9
1D.csv,Imbalance,Imbalance,0.9984,1330.9
1D.csv,Imbalance,Imbalance,0.9980,1330.9
1D.csv,Imbalance,Imbalance,0.9995,1330.9
1D.csv,Imbalance,Imbalance,0.9993,1309.8
1D.csv,Imbalance,Imbalance,0.9998,1309.8
1D.csv,Imbalance,Imbalance,0.9998,1309.8
1D.csv,Imbalance,Imbalance,0.9999,1309.8
1D.csv,Imbalance,Imbalance,0.9989,1298.9
1D.csv,Imbalance,Imbalance,0.9997,1298.9
1D.csv,Imbalance,Imbalance,0.9985,1298.9
1D.csv,Imbalance,Imbalance,0.9992,1298.9
1D.csv,Imbalance,Imbalance,0.9998,1288.2
1D.csv,Imbalance,Imbalance,0.9999,1288.2
1D.csv,Imbalance,Imbalance,0.9991,1288.2
1D.csv,Imbalance,Imbalance,0.9996,1288.2
1D.csv,Imbalance,Imbalance,0.9995,1331.3
1D.csv,Imbalance,Imbalance,0.9998,1331.3
1D.csv,Imbalance,Imbalance,0.9999,1331.3
1D.csv,Imbalance,Imbalance,0.9999,1331.3
1D.csv,Imbalance,Imbalance,0.9999,1332.5
1D.csv,Imbalance,Imbalance,0.9991,1332.5
1D.csv,Imbalance,Imbalance,0.9997,1332.5
1D.csv,Imbalance,Imbalance,0.9997,1332.5
1D.csv,Imbalance,Imbalance,0.9998,1347.3
1D.csv,Imbalance,Imbalance,0.9999,1347.3
1D.csv,Imbalance,Imbalance,0.9998,1347.3
1D.csv,Imbalance,Imbalance,0.9990,1347.3
1D.csv,Imbalance,Imbalance,0.9994,1327.1
1D.csv,Imbalance,Imbalance,0.9981,1327.1
1D.csv,Imbalance,Imbalance,0.9997,1327.1
1D.csv,Imbalance,Imbalance,0.9999,1327.1
1D.csv,Imbalance,Imbalance,0.9995,1328.1
1D.csv,Imbalance,Imbalance,0.9992,1328.1
1D.csv,Imbalance,Imbalance,0.9998,1328.1
1D.csv,Imbalance,Imbalance,0.9997,1328.1
1D.csv,Imbalance,Imbalance,0.9999,1331.8
1D.csv,Imbalance,Imbalance,0.9985,1331.8
1D.csv,Imbalance,Imbalance,0.9998,1331.8
1D.csv,Imbalance,Imbalance,0.9999,1331.8
1D.csv,Imbalance,Imbalance,0.9999,1331.8
1D.csv,Imbalance,Imbalance,0.9996,1331.8
1D.csv,Imbalance,Imbalance,0.9997,1331.8
1D.csv,Imbalance,Imbalance,0.9991,1331.8
1D.csv,Imbalance,Imbalance,0.9995,1341.0
1D.csv,Imbalance,Imbalance,0.9998,1341.0
1D.csv,Imbalance,Imbalance,0.9999,1341.0
1D.csv,Imbalance,Imbalance,0.9999,1341.0
1D.csv,Imbalance,Imbalance,0.9998,1341.9
1D.csv,Imbalance,Imbalance,0.9998,1341.9
1D.csv,Imbalance,Imbalance,0.9996,1341.9
1D.csv,Imbalance,Imbalance,0.9997,1341.9
1D.csv,Imbalance,Imbalance,0.9998,1349.2
1D.csv,Imbalance,Imbalance,0.9998,1349.2
1D.csv,Imbalance,Imbalance,0.9995,1349.2
1D.csv,Imbalance,Imbalance,0.9984,1349.2
1D.csv,Imbalance,Imbalance,0.9998,1345.1
1D.csv,Imbalance,Imbalance,0.9996,1345.1
1D.csv,Imbalance,Imbalance,0.9997,1345.1
1D.csv,Imbalance,Imbalance,0.9995,1345.1
1D.csv,Imbalance,Imbalance,0.9999,1361.4
1D.csv,Imbalance,Imbalance,0.9999,1361.4
1D.csv,Imbalance,Imbalance,0.9999,1361.4
1D.csv,Imbalance,Imbalance,0.9997,1361.4
1D.csv,Imbalance,Imbalance,0.9997,1351.7
1D.csv,Imbalance,Imbalance,0.9991,1351.7
1D.csv,Imbalance,Imbalance,0.9995,1351.7
1D.csv,Imbalance,Imbalance,0.9999,1351.7
1D.csv,Imbalance,Imbalance,0.9991,1357.6
1D.csv,Imbalance,Imbalance,0.9999,1357.6
1D.csv,Imbalance,Imbalance,0.9997,1357.6
1D.csv,Imbalance,Imbalance,0.9999,1357.6
1D.csv,Imbalance,Imbalance,0.9999,1356.3
1D.csv,Imbalance,Imbalance,0.9996,1356.3
1D.csv,Imbalance,Imbalance,0.9999,1356.3
1D.csv,Imbalance,Imbalance,0.9998,1356.3
1D.csv,Imbalance,Imbalance,0.9987,1358.9
1D.csv,Imbalance,Imbalance,0.9999,1358.9
1D.csv,Imbalance,Imbalance,0.9999,1358.9
1D.csv,Imbalance,Imbalance,0.9990,1358.9
1D.csv,Imbalance,Imbalance,0.9964,1362.3
1D.csv,Imbalance,Imbalance,0.9999,1362.3
1D.csv,Imbalance,Imbalance,0.9997,1362.3
1D.csv,Imbalance,Imbalance,0.9998,1362.3
1D.csv,Imbalance,Imbalance,0.9999,1371.7
1D.csv,Imbalance,Imbalance,0.9999,1371.7
1D.csv,Imbalance,Imbalance,0.9997,1371.7
1D.csv,Imbalance,Imbalance,0.9990,1371.7
1D.csv,Imbalance,Imbalance,0.9996,1372.2
1D.csv,Imbalance,Imbalance,0.9997,1372.2
1D.csv,Imbalance,Imbalance,0.9995,1372.2
1D.csv,Imbalance,Imbalance,0.9994,1372.2
1D.csv,Imbalance,Imbalance,0.9988,1350.0
1D.csv,Imbalance,Imbalance,0.9992,1350.0
1D.csv,Imbalance,Imbalance,0.9991,1350.0
1D.csv,Imbalance,Imbalance,0.9996,1350.0
1D.csv,Imbalance,Imbalance,0.9995,1397.0
1D.csv,Imbalance,Imbalance,0.9989,1397.0
1D.csv,Imbalance,Imbalance,0.9993,1397.0
1D.csv,Imbalance,Imbalance,0.9924,1397.0
1D.csv,Imbalance,Imbalance,0.9998,1357.5
1D.csv,Imbalance,Imbalance,0.9999,1357.5
1D.csv,Imbalance,Imbalance,0.9996,1357.5
1D.csv,Imbalance,Imbalance,0.9999,1357.5
1D.csv,Imbalance,Imbalance,0.9999,1393.8
1D.csv,Imbalance,Imbalance,0.9978,1393.8
1D.csv,Imbalance,Imbalance,0.9995,1393.8
1D.csv,Imbalance,Imbalance,0.9996,1393.8
1D.csv,Imbalance,Imbalance,0.9985,1359.3
1D.csv,Imbalance,Imbalance,0.9993,1359.3
1D.csv,Imbalance,Imbalance,0.9989,1359.3
1D.csv,Imbalance,Imbalance,0.9988,1359.3
1D.csv,Imbalance,Imbalance,0.9992,1401.3
1D.csv,Imbalance,Imbalance,0.9994,1401.3
1D.csv,Imbalance,Imbalance,0.9980,1401.3
1D.csv,Imbalance,Imbalance,0.9983,1401.3
1D.csv,Imbalance,Imbalance,0.9993,1374.6
1D.csv,Imbalance,Imbalance,0.9972,1374.6
1D.csv,Imbalance,Imbalance,0.9993,1374.6
1D.csv,Imbalance,Imbalance,0.9994,1374.6
1D.csv,Imbalance,Imbalance,0.9997,1392.8
1D.csv,Imbalance,Imbalance,0.9999,1392.8
1D.csv,Imbalance,Imbalance,0.9872,1392.8
1D.csv,Imbalance,Imbalance,0.9975,1392.8
1D.csv,Imbalance,Imbalance,0.9915,1391.5
1D.csv,Imbalance,Imbalance,0.9988,1391.5
1D.csv,Imbalance,Imbalance,0.9911,1391.5
1D.csv,Imbalance,Imbalance,0.9977,1391.5
1D.csv,Imbalance,Imbalance,0.9992,1404.1
1D.csv,Imbalance,Imbalance,0.9945,1404.1
1D.csv,Imbalance,Imbalance,0.9941,1404.1
1D.csv,Imbalance,Imbalance,0.9964,1404.1
1D.csv,Imbalance,Imbalance,0.9984,1406.4
1D.csv,Imbalance,Imbalance,0.9909,1406.4
1D.csv,Imbalance,Imbalance,0.9992,1406.4
1D.csv,Imbalance,Imbalance,0.9957,1406.4
1D.csv,Imbalance,Imbalance,0.9958,1387.6
1D.csv,Imbalance,Imbalance,0.9981,1387.6
1D.csv,Imbalance,Imbalance,0.9717,1387.6
1D.csv,Imbalance,Imbalance,0.9963,1387.6
1D.csv,Imbalance,Imbalance,0.9849,1401.6
1D.csv,Imbalance,Imbalance,0.9944,1401.6
1D.csv,Imbalance,Imbalance,0.9828,1401.6
1D.csv,Imbalance,Imbalance,0.9709,1401.6
1D.csv,Imbalance,Imbalance,0.9967,1416.7
1D.csv,Imbalance,Imbalance,0.9755,1416.7
1D.csv,Imbalance,Imbalance,0.9766,1416.7
1D.csv,Imbalance,Imbalance,0.9809,1416.7
1D.csv,Imbalance,Imbalance,0.9965,1401.8
1D.csv,Imbalance,Imbalance,0.9819,1401.8
1D.csv,Imbalance,Imbalance,0.9761,1401.8
1D.csv,Imbalance,Imbalance,0.9316,1401.8
1D.csv,Imbalance,Imbalance,0.9958,1400.1
1D.csv,Imbalance,Imbalance,0.9993,1400.1
1D.csv,Imbalance,Imbalance,0.9982,1400.1
1D.csv,Imbalance,Imbalance,0.9991,1400.1
1D.csv,Imbalance,Imbalance,0.9997,1424.1
1D.csv,Imbalance,Imbalance,0.9984,1424.1
1D.csv,Imbalance,Imbalance,0.9996,1424.1
1D.csv,Imbalance,Imbalance,0.9983,1424.1
1D.csv,Imbalance,Imbalance,0.9978,1424.0
1D.csv,Imbalance,Imbalance,0.9997,1424.0
1D.csv,Imbalance,Imbalance,0.9990,1424.0
1D.csv,Imbalance,Imbalance,0.9939,1424.0
1D.csv,Imbalance,Imbalance,0.9978,1414.0
1D.csv,Imbalance,Imbalance,0.9988,1414.0
1D.csv,Imbalance,Imbalance,0.9992,1414.0
1D.csv,Imbalance,Imbalance,0.9993,1414.0
1D.csv,Imbalance,Imbalance,0.9990,1419.4
1D.csv,Imbalance,Imbalance,0.9998,1419.4
1D.csv,Imbalance,Imbalance,0.9998,1419.4
1D.csv,Imbalance,Imbalance,0.9995,1419.4
1D.csv,Imbalance,Imbalance,0.9998,1435.5
1D.csv,Imbalance,Imbalance,0.9996,1435.5
1D.csv,Imbalance,Imbalance,0.9996,1435.5
1D.csv,Imbalance,Imbalance,0.9995,1435.5
1D.csv,Imbalance,Imbalance,0.9999,1434.4
1D.csv,Imbalance,Imbalance,0.9999,1434.4
1D.csv,Imbalance,Imbalance,0.9983,1434.4
1D.csv,Imbalance,Imbalance,0.9997,1434.4
1D.csv,Imbalance,Imbalance,0.9998,1426.0
1D.csv,Imbalance,Imbalance,0.9999,1426.0
1D.csv,Imbalance,Imbalance,0.9996,1426.0
1D.csv,Imbalance,Imbalance,0.9997,1426.0
1D.csv,Imbalance,Imbalance,0.9999,1430.2
1D.csv,Imbalance,Imbalance,0.9995,1430.2
1D.csv,Imbalance,Imbalance,0.9998,1430.2
1D.csv,Imbalance,Imbalance,1.0000,1430.2
1D.csv,Imbalance,Imbalance,0.9999,1464.9
1D.csv,Imbalance,Imbalance,1.0000,1464.9
1D.csv,Imbalance,Imbalance,1.0000,1464.9
1D.csv,Imbalance,Imbalance,0.9999,1464.9
1D.csv,Imbalance,Imbalance,0.9998,1447.9
1D.csv,Imbalance,Imbalance,1.0000,1447.9
1D.csv,Imbalance,Imbalance,0.9998,1447.9
1D.csv,Imbalance,Imbalance,0.9999,1447.9
1D.csv,Imbalance,Imbalance,0.9999,1447.9
1D.csv,Imbalance,Imbalance,0.9999,1447.9
1D.csv,Imbalance,Imbalance,0.9999,1447.9
1D.csv,Imbalance,Imbalance,0.9999,1447.9
1D.csv,Imbalance,Imbalance,0.9999,1414.7
1D.csv,Imbalance,Imbalance,0.9999,1414.7
1D.csv,Imbalance,Imbalance,0.9999,1414.7
1D.csv,Imbalance,Imbalance,1.0000,1414.7
1D.csv,Imbalance,Imbalance,0.9999,1459.7
1D.csv,Imbalance,Imbalance,1.0000,1459.7
1D.csv,Imbalance,Imbalance,0.9995,1459.7
1D.csv,Imbalance,Imbalance,1.0000,1459.7
1D.csv,Imbalance,Imbalance,0.9999,1456.0
1D.csv,Imbalance,Imbalance,0.9998,1456.0
1D.csv,Imbalance,Imbalance,0.9999,1456.0
1D.csv,Imbalance,Imbalance,0.9999,1456.0
1D.csv,Imbalance,Imbalance,1.0000,1443.9
1D.csv,Imbalance,Imbalance,0.9998,1443.9
1D.csv,Imbalance,Imbalance,0.9999,1443.9
1D.csv,Imbalance,Imbalance,1.0000,1443.9
1D.csv,Imbalance,Imbalance,1.0000,1463.4
1D.csv,Imbalance,Imbalance,0.9999,1463.4
1D.csv,Imbalance,Imbalance,0.9999,1463.4
1D.csv,Imbalance,Imbalance,0.9999,1463.4
1D.csv,Imbalance,Imbalance,0.9999,1457.6
1D.csv,Imbalance,Imbalance,0.9999,1457.6
1D.csv,Imbalance,Imbalance,0.9999,1457.6
1D.csv,Imbalance,Imbalance,1.0000,1457.6
1D.csv,Imbalance,Imbalance,0.9999,1467.1
1D.csv,Imbalance,Imbalance,0.9999,1467.1
1D.csv,Imbalance,Imbalance,0.9998,1467.1
1D.csv,Imbalance,Imbalance,0.9998,1467.1
1D.csv,Imbalance,Imbalance,0.9999,1457.8
1D.csv,Imbalance,Imbalance,1.0000,1457.8
1D.csv,Imbalance,Imbalance,1.0000,1457.8
1D.csv,Imbalance,Imbalance,0.9999,1457.8
1D.csv,Imbalance,Imbalance,0.9999,1458.3
1D.csv,Imbalance,Imbalance,0.9999,1458.3
1D.csv,Imbalance,Imbalance,0.9998,1458.3
1D.csv,Imbalance,Imbalance,0.9997,1458.3
1D.csv,Imbalance,Imbalance,0.9999,1460.7
1D.csv,Imbalance,Imbalance,0.9999,1460.7
1D.csv,Imbalance,Imbalance,0.9996,1460.7
1D.csv,Imbalance,Imbalance,0.9999,1460.7
1D.csv,Imbalance,Imbalance,0.9998,1452.3
1D.csv,Imbalance,Imbalance,0.9996,1452.3
1D.csv,Imbalance,Imbalance,0.9998,1452.3
1D.csv,Imbalance,Imbalance,0.9999,1452.3
1D.csv,Imbalance,Imbalance,0.9998,1461.5
1D.csv,Imbalance,Imbalance,0.9999,1461.5
1D.csv,Imbalance,Imbalance,0.9999,1461.5
1D.csv,Imbalance,Imbalance,0.9998,1461.5
1D.csv,Imbalance,Imbalance,1.0000,1455.9
1D.csv,Imbalance,Imbalance,1.0000,1455.9
1D.csv,Imbalance,Imbalance,0.9998,1455.9
1D.csv,Imbalance,Imbalance,0.9995,1455.9
1D.csv,Imbalance,Imbalance,0.9997,1488.7
1D.csv,Imbalance,Imbalance,0.9999,1488.7
1D.csv,Imbalance,Imbalance,0.9997,1488.7
1D.csv,Imbalance,Imbalance,0.9999,1488.7
1D.csv,Imbalance,Imbalance,0.9996,1478.5
1D.csv,Imbalance,Imbalance,0.9999,1478.5
1D.csv,Imbalance,Imbalance,0.9998,1478.5
1D.csv,Imbalance,Imbalance,0.9999,1478.5
1D.csv,Imbalance,Imbalance,0.9997,1475.8
1D.csv,Imbalance,Imbalance,0.9999,1475.8
1D.csv,Imbalance,Imbalance,0.9999,1475.8
1D.csv,Imbalance,Imbalance,0.9999,1475.8
1D.csv,Imbalance,Imbalance,0.9998,1482.7
1D.csv,Imbalance,Imbalance,0.9999,1482.7
1D.csv,Imbalance,Imbalance,0.9999,1482.7
1D.csv,Imbalance,Imbalance,0.9998,1482.7
1D.csv,Imbalance,Imbalance,0.9996,1485.9
1D.csv,Imbalance,Imbalance,0.9999,1485.9
1D.csv,Imbalance,Imbalance,0.9998,1485.9
1D.csv,Imbalance,Imbalance,0.9999,1485.9
1D.csv,Imbalance,Imbalance,0.9995,1510.5
1D.csv,Imbalance,Imbalance,0.9998,1510.5
1D.csv,Imbalance,Imbalance,0.9980,1510.5
1D.csv,Imbalance,Imbalance,0.9987,1510.5
1D.csv,Imbalance,Imbalance,0.9998,1489.3
1D.csv,Imbalance,Imbalance,0.9997,1489.3
1D.csv,Imbalance,Imbalance,0.9997,1489.3
1D.csv,Imbalance,Imbalance,0.9995,1489.3
1D.csv,Imbalance,Imbalance,0.9999,1467.7
1D.csv,Imbalance,Imbalance,0.9997,1467.7
1D.csv,Imbalance,Imbalance,0.9999,1467.7
1D.csv,Imbalance,Imbalance,0.9998,1467.7
1D.csv,Imbalance,Imbalance,0.9992,1465.1
1D.csv,Imbalance,Imbalance,0.9997,1465.1
1D.csv,Imbalance,Imbalance,0.9998,1465.1
1D.csv,Imbalance,Imbalance,0.9999,1465.1
1D.csv,Imbalance,Imbalance,0.9999,1464.9
1D.csv,Imbalance,Imbalance,0.9997,1464.9
1D.csv,Imbalance,Imbalance,0.9996,1464.9
1D.csv,Imbalance,Imbalance,0.9998,1464.9
1D.csv,Imbalance,Imbalance,0.9998,1502.5
1D.csv,Imbalance,Imbalance,0.9996,1502.5
1D.csv,Imbalance,Imbalance,0.9991,1502.5
1D.csv,Imbalance,Imbalance,0.9997,1502.5
1D.csv,Imbalance,Imbalance,0.9996,1519.6
1D.csv,Imbalance,Imbalance,0.9997,1519.6
1D.csv,Imbalance,Imbalance,0.9995,1519.6
1D.csv,Imbalance,Imbalance,0.9993,1519.6
1D.csv,Imbalance,Imbalance,0.9996,1519.1
1D.csv,Imbalance,Imbalance,0.9996,1519.1
1D.csv,Imbalance,Imbalance,0.9994,1519.1
1D.csv,Imbalance,Imbalance,0.9998,1519.1
1D.csv,Imbalance,Imbalance,0.9989,1518.9
1D.csv,Imbalance,Imbalance,0.9994,1518.9
1D.csv,Imbalance,Imbalance,0.9990,1518.9
1D.csv,Imbalance,Imbalance,0.9987,1518.9
1D.csv,Imbalance,Imbalance,0.9991,1520.3
1D.csv,Imbalance,Imbalance,0.9990,1520.3
1D.csv,Imbalance,Imbalance,0.9982,1520.3
1D.csv,Imbalance,Imbalance,0.9997,1520.3
1D.csv,Imbalance,Imbalance,0.9991,1523.9
1D.csv,Imbalance,Imbalance,0.9992,1523.9
1D.csv,Imbalance,Imbalance,0.9989,1523.9
1D.csv,Imbalance,Imbalance,0.9983,1523.9
1D.csv,Imbalance,Imbalance,0.9996,1531.2
1D.csv,Imbalance,Imbalance,0.9996,1531.2
1D.csv,Imbalance,Imbalance,0.9986,1531.2
1D.csv,Imbalance,Imbalance,0.9989,1531.2
1D.csv,Imbalance,Imbalance,0.9987,1517.4
1D.csv,Imbalance,Imbalance,0.9983,1517.4
1D.csv,Imbalance,Imbalance,0.9997,1517.4
1D.csv,Imbalance,Imbalance,0.9994,1517.4
1D.csv,Imbalance,Imbalance,0.9994,1517.9
1D.csv,Imbalance,Imbalance,0.9995,1517.9
1D.csv,Imbalance,Imbalance,0.9989,1517.9
1D.csv,Imbalance,Imbalance,0.9995,1517.9
1D.csv,Imbalance,Imbalance,0.9995,1525.7
1D.csv,Imbalance,Imbalance,0.9990,1525.7
1D.csv,Imbalance,Imbalance,0.9994,1525.7
1D.csv,Imbalance,Imbalance,0.9998,1525.7
1D.csv,Imbalance,Imbalance,0.9989,1540.6
1D.csv,Imbalance,Imbalance,0.9995,1540.6
1D.csv,Imbalance,Imbalance,0.9997,1540.6
1D.csv,Imbalance,Imbalance,0.9997,1540.6
1D.csv,Imbalance,Imbalance,0.9998,1519.0
1D.csv,Imbalance,Imbalance,0.9998,1519.0
1D.csv,Imbalance,Imbalance,0.9997,1519.0
1D.csv,Imbalance,Imbalance,0.9998,1519.0
1D.csv,Imbalance,Imbalance,0.9993,1541.4
1D.csv,Imbalance,Imbalance,0.9995,1541.4
1D.csv,Imbalance,Imbalance,0.9995,1541.4
1D.csv,Imbalance,Imbalance,0.9996,1541.4
1D.csv,Imbalance,Imbalance,0.9991,1531.1
1D.csv,Imbalance,Imbalance,0.9995,1531.1
1D.csv,Imbalance,Imbalance,0.9990,1531.1
1D.csv,Imbalance,Imbalance,0.9992,1531.1
1D.csv,Imbalance,Imbalance,0.9997,1556.2
1D.csv,Imbalance,Imbalance,0.9995,1556.2
1D.csv,Imbalance,Imbalance,0.9995,1556.2
1D.csv,Imbalance,Imbalance,0.9979,1556.2
1D.csv,Imbalance,Imbalance,0.9995,1548.2
1D.csv,Imbalance,Imbalance,0.9989,1548.2
1D.csv,Imbalance,Imbalance,0.9990,1548.2
1D.csv,Imbalance,Imbalance,0.9995,1548.2
1D.csv,Imbalance,Imbalance,0.9992,1542.1
1D.csv,Imbalance,Imbalance,0.9995,1542.1
1D.csv,Imbalance,Imbalance,0.9993,1542.1
1D.csv,Imbalance,Imbalance,0.9990,1542.1
1D.csv,Imbalance,Imbalance,0.9988,1560.0
1D.csv,Imbalance,Imbalance,0.9995,1560.0
1D.csv,Imbalance,Imbalance,0.9985,1560.0
1D.csv,Imbalance,Imbalance,0.9996,1560.0
1D.csv,Imbalance,Imbalance,0.9990,1571.8
1D.csv,Imbalance,Imbalance,0.9994,1571.8
1D.csv,Imbalance,Imbalance,0.9996,1571.8
1D.csv,Imbalance,Imbalance,0.9993,1571.8
1D.csv,Imbalance,Imbalance,0.9979,1530.3
1D.csv,Imbalance,Imbalance,0.9995,1530.3
1D.csv,Imbalance,Imbalance,0.9976,1530.3
1D.csv,Imbalance,Imbalance,0.9993,1530.3
1D.csv,Imbalance,Imbalance,0.9963,1572.6
1D.csv,Imbalance,Imbalance,0.9978,1572.6
1D.csv,Imbalance,Imbalance,0.9981,1572.6
1D.csv,Imbalance,Imbalance,0.9978,1572.6
1D.csv,Imbalance,Imbalance,0.9988,1530.1
1D.csv,Imbalance,Imbalance,0.9916,1530.1
1D.csv,Imbalance,Imbalance,0.9931,1530.1
1D.csv,Imbalance,Imbalance,0.9989,1530.1
1D.csv,Imbalance,Imbalance,0.9985,1564.0
1D.csv,Imbalance,Imbalance,0.9966,1564.0
1D.csv,Imbalance,Imbalance,0.9985,1564.0
1D.csv,Imbalance,Imbalance,0.9988,1564.0
1D.csv,Imbalance,Imbalance,0.9987,1581.2
1D.csv,Imbalance,Imbalance,0.9997,1581.2
1D.csv,Imbalance,Imbalance,0.9912,1581.2
1D.csv,Imbalance,Imbalance,0.9973,1581.2
1D.csv,Imbalance,Imbalance,0.9992,1546.6
1D.csv,Imbalance,Imbalance,0.9992,1546.6
1D.csv,Imbalance,Imbalance,0.9983,1546.6
1D.csv,Imbalance,Imbalance,0.9993,1546.6
1D.csv,Imbalance,Imbalance,0.9991,1576.7
1D.csv,Imbalance,Imbalance,0.9988,1576.7
1D.csv,Imbalance,Imbalance,0.9967,1576.7
1D.csv,Imbalance,Imbalance,0.9990,1576.7
1D.csv,Imbalance,Imbalance,0.9990,1571.1
1D.csv,Imbalance,Imbalance,0.9960,1571.1
1D.csv,Imbalance,Imbalance,0.9932,1571.1
1D.csv,Imbalance,Imbalance,0.9958,1571.1
1D.csv,Imbalance,Imbalance,0.9985,1580.6
1D.csv,Imbalance,Imbalance,0.9888,1580.6
1D.csv,Imbalance,Imbalance,0.9990,1580.6
1D.csv,Imbalance,Imbalance,0.9947,1580.6
1D.csv,Imbalance,Imbalance,0.9943,1588.0
1D.csv,Imbalance,Imbalance,0.9974,1588.0
1D.csv,Imbalance,Imbalance,0.9974,1588.0
1D.csv,Imbalance,Imbalance,0.9985,1588.0
1D.csv,Imbalance,Imbalance,0.9904,1574.6
1D.csv,Imbalance,Imbalance,0.9984,1574.6
1D.csv,Imbalance,Imbalance,0.9967,1574.6
1D.csv,Imbalance,Imbalance,0.9938,1574.6
1D.csv,Imbalance,Imbalance,0.9845,1585.3
1D.csv,Imbalance,Imbalance,0.9934,1585.3
1D.csv,Imbalance,Imbalance,0.9946,1585.3
1D.csv,Imbalance,Imbalance,0.9894,1585.3
1D.csv,Imbalance,Imbalance,0.9845,1594.4
1D.csv,Imbalance,Imbalance,0.9959,1594.4
1D.csv,Imbalance,Imbalance,0.9840,1594.4
1D.csv,Imbalance,Imbalance,0.9950,1594.4
1D.csv,Imbalance,Imbalance,0.9919,1584.6
1D.csv,Imbalance,Imbalance,0.9937,1584.6
1D.csv,Imbalance,Imbalance,0.9886,1584.6
1D.csv,Imbalance,Imbalance,0.9985,1584.6
1D.csv,Imbalance,Imbalance,0.9904,1597.6
1D.csv,Imbalance,Imbalance,0.9653,1597.6
1D.csv,Imbalance,Imbalance,0.9466,1597.6
1D.csv,Imbalance,Imbalance,0.9911,1597.6
1D.csv,Imbalance,Imbalance,0.9894,1604.2
1D.csv,Imbalance,Imbalance,0.9815,1604.2
1D.csv,Imbalance,Imbalance,0.9650,1604.2
1D.csv,Imbalance,Imbalance,0.9963,1604.2
1D.csv,Imbalance,Imbalance,0.9044,1595.7
1D.csv,Imbalance,Imbalance,0.9382,1595.7
1D.csv,Imbalance,Imbalance,0.9860,1595.7
1D.csv,Imbalance,Imbalance,0.9222,1595.7
1D.csv,Imbalance,Imbalance,0.9921,1594.9
1D.csv,Imbalance,Imbalance,0.9282,1594.9
1D.csv,Imbalance,Imbalance,0.9756,1594.9
1D.csv,Imbalance,Imbalance,0.9838,1594.9
1D.csv,Imbalance,Imbalance,0.9837,1599.8
1D.csv,Imbalance,Imbalance,0.9674,1599.8
1D.csv,Imbalance,Imbalance,0.9248,1599.8
1D.csv,Imbalance,Imbalance,0.9388,1599.8
1D.csv,Imbalance,Imbalance,0.9380,1616.0
1D.csv,Imbalance,Imbalance,0.9699,1616.0
1D.csv,Imbalance,Imbalance,0.9943,1616.0
1D.csv,Imbalance,Imbalance,0.9609,1616.0
1D.csv,Imbalance,Imbalance,0.8626,1614.7
1D.csv,Imbalance,Imbalance,0.9769,1614.7
1D.csv,Imbalance,Imbalance,0.9805,1614.7
1D.csv,Imbalance,Imbalance,0.9798,1614.7
1D.csv,Imbalance,Imbalance,0.8556,1605.9
1D.csv,Imbalance,Imbalance,0.9443,1605.9
1D.csv,Imbalance,Imbalance,0.9345,1605.9
1D.csv,Imbalance,Imbalance,0.9282,1605.9
1D.csv,Imbalance,Imbalance,0.9856,1610.5
1D.csv,Imbalance,Imbalance,0.9827,1610.5
1D.csv,Imbalance,Imbalance,0.9302,1610.5
1D.csv,Imbalance,Imbalance,0.9266,1610.5
1D.csv,Imbalance,Imbalance,0.9369,1648.2
1D.csv,Imbalance,Imbalance,0.9752,1648.2
1D.csv,Imbalance,Imbalance,0.9013,1648.2
1D.csv,Imbalance,Imbalance,0.6918,1648.2
1D.csv,Imbalance,Imbalance,0.8864,1627.5
1D.csv,Imbalance,Imbalance,0.8686,1627.5
1D.csv,Imbalance,Imbalance,0.8711,1627.5
1D.csv,Imbalance,Imbalance,0.9148,1627.5
1D.csv,Imbalance,Imbalance,0.9848,1617.1
1D.csv,Imbalance,Imbalance,0.8417,1617.1
1D.csv,Imbalance,Imbalance,0.7739,1617.1
1D.csv,Imbalance,Imbalance,0.9079,1617.1
1D.csv,Imbalance,Imbalance,0.9292,1593.4
1D.csv,Imbalance,Imbalance,0.9812,1593.4
1D.csv,Imbalance,Imbalance,0.6744,1593.4
1D.csv,Imbalance,Imbalance,0.8415,1593.4
1D.csv,Imbalance,Imbalance,0.9162,1636.6
1D.csv,Imbalance,Bearing,0.7848,1636.6
1D.csv,Imbalance,Imbalance,0.7480,1636.6
1D.csv,Imbalance,Imbalance,0.8597,1636.6
1D.csv,Imbalance,Imbalance,0.7388,1632.7
1D.csv,Imbalance,Imbalance,0.7752,1632.7
1D.csv,Imbalance,Imbalance,0.7358,1632.7
1D.csv,Imbalance,Imbalance,0.8360,1632.7
1D.csv,Imbalance,Imbalance,0.6661,1623.7
1D.csv,Imbalance,Imbalance,0.8249,1623.7
1D.csv,Imbalance,Imbalance,0.6363,1623.7
1D.csv,Imbalance,Imbalance,0.9256,1623.7
1D.csv,Imbalance,Imbalance,0.7194,1640.3
1D.csv,Imbalance,Bearing,0.6419,1640.3
1D.csv,Imbalance,Bearing,0.5247,1640.3
1D.csv,Imbalance,Bearing,0.5359,1640.3
1D.csv,Imbalance,Bearing,0.5554,1636.9
1D.csv,Imbalance,Bearing,0.8072,1636.9
1D.csv,Imbalance,Bearing,0.9395,1636.9
1D.csv,Imbalance,Bearing,0.7367,1636.9
1D.csv,Imbalance,Bearing,0.7633,1644.3
1D.csv,Imbalance,Bearing,0.5629,1644.3
1D.csv,Imbalance,Bearing,0.8623,1644.3
1D.csv,Imbalance,Imbalance,0.7515,1644.3
1D.csv,Imbalance,Bearing,0.7910,1637.1
1D.csv,Imbalance,Bearing,0.9442,1637.1
1D.csv,Imbalance,Bearing,0.6485,1637.1
1D.csv,Imbalance,Bearing,0.9002,1637.1
1D.csv,Imbalance,Bearing,0.9635,1637.9
1D.csv,Imbalance,Imbalance,0.6908,1637.9
1D.csv,Imbalance,Imbalance,0.8683,1637.9
1D.csv,Imbalance,Imbalance,0.7958,1637.9
1D.csv,Imbalance,Bearing,0.5339,1654.5
1D.csv,Imbalance,Imbalance,0.5791,1654.5
1D.csv,Imbalance,Imbalance,0.8545,1654.5
1D.csv,Imbalance,Imbalance,0.6417,1654.5
1D.csv,Imbalance,Imbalance,0.9832,1672.8
1D.csv,Imbalance,Imbalance,0.5864,1672.8
1D.csv,Imbalance,Imbalance,0.8398,1672.8
1D.csv,Imbalance,Bearing,0.7924,1672.8
1D.csv,Imbalance,Bearing,0.5560,1668.2
1D.csv,Imbalance,Bearing,0.5745,1668.2
1D.csv,Imbalance,Bearing,0.6627,1668.2
1D.csv,Imbalance,Imbalance,0.8805,1668.2
1D.csv,Imbalance,Imbalance,0.8736,1662.2
1D.csv,Imbalance,Imbalance,0.6444,1662.2
1D.csv,Imbalance,Imbalance,0.8770,1662.2
1D.csv,Imbalance,Imbalance,0.8260,1662.2
1D.csv,Imbalance,Imbalance,0.7646,1668.4
1D.csv,Imbalance,Imbalance,0.7817,1668.4
1D.csv,Imbalance,Bearing,0.5309,1668.4
1D.csv,Imbalance,Imbalance,0.5851,1668.4
1D.csv,Imbalance,Imbalance,0.6336,1659.3
1D.csv,Imbalance,Imbalance,0.9363,1659.3
1D.csv,Imbalance,Imbalance,0.5554,1659.3
1D.csv,Imbalance,Imbalance,0.6848,1659.3
1D.csv,Imbalance,Imbalance,0.9279,1653.6
1D.csv,Imbalance,Bearing,0.5234,1653.6
1D.csv,Imbalance,Imbalance,0.7568,1653.6
1D.csv,Imbalance,Imbalance,0.9637,1653.6
1D.csv,Imbalance,Imbalance,0.6413,1678.2
1D.csv,Imbalance,Imbalance,0.7077,1678.2
1D.csv,Imbalance,Imbalance,0.9066,1678.2
1D.csv,Imbalance,Imbalance,0.6357,1678.2
1D.csv,Imbalance,Imbalance,0.9689,1651.4
1D.csv,Imbalance,Imbalance,0.9235,1651.4
1D.csv,Imbalance,Imbalance,0.9533,1651.4
1D.csv,Imbalance,Imbalance,0.9634,1651.4
1D.csv,Imbalance,Imbalance,0.7843,1679.1
1D.csv,Imbalance,Imbalance,0.8229,1679.1
1D.csv,Imbalance,Imbalance,0.7138,1679.1
1D.csv,Imbalance,Imbalance,0.5989,1679.1
1D.csv,Imbalance,Imbalance,0.5947,1678.7
1D.csv,Imbalance,Imbalance,0.7404,1678.7
1D.csv,Imbalance,Imbalance,0.7960,1678.7
1D.csv,Imbalance,Imbalance,0.8780,1678.7
1D.csv,Imbalance,Imbalance,0.8309,1674.0
1D.csv,Imbalance,Bearing,0.5112,1674.0
1D.csv,Imbalance,Bearing,0.5105,1674.0
1D.csv,Imbalance,Imbalance,0.9404,1674.0
1D.csv,Imbalance,Imbalance,0.7884,1655.5
1D.csv,Imbalance,Imbalance,0.8894,1655.5
1D.csv,Imbalance,Imbalance,0.9431,1655.5
1D.csv,Imbalance,Imbalance,0.9163,1655.5
1D.csv,Imbalance,Imbalance,0.8611,1642.6
1D.csv,Imbalance,Imbalance,0.7451,1642.6
1D.csv,Imbalance,Imbalance,0.6958,1642.6
1D.csv,Imbalance,Imbalance,0.9630,1642.6
1D.csv,Imbalance,Imbalance,0.6688,1641.3
1D.csv,Imbalance,Imbalance,0.8791,1641.3
1D.csv,Imbalance,Imbalance,0.9888,1641.3
1D.csv,Imbalance,Imbalance,0.9050,1641.3
1D.csv,Imbalance,Imbalance,0.7401,1685.7
1D.csv,Imbalance,Imbalance,0.6362,1685.7
1D.csv,Imbalance,Imbalance,0.5095,1685.7
1D.csv,Imbalance,Imbalance,0.5495,1685.7
1D.csv,Imbalance,Imbalance,0.8745,1687.1
1D.csv,Imbalance,Imbalance,0.8769,1687.1
1D.csv,Imbalance,Imbalance,0.6628,1687.1
1D.csv,Imbalance,Imbalance,0.9553,1687.1
1D.csv,Imbalance,Imbalance,0.7526,1686.2
1D.csv,Imbalance,Imbalance,0.7582,1686.2
1D.csv,Imbalance,Imbalance,0.7772,1686.2
1D.csv,Imbalance,Imbalance,0.9132,1686.2
1D.csv,Imbalance,Imbalance,0.7621,1686.2
1D.csv,Imbalance,Imbalance,0.9577,1686.2
1D.csv,Imbalance,Imbalance,0.7503,1686.2
1D.csv,Imbalance,Imbalance,0.8412,1686.2
1D.csv,Imbalance,Imbalance,0.9341,1694.6
1D.csv,Imbalance,Imbalance,0.9187,1694.6
1D.csv,Imbalance,Imbalance,0.6855,1694.6
1D.csv,Imbalance,Bearing,0.5231,1694.6
1D.csv,Imbalance,Imbalance,0.8407,1712.1
1D.csv,Imbalance,Imbalance,0.7672,1712.1
1D.csv,Imbalance,Imbalance,0.9097,1712.1
1D.csv,Imbalance,Bearing,0.5577,1712.1
1D.csv,Imbalance,Imbalance,0.7975,1696.5
1D.csv,Imbalance,Imbalance,0.8980,1696.5
1D.csv,Imbalance,Imbalance,0.5952,1696.5
1D.csv,Imbalance,Imbalance,0.7964,1696.5
1D.csv,Imbalance,Imbalance,0.5704,1710.7
1D.csv,Imbalance,Bearing,0.5957,1710.7
1D.csv,Imbalance,Imbalance,0.9420,1710.7
1D.csv,Imbalance,Imbalance,0.7543,1710.7
1D.csv,Imbalance,Imbalance,0.8428,1700.0
1D.csv,Imbalance,Imbalance,0.5142,1700.0
1D.csv,Imbalance,Imbalance,0.5958,1700.0
1D.csv,Imbalance,Bearing,0.6441,1700.0
1D.csv,Imbalance,Imbalance,0.9274,1711.7
1D.csv,Imbalance,Imbalance,0.8604,1711.7
1D.csv,Imbalance,Imbalance,0.6054,1711.7
1D.csv,Imbalance,Imbalance,0.6659,1711.7
1D.csv,Imbalance,Imbalance,0.6445,1706.1
1D.csv,Imbalance,Imbalance,0.8956,1706.1
1D.csv,Imbalance,Imbalance,0.8412,1706.1
1D.csv,Imbalance,Bearing,0.6548,1706.1
1D.csv,Imbalance,Imbalance,0.6617,1727.5
1D.csv,Imbalance,Imbalance,0.7919,1727.5
1D.csv,Imbalance,Imbalance,0.5394,1727.5
1D.csv,Imbalance,Bearing,0.5893,1727.5
1D.csv,Imbalance,Bearing,0.5090,1710.8
1D.csv,Imbalance,Imbalance,0.8724,1710.8
1D.csv,Imbalance,Imbalance,0.5002,1710.8
1D.csv,Imbalance,Imbalance,0.9199,1710.8
1D.csv,Imbalance,Imbalance,0.8301,1730.9
1D.csv,Imbalance,Imbalance,0.7672,1730.9
1D.csv,Imbalance,Imbalance,0.6551,1730.9
1D.csv,Imbalance,Imbalance,0.6921,1730.9
1D.csv,Imbalance,Imbalance,0.8934,1718.2
1D.csv,Imbalance,Imbalance,0.7008,1718.2
1D.csv,Imbalance,Imbalance,0.8006,1718.2
1D.csv,Imbalance,Imbalance,0.8941,1718.2
1D.csv,Imbalance,Imbalance,0.8960,1722.0
1D.csv,Imbalance,Imbalance,0.7483,1722.0
1D.csv,Imbalance,Imbalance,0.8954,1722.0
1D.csv,Imbalance,Bearing,0.5870,1722.0
1D.csv,Imbalance,Imbalance,0.9020,1741.4
1D.csv,Imbalance,Imbalance,0.7874,1741.4
1D.csv,Imbalance,Imbalance,0.6515,1741.4
1D.csv,Imbalance,Imbalance,0.6202,1741.4
1D.csv,Imbalance,Bearing,0.6700,1749.6
1D.csv,Imbalance,Imbalance,0.5495,1749.6
1D.csv,Imbalance,Bearing,0.7116,1749.6
1D.csv,Imbalance,Imbalance,0.5623,1749.6
1D.csv,Imbalance,Imbalance,0.8111,1723.5
1D.csv,Imbalance,Imbalance,0.8512,1723.5
1D.csv,Imbalance,Imbalance,0.7402,1723.5
1D.csv,Imbalance,Imbalance,0.8319,1723.5
1D.csv,Imbalance,Bearing,0.6173,1753.1
1D.csv,Imbalance,Imbalance,0.7145,1753.1
1D.csv,Imbalance,Imbalance,0.5742,1753.1
1D.csv,Imbalance,Bearing,0.5672,1753.1
1D.csv,Imbalance,Imbalance,0.8860,1707.3
1D.csv,Imbalance,Imbalance,0.7147,1707.3
1D.csv,Imbalance,Bearing,0.6983,1707.3
1D.csv,Imbalance,Imbalance,0.5636,1707.3
1D.csv,Imbalance,Bearing,0.5453,1745.0
1D.csv,Imbalance,Imbalance,0.6907,1745.0
1D.csv,Imbalance,Imbalance,0.6766,1745.0
1D.csv,Imbalance,Imbalance,0.7430,1745.0
1D.csv,Imbalance,Imbalance,0.6338,1762.4
1D.csv,Imbalance,Imbalance,0.6866,1762.4
1D.csv,Imbalance,Bearing,0.7694,1762.4
1D.csv,Imbalance,Imbalance,0.5406,1762.4
1D.csv,Imbalance,Imbalance,0.7166,1724.8
1D.csv,Imbalance,Imbalance,0.7483,1724.8
1D.csv,Imbalance,Imbalance,0.6843,1724.8
1D.csv,Imbalance,Imbalance,0.8154,1724.8
1D.csv,Imbalance,Imbalance,0.5453,1758.2
1D.csv,Imbalance,Imbalance,0.5465,1758.2
1D.csv,Imbalance,Imbalance,0.5889,1758.2
1D.csv,Imbalance,Imbalance,0.5421,1758.2
1D.csv,Imbalance,Imbalance,0.6087,1759.8
1D.csv,Imbalance,Imbalance,0.5214,1759.8
1D.csv,Imbalance,Imbalance,0.8445,1759.8
1D.csv,Imbalance,Bearing,0.5285,1759.8
1D.csv,Imbalance,Imbalance,0.7347,1770.3
1D.csv,Imbalance,Imbalance,0.7709,1770.3
1D.csv,Imbalance,Imbalance,0.5075,1770.3
1D.csv,Imbalance,Bearing,0.6413,1770.3
1D.csv,Imbalance,Bearing,0.7107,1754.2
1D.csv,Imbalance,Bearing,0.7713,1754.2
1D.csv,Imbalance,Bearing,0.6578,1754.2
1D.csv,Imbalance,Imbalance,0.6473,1754.2
1D.csv,Imbalance,Imbalance,0.5184,1753.6
1D.csv,Imbalance,Imbalance,0.7084,1753.6
1D.csv,Imbalance,Bearing,0.6595,1753.6
1D.csv,Imbalance,Imbalance,0.5784,1753.6
1D.csv,Imbalance,Bearing,0.5964,1779.0
1D.csv,Imbalance,Bearing,0.5848,1779.0
1D.csv,Imbalance,Bearing,0.7903,1779.0
1D.csv,Imbalance,Imbalance,0.5644,1779.0
1D.csv,Imbalance,Bearing,0.5948,1759.6
1D.csv,Imbalance,Bearing,0.6534,1759.6
1D.csv,Imbalance,Bearing,0.8160,1759.6
1D.csv,Imbalance,Bearing,0.6771,1759.6
1D.csv,Imbalance,Bearing,0.7048,1764.4
1D.csv,Imbalance,Bearing,0.7941,1764.4
1D.csv,Imbalance,Bearing,0.6764,1764.4
1D.csv,Imbalance,Bearing,0.6936,1764.4
1D.csv,Imbalance,Bearing,0.5605,1789.6
1D.csv,Imbalance,Bearing,0.5916,1789.6
1D.csv,Imbalance,Bearing,0.8576,1789.6
1D.csv,Imbalance,Bearing,0.6686,1789.6
1D.csv,Imbalance,Imbalance,0.5137,1786.9
1D.csv,Imbalance,Bearing,0.7325,1786.9
1D.csv,Imbalance,Imbalance,0.6369,1786.9
1D.csv,Imbalance,Bearing,0.6345,1786.9
1D.csv,Imbalance,Bearing,0.6628,1776.3
1D.csv,Imbalance,Bearing,0.6473,1776.3
1D.csv,Imbalance,Imbalance,0.5510,1776.3
1D.csv,Imbalance,Bearing,0.9192,1776.3
1D.csv,Imbalance,Bearing,0.6404,1774.7
1D.csv,Imbalance,Bearing,0.7300,1774.7
1D.csv,Imbalance,Imbalance,0.5763,1774.7
1D.csv,Imbalance,Bearing,0.5331,1774.7
1D.csv,Imbalance,Imbalance,0.6434,1775.0
1D.csv,Imbalance,Bearing,0.8433,1775.0
1D.csv,Imbalance,Bearing,0.6850,1775.0
1D.csv,Imbalance,Bearing,0.7488,1775.0
1D.csv,Imbalance,Bearing,0.8158,1795.9
1D.csv,Imbalance,Bearing,0.7142,1795.9
1D.csv,Imbalance,Bearing,0.8902,1795.9
1D.csv,Imbalance,Bearing,0.7609,1795.9
1D.csv,Imbalance,Bearing,0.8098,1796.8
1D.csv,Imbalance,Bearing,0.8097,1796.8
1D.csv,Imbalance,Bearing,0.9275,1796.8
1D.csv,Imbalance,Bearing,0.8646,1796.8
1D.csv,Imbalance,Bearing,0.7670,1787.8
1D.csv,Imbalance,Bearing,0.5958,1787.8
1D.csv,Imbalance,Bearing,0.9089,1787.8
1D.csv,Imbalance,Bearing,0.9152,1787.8
1D.csv,Imbalance,Bearing,0.9244,1775.2
1D.csv,Imbalance,Bearing,0.7986,1775.2
1D.csv,Imbalance,Bearing,0.9140,1775.2
1D.csv,Imbalance,Bearing,0.8355,1775.2
1D.csv,Imbalance,Bearing,0.6312,1801.7
1D.csv,Imbalance,Bearing,0.7772,1801.7
1D.csv,Imbalance,Bearing,0.6972,1801.7
1D.csv,Imbalance,Bearing,0.8602,1801.7
1D.csv,Imbalance,Bearing,0.8737,1831.7
1D.csv,Imbalance,Bearing,0.6194,1831.7
1D.csv,Imbalance,Bearing,0.8451,1831.7
1D.csv,Imbalance,Bearing,0.9385,1831.7
1D.csv,Imbalance,Bearing,0.9302,1822.8
1D.csv,Imbalance,Bearing,0.6713,1822.8
1D.csv,Imbalance,Bearing,0.8980,1822.8
1D.csv,Imbalance,Bearing,0.9171,1822.8
1D.csv,Imbalance,Bearing,0.9051,1816.6
1D.csv,Imbalance,Bearing,0.5635,1816.6
1D.csv,Imbalance,Bearing,0.9375,1816.6
1D.csv,Imbalance,Bearing,0.9104,1816.6
1D.csv,Imbalance,Bearing,0.8705,1806.5
1D.csv,Imbalance,Bearing,0.9140,1806.5
1D.csv,Imbalance,Bearing,0.6742,1806.5
1D.csv,Imbalance,Bearing,0.6960,1806.5
1D.csv,Imbalance,Bearing,0.9459,1820.7
1D.csv,Imbalance,Bearing,0.8625,1820.7
1D.csv,Imbalance,Bearing,0.9134,1820.7
1D.csv,Imbalance,Bearing,0.7548,1820.7
1D.csv,Imbalance,Imbalance,0.5110,1817.3
1D.csv,Imbalance,Bearing,0.8210,1817.3
1D.csv,Imbalance,Bearing,0.7836,1817.3
1D.csv,Imbalance,Bearing,0.9096,1817.3
1D.csv,Imbalance,Bearing,0.9294,1812.4
1D.csv,Imbalance,Bearing,0.7305,1812.4
1D.csv,Imbalance,Bearing,0.9275,1812.4
1D.csv,Imbalance,Bearing,0.8690,1812.4
1D.csv,Imbalance,Bearing,0.7858,1812.4
1D.csv,Imbalance,Bearing,0.8703,1812.4
1D.csv,Imbalance,Bearing,0.8540,1812.4
1D.csv,Imbalance,Bearing,0.8581,1812.4
1D.csv,Imbalance,Bearing,0.9728,1817.6
1D.csv,Imbalance,Bearing,0.6770,1817.6
1D.csv,Imbalance,Bearing,0.8879,1817.6
1D.csv,Imbalance,Bearing,0.8710,1817.6
1D.csv,Imbalance,Bearing,0.9172,1812.0
1D.csv,Imbalance,Bearing,0.8089,1812.0
1D.csv,Imbalance,Bearing,0.8093,1812.0
1D.csv,Imbalance,Bearing,0.8540,1812.0
1D.csv,Imbalance,Bearing,0.9725,1832.7
1D.csv,Imbalance,Bearing,0.9132,1832.7
1D.csv,Imbalance,Bearing,0.9848,1832.7
1D.csv,Imbalance,Bearing,0.9149,1832.7
1D.csv,Imbalance,Bearing,0.9272,1854.5
1D.csv,Imbalance,Bearing,0.9458,1854.5
1D.csv,Imbalance,Bearing,0.9632,1854.5
1D.csv,Imbalance,Bearing,0.9832,1854.5
1D.csv,Imbalance,Bearing,0.9863,1849.1
1D.csv,Imbalance,Bearing,0.6623,1849.1
1D.csv,Imbalance,Bearing,0.8620,1849.1
1D.csv,Imbalance,Bearing,0.9447,1849.1
1D.csv,Imbalance,Bearing,0.8925,1855.1
1D.csv,Imbalance,Bearing,0.8848,1855.1
1D.csv,Imbalance,Bearing,0.9738,1855.1
1D.csv,Imbalance,Bearing,0.8869,1855.1
1D.csv,Imbalance,Bearing,0.8347,1854.5
1D.csv,Imbalance,Bearing,0.9851,1854.5
1D.csv,Imbalance,Bearing,0.9963,1854.5
1D.csv,Imbalance,Bearing,0.9795,1854.5
1D.csv,Imbalance,Bearing,0.9739,1840.1
1D.csv,Imbalance,Bearing,0.8994,1840.1
1D.csv,Imbalance,Bearing,0.8503,1840.1
1D.csv,Imbalance,Bearing,0.9002,1840.1
1D.csv,Imbalance,Bearing,0.5423,1850.6
1D.csv,Imbalance,Bearing,0.8433,1850.6
1D.csv,Imbalance,Bearing,0.8749,1850.6
1D.csv,Imbalance,Bearing,0.6792,1850.6
1D.csv,Imbalance,Bearing,0.9110,1839.6
1D.csv,Imbalance,Bearing,0.9212,1839.6
1D.csv,Imbalance,Bearing,0.8760,1839.6
1D.csv,Imbalance,Bearing,0.8947,1839.6
1D.csv,Imbalance,Bearing,0.8819,1839.3
1D.csv,Imbalance,Bearing,0.8516,1839.3
1D.csv,Imbalance,Bearing,0.9912,1839.3
1D.csv,Imbalance,Bearing,0.8911,1839.3
1D.csv,Imbalance,Bearing,0.9191,1850.4
1D.csv,Imbalance,Bearing,0.8854,1850.4
1D.csv,Imbalance,Bearing,0.8509,1850.4
1D.csv,Imbalance,Bearing,0.8798,1850.4
1D.csv,Imbalance,Bearing,0.7866,1849.8
1D.csv,Imbalance,Bearing,0.6766,1849.8
1D.csv,Imbalance,Bearing,0.9507,1849.8
1D.csv,Imbalance,Bearing,0.7957,1849.8
1D.csv,Imbalance,Bearing,0.6489,1843.3
1D.csv,Imbalance,Bearing,0.8940,1843.3
1D.csv,Imbalance,Bearing,0.6656,1843.3
1D.csv,Imbalance,Bearing,0.9111,1843.3
1D.csv,Imbalance,Bearing,0.9856,1875.7
1D.csv,Imbalance,Bearing,0.9869,1875.7
1D.csv,Imbalance,Bearing,0.9704,1875.7
1D.csv,Imbalance,Bearing,0.9187,1875.7
1D.csv,Imbalance,Bearing,0.9886,1883.0
1D.csv,Imbalance,Bearing,0.9979,1883.0
1D.csv,Imbalance,Bearing,0.9975,1883.0
1D.csv,Imbalance,Bearing,0.9885,1883.0
1D.csv,Imbalance,Bearing,0.9953,1897.3
1D.csv,Imbalance,Bearing,0.9944,1897.3
1D.csv,Imbalance,Bearing,0.9935,1897.3
1D.csv,Imbalance,Bearing,0.9826,1897.3
1D.csv,Imbalance,Bearing,0.9842,1895.7
1D.csv,Imbalance,Bearing,0.9853,1895.7
1D.csv,Imbalance,Bearing,0.9968,1895.7
1D.csv,Imbalance,Bearing,0.9924,1895.7
1D.csv,Imbalance,Bearing,0.9864,1848.7
1D.csv,Imbalance,Bearing,0.9257,1848.7
1D.csv,Imbalance,Bearing,0.9808,1848.7
1D.csv,Imbalance,Bearing,0.9923,1848.7
1D.csv,Imbalance,Bearing,0.9972,1881.9
1D.csv,Imbalance,Bearing,0.9985,1881.9
1D.csv,Imbalance,Bearing,0.9987,1881.9
1D.csv,Imbalance,Bearing,0.9986,1881.9
1D.csv,Imbalance,Bearing,0.9922,1880.8
1D.csv,Imbalance,Bearing,0.9990,1880.8
1D.csv,Imbalance,Bearing,0.9983,1880.8
1D.csv,Imbalance,Bearing,0.9872,1880.8
1D.csv,Imbalance,Bearing,0.9978,1881.5
1D.csv,Imbalance,Bearing,0.9890,1881.5
1D.csv,Imbalance,Bearing,0.9932,1881.5
1D.csv,Imbalance,Bearing,0.9895,1881.5
1D.csv,Imbalance,Bearing,0.9960,1869.5
1D.csv,Imbalance,Bearing,0.9903,1869.5
1D.csv,Imbalance,Bearing,0.9901,1869.5
1D.csv,Imbalance,Bearing,0.9704,1869.5
1D.csv,Imbalance,Bearing,0.9875,1876.2
1D.csv,Imbalance,Bearing,0.9599,1876.2
1D.csv,Imbalance,Bearing,0.9853,1876.2
1D.csv,Imbalance,Bearing,0.9990,1876.2
1D.csv,Imbalance,Bearing,0.9110,1882.0
1D.csv,Imbalance,Bearing,0.9967,1882.0
1D.csv,Imbalance,Bearing,0.9783,1882.0
1D.csv,Imbalance,Bearing,0.9939,1882.0
1D.csv,Imbalance,Bearing,0.9934,1892.7
1D.csv,Imbalance,Bearing,0.9911,1892.7
1D.csv,Imbalance,Bearing,0.9970,1892.7
1D.csv,Imbalance,Bearing,0.9929,1892.7
1D.csv,Imbalance,Bearing,0.9928,1896.2
1D.csv,Imbalance,Bearing,0.9986,1896.2
1D.csv,Imbalance,Bearing,0.9872,1896.2
1D.csv,Imbalance,Bearing,0.9966,1896.2
1D.csv,Imbalance,Bearing,0.9902,1875.6
1D.csv,Imbalance,Bearing,0.9603,1875.6
1D.csv,Imbalance,Bearing,0.9927,1875.6
1D.csv,Imbalance,Bearing,0.9965,1875.6
1D.csv,Imbalance,Bearing,0.9961,1902.5
1D.csv,Imbalance,Bearing,0.9738,1902.5
1D.csv,Imbalance,Bearing,0.9955,1902.5
1D.csv,Imbalance,Bearing,0.9948,1902.5
1D.csv,Imbalance,Bearing,0.9999,2228.5
1D.csv,Imbalance,Bearing,0.9996,2228.5
1D.csv,Imbalance,Bearing,0.9985,2228.5
1D.csv,Imbalance,Bearing,0.9992,2228.5
1D.csv,Imbalance,Bearing,0.9966,1906.9
1D.csv,Imbalance,Bearing,0.9732,1906.9
1D.csv,Imbalance,Bearing,0.9871,1906.9
1D.csv,Imbalance,Bearing,0.9267,1906.9
1D.csv,Imbalance,Bearing,0.9553,1908.6
1D.csv,Imbalance,Bearing,0.9690,1908.6
1D.csv,Imbalance,Bearing,0.9937,1908.6
1D.csv,Imbalance,Bearing,0.9756,1908.6
1D.csv,Imbalance,Bearing,0.9890,1886.6
1D.csv,Imbalance,Bearing,0.9964,1886.6
1D.csv,Imbalance,Bearing,0.9940,1886.6
1D.csv,Imbalance,Bearing,0.9946,1886.6
1D.csv,Imbalance,Bearing,0.9847,1918.0
1D.csv,Imbalance,Bearing,0.9658,1918.0
1D.csv,Imbalance,Bearing,0.9015,1918.0
1D.csv,Imbalance,Bearing,0.9978,1918.0
1D.csv,Imbalance,Bearing,0.9224,1917.4
1D.csv,Imbalance,Bearing,0.9898,1917.4
1D.csv,Imbalance,Bearing,0.9894,1917.4
1D.csv,Imbalance,Bearing,0.9927,1917.4
1D.csv,Imbalance,Bearing,0.9877,1929.2
1D.csv,Imbalance,Bearing,0.9871,1929.2
1D.csv,Imbalance,Bearing,0.8875,1929.2
1D.csv,Imbalance,Bearing,0.9923,1929.2
1D.csv,Imbalance,Bearing,0.9941,1886.1
1D.csv,Imbalance,Bearing,0.9936,1886.1
1D.csv,Imbalance,Bearing,0.9916,1886.1
1D.csv,Imbalance,Bearing,0.9900,1886.1
1D.csv,Imbalance,Bearing,0.9509,1934.7
1D.csv,Imbalance,Bearing,0.9847,1934.7
1D.csv,Imbalance,Bearing,0.9069,1934.7
1D.csv,Imbalance,Bearing,0.9686,1934.7
1D.csv,Imbalance,Bearing,0.9777,1884.8
1D.csv,Imbalance,Bearing,0.9847,1884.8
1D.csv,Imbalance,Bearing,0.9612,1884.8
1D.csv,Imbalance,Bearing,0.9950,1884.8
1D.csv,Imbalance,Bearing,0.9905,1940.7
1D.csv,Imbalance,Bearing,0.9954,1940.7
1D.csv,Imbalance,Bearing,0.9947,1940.7
1D.csv,Imbalance,Bearing,0.9664,1940.7
1D.csv,Imbalance,Bearing,0.9939,1929.4
1D.csv,Imbalance,Bearing,0.9678,1929.4
1D.csv,Imbalance,Bearing,0.9526,1929.4
1D.csv,Imbalance,Bearing,0.9888,1929.4
1D.csv,Imbalance,Bearing,0.9546,1914.4
1D.csv,Imbalance,Bearing,0.8672,1914.4
1D.csv,Imbalance,Bearing,0.9812,1914.4
1D.csv,Imbalance,Bearing,0.9576,1914.4
1D.csv,Imbalance,Bearing,0.8573,1948.7
1D.csv,Imbalance,Bearing,0.8899,1948.7
1D.csv,Imbalance,Bearing,0.9898,1948.7
1D.csv,Imbalance,Bearing,0.9873,1948.7
1D.csv,Imbalance,Bearing,0.9683,1929.9
1D.csv,Imbalance,Bearing,0.9889,1929.9
1D.csv,Imbalance,Bearing,0.9301,1929.9
1D.csv,Imbalance,Bearing,0.9210,1929.9
1D.csv,Imbalance,Bearing,0.9482,1945.2
1D.csv,Imbalance,Bearing,0.9592,1945.2
1D.csv,Imbalance,Bearing,0.9955,1945.2
1D.csv,Imbalance,Bearing,0.9852,1945.2
1D.csv,Imbalance,Bearing,0.9379,1934.2
1D.csv,Imbalance,Bearing,0.9638,1934.2
1D.csv,Imbalance,Bearing,0.9830,1934.2
1D.csv,Imbalance,Bearing,0.7529,1934.2
1D.csv,Imbalance,Bearing,0.9962,1938.8
1D.csv,Imbalance,Bearing,0.9561,1938.8
1D.csv,Imbalance,Bearing,0.9685,1938.8
1D.csv,Imbalance,Bearing,0.9798,1938.8
1D.csv,Imbalance,Bearing,0.9921,1939.4
1D.csv,Imbalance,Bearing,0.9854,1939.4
1D.csv,Imbalance,Bearing,0.9840,1939.4
1D.csv,Imbalance,Bearing,0.9641,1939.4
1D.csv,Imbalance,Bearing,0.9917,1945.1
1D.csv,Imbalance,Bearing,0.8085,1945.1
1D.csv,Imbalance,Bearing,0.9586,1945.1
1D.csv,Imbalance,Bearing,0.9878,1945.1
1D.csv,Imbalance,Bearing,0.9876,1951.2
1D.csv,Imbalance,Bearing,0.9910,1951.2
1D.csv,Imbalance,Bearing,0.9574,1951.2
1D.csv,Imbalance,Bearing,0.9916,1951.2
1D.csv,Imbalance,Bearing,0.9688,1955.2
1D.csv,Imbalance,Bearing,0.9843,1955.2
1D.csv,Imbalance,Bearing,0.9754,1955.2
1D.csv,Imbalance,Bearing,0.9735,1955.2
1D.csv,Imbalance,Bearing,0.9892,1955.2
1D.csv,Imbalance,Bearing,0.9726,1955.2
1D.csv,Imbalance,Bearing,0.9781,1955.2
1D.csv,Imbalance,Bearing,0.9781,1955.2
1D.csv,Imbalance,Bearing,0.9453,1966.7
1D.csv,Imbalance,Bearing,0.8943,1966.7
1D.csv,Imbalance,Bearing,0.9750,1966.7
1D.csv,Imbalance,Bearing,0.9715,1966.7
1D.csv,Imbalance,Bearing,0.9841,1949.6
1D.csv,Imbalance,Bearing,0.9929,1949.6
1D.csv,Imbalance,Bearing,0.9903,1949.6
1D.csv,Imbalance,Bearing,0.8502,1949.6
1D.csv,Imbalance,Bearing,0.8708,1970.8
1D.csv,Imbalance,Bearing,0.8925,1970.8
1D.csv,Imbalance,Bearing,0.9797,1970.8
1D.csv,Imbalance,Bearing,0.9571,1970.8
1D.csv,Imbalance,Bearing,0.9299,1978.2
1D.csv,Imbalance,Bearing,0.9332,1978.2
1D.csv,Imbalance,Bearing,0.8709,1978.2
1D.csv,Imbalance,Bearing,0.9236,1978.2
1D.csv,Imbalance,Bearing,0.8785,1977.5
1D.csv,Imbalance,Bearing,0.9715,1977.5
1D.csv,Imbalance,Bearing,0.8556,1977.5
1D.csv,Imbalance,Bearing,0.8431,1977.5
1D.csv,Imbalance,Bearing,0.8690,1977.5
1D.csv,Imbalance,Bearing,0.9591,1977.5
1D.csv,Imbalance,Bearing,0.9789,1977.5
1D.csv,Imbalance,Bearing,0.9861,1977.5
1D.csv,Imbalance,Bearing,0.9736,1983.0
1D.csv,Imbalance,Bearing,0.8508,1983.0
1D.csv,Imbalance,Bearing,0.6908,1983.0
1D.csv,Imbalance,Bearing,0.7983,1983.0
1D.csv,Imbalance,Bearing,0.8938,1990.2
1D.csv,Imbalance,Bearing,0.6611,1990.2
1D.csv,Imbalance,Bearing,0.8105,1990.2
1D.csv,Imbalance,Bearing,0.9661,1990.2
1D.csv,Imbalance,Bearing,0.9108,1954.3
1D.csv,Imbalance,Bearing,0.9706,1954.3
1D.csv,Imbalance,Bearing,0.6688,1954.3
1D.csv,Imbalance,Bearing,0.9326,1954.3
1D.csv,Imbalance,Bearing,0.9548,1930.2
1D.csv,Imbalance,Bearing,0.9123,1930.2
1D.csv,Imbalance,Bearing,0.8020,1930.2
1D.csv,Imbalance,Bearing,0.9580,1930.2
1D.csv,Imbalance,Bearing,0.7808,1937.8
1D.csv,Imbalance,Bearing,0.8411,1937.8
1D.csv,Imbalance,Bearing,0.8966,1937.8
1D.csv,Imbalance,Bearing,0.8711,1937.8
1D.csv,Imbalance,Bearing,0.9490,2014.8
1D.csv,Imbalance,Bearing,0.8595,2014.8
1D.csv,Imbalance,Bearing,0.5432,2014.8
1D.csv,Imbalance,Bearing,0.8843,2014.8
1D.csv,Imbalance,Bearing,0.6636,1982.6
1D.csv,Imbalance,Bearing,0.8271,1982.6
1D.csv,Imbalance,Bearing,0.9285,1982.6
1D.csv,Imbalance,Bearing,0.8283,1982.6
1D.csv,Imbalance,Bearing,0.9108,1969.8
1D.csv,Imbalance,Bearing,0.5206,1969.8
1D.csv,Imbalance,Bearing,0.8909,1969.8
1D.csv,Imbalance,Bearing,0.7605,1969.8
1D.csv,Imbalance,Bearing,0.8335,2003.7
1D.csv,Imbalance,Bearing,0.9486,2003.7
1D.csv,Imbalance,Bearing,0.6766,2003.7
1D.csv,Imbalance,Bearing,0.9023,2003.7
1D.csv,Imbalance,Imbalance,0.6015,1997.1
1D.csv,Imbalance,Bearing,0.9236,1997.1
1D.csv,Imbalance,Bearing,0.8230,1997.1
1D.csv,Imbalance,Bearing,0.6695,1997.1
1D.csv,Imbalance,Bearing,0.8786,2009.4
1D.csv,Imbalance,Bearing,0.7366,2009.4
1D.csv,Imbalance,Bearing,0.8100,2009.4
1D.csv,Imbalance,Bearing,0.9202,2009.4
1D.csv,Imbalance,Bearing,0.7824,1998.3
1D.csv,Imbalance,Bearing,0.6657,1998.3
1D.csv,Imbalance,Bearing,0.6899,1998.3
1D.csv,Imbalance,Bearing,0.8458,1998.3
1D.csv,Imbalance,Bearing,0.7792,2003.5
1D.csv,Imbalance,Bearing,0.8052,2003.5
1D.csv,Imbalance,Bearing,0.9133,2003.5
1D.csv,Imbalance,Bearing,0.8139,2003.5
1D.csv,Imbalance,Bearing,0.9203,2015.2
1D.csv,Imbalance,Bearing,0.8220,2015.2
1D.csv,Imbalance,Bearing,0.9062,2015.2
1D.csv,Imbalance,Bearing,0.9653,2015.2
1D.csv,Imbalance,Bearing,0.9683,1997.2
1D.csv,Imbalance,Bearing,0.7041,1997.2
1D.csv,Imbalance,Bearing,0.6729,1997.2
1D.csv,Imbalance,Bearing,0.8901,1997.2
1D.csv,Imbalance,Bearing,0.8646,2014.4
1D.csv,Imbalance,Bearing,0.7391,2014.4
1D.csv,Imbalance,Imbalance,0.5062,2014.4
1D.csv,Imbalance,Bearing,0.7971,2014.4
1D.csv,Imbalance,Bearing,0.9175,2013.2
1D.csv,Imbalance,Bearing,0.9142,2013.2
1D.csv,Imbalance,Imbalance,0.8556,2013.2
1D.csv,Imbalance,Bearing,0.6751,2013.2
1D.csv,Imbalance,Bearing,0.7344,2018.1
1D.csv,Imbalance,Bearing,0.8042,2018.1
1D.csv,Imbalance,Imbalance,0.5403,2018.1
1D.csv,Imbalance,Bearing,0.7101,2018.1
1D.csv,Imbalance,Bearing,0.8638,2012.9
1D.csv,Imbalance,Imbalance,0.5857,2012.9
1D.csv,Imbalance,Imbalance,0.8289,2012.9
1D.csv,Imbalance,Imbalance,0.9415,2012.9
1D.csv,Imbalance,Bearing,0.7913,2030.8
1D.csv,Imbalance,Bearing,0.6734,2030.8
1D.csv,Imbalance,Bearing,0.5346,2030.8
1D.csv,Imbalance,Imbalance,0.7072,2030.8
1D.csv,Imbalance,Imbalance,0.5893,2023.3
1D.csv,Imbalance,Bearing,0.8790,2023.3
1D.csv,Imbalance,Bearing,0.9502,2023.3
1D.csv,Imbalance,Bearing,0.8324,2023.3
1D.csv,Imbalance,Bearing,0.9609,2048.7
1D.csv,Imbalance,Bearing,0.9318,2048.7
1D.csv,Imbalance,Bearing,0.8911,2048.7
1D.csv,Imbalance,Bearing,0.9382,2048.7
1D.csv,Imbalance,Bearing,0.9356,2030.0
1D.csv,Imbalance,Bearing,0.9829,2030.0
1D.csv,Imbalance,Bearing,0.9665,2030.0
1D.csv,Imbalance,Bearing,0.9777,2030.0
1D.csv,Imbalance,Bearing,0.9719,2025.0
1D.csv,Imbalance,Bearing,0.8975,2025.0
1D.csv,Imbalance,Bearing,0.9182,2025.0
1D.csv,Imbalance,Bearing,0.9311,2025.0
1D.csv,Imbalance,Bearing,0.9638,2051.7
1D.csv,Imbalance,Bearing,0.9851,2051.7
1D.csv,Imbalance,Bearing,0.9348,2051.7
1D.csv,Imbalance,Bearing,0.9966,2051.7
1D.csv,Imbalance,Bearing,0.9265,2079.9
1D.csv,Imbalance,Bearing,0.8882,2079.9
1D.csv,Imbalance,Bearing,0.9419,2079.9
1D.csv,Imbalance,Bearing,0.9852,2079.9
1D.csv,Imbalance,Bearing,0.9423,2062.2
1D.csv,Imbalance,Bearing,0.9610,2062.2
1D.csv,Imbalance,Bearing,0.9736,2062.2
1D.csv,Imbalance,Bearing,0.9705,2062.2
1D.csv,Imbalance,Bearing,0.6883,1995.0
1D.csv,Imbalance,Bearing,0.8967,1995.0
1D.csv,Imbalance,Bearing,0.9838,1995.0
1D.csv,Imbalance,Bearing,0.6143,1995.0
1D.csv,Imbalance,Bearing,0.9737,2021.8
1D.csv,Imbalance,Bearing,0.9603,2021.8
1D.csv,Imbalance,Bearing,0.9677,2021.8
1D.csv,Imbalance,Bearing,0.9638,2021.8
1D.csv,Imbalance,Bearing,0.9957,2046.1
1D.csv,Imbalance,Bearing,0.9755,2046.1
1D.csv,Imbalance,Bearing,0.9793,2046.1
1D.csv,Imbalance,Bearing,0.9792,2046.1
1D.csv,Imbalance,Bearing,0.9874,2050.8
1D.csv,Imbalance,Bearing,0.9958,2050.8
1D.csv,Imbalance,Bearing,0.9961,2050.8
1D.csv,Imbalance,Bearing,0.9937,2050.8
1D.csv,Imbalance,Bearing,0.9905,2062.0
1D.csv,Imbalance,Bearing,0.9884,2062.0
1D.csv,Imbalance,Bearing,0.9487,2062.0
1D.csv,Imbalance,Bearing,0.9462,2062.0
1D.csv,Imbalance,Bearing,0.9898,2054.7
1D.csv,Imbalance,Bearing,0.9909,2054.7
1D.csv,Imbalance,Bearing,0.9919,2054.7
1D.csv,Imbalance,Bearing,0.7395,2054.7
1D.csv,Imbalance,Bearing,0.9911,2074.2
1D.csv,Imbalance,Bearing,0.9926,2074.2
1D.csv,Imbalance,Bearing,0.9658,2074.2
1D.csv,Imbalance,Bearing,0.9949,2074.2
1D.csv,Imbalance,Bearing,0.9791,2073.5
1D.csv,Imbalance,Bearing,0.9784,2073.5
1D.csv,Imbalance,Bearing,0.9977,2073.5
1D.csv,Imbalance,Bearing,0.9946,2073.5
1D.csv,Imbalance,Bearing,0.9973,2073.7
1D.csv,Imbalance,Bearing,0.9891,2073.7
1D.csv,Imbalance,Bearing,0.9928,2073.7
1D.csv,Imbalance,Bearing,0.9797,2073.7
1D.csv,Imbalance,Bearing,0.9908,2048.8
1D.csv,Imbalance,Bearing,0.9363,2048.8
1D.csv,Imbalance,Bearing,0.9924,2048.8
1D.csv,Imbalance,Bearing,0.9828,2048.8
1D.csv,Imbalance,Bearing,0.9962,2072.9
1D.csv,Imbalance,Bearing,0.9992,2072.9
1D.csv,Imbalance,Bearing,0.9951,2072.9
1D.csv,Imbalance,Bearing,0.9922,2072.9
1D.csv,Imbalance,Bearing,0.8178,2067.4
1D.csv,Imbalance,Bearing,0.9877,2067.4
1D.csv,Imbalance,Bearing,0.9991,2067.4
1D.csv,Imbalance,Bearing,0.9540,2067.4
1D.csv,Imbalance,Bearing,0.9981,2084.3
1D.csv,Imbalance,Bearing,0.9956,2084.3
1D.csv,Imbalance,Bearing,0.9975,2084.3
1D.csv,Imbalance,Bearing,0.9979,2084.3
1D.csv,Imbalance,Bearing,0.9987,2078.1
1D.csv,Imbalance,Bearing,0.9790,2078.1
1D.csv,Imbalance,Bearing,0.9959,2078.1
1D.csv,Imbalance,Bearing,0.9944,2078.1
1D.csv,Imbalance,Bearing,0.9993,2077.1
1D.csv,Imbalance,Bearing,0.9522,2077.1
1D.csv,Imbalance,Bearing,0.9968,2077.1
1D.csv,Imbalance,Bearing,0.9956,2077.1
1D.csv,Imbalance,Bearing,0.9942,2063.4
1D.csv,Imbalance,Bearing,0.9981,2063.4
1D.csv,Imbalance,Bearing,0.9981,2063.4
1D.csv,Imbalance,Bearing,0.8962,2063.4
1D.csv,Imbalance,Bearing,0.9998,2082.7
1D.csv,Imbalance,Bearing,0.9976,2082.7
1D.csv,Imbalance,Bearing,0.9982,2082.7
1D.csv,Imbalance,Bearing,0.9989,2082.7
1D.csv,Imbalance,Bearing,0.9969,2087.7
1D.csv,Imbalance,Bearing,0.9834,2087.7
1D.csv,Imbalance,Bearing,0.9980,2087.7
1D.csv,Imbalance,Bearing,0.9577,2087.7
1D.csv,Imbalance,Bearing,0.9969,2095.2
1D.csv,Imbalance,Bearing,0.9997,2095.2
1D.csv,Imbalance,Bearing,0.9998,2095.2
1D.csv,Imbalance,Bearing,0.9997,2095.2
1D.csv,Imbalance,Bearing,0.9982,2082.1
1D.csv,Imbalance,Bearing,0.9816,2082.1
1D.csv,Imbalance,Bearing,0.9985,2082.1
1D.csv,Imbalance,Bearing,0.9956,2082.1
1D.csv,Imbalance,Bearing,0.9995,2122.7
1D.csv,Imbalance,Bearing,0.9986,2122.7
1D.csv,Imbalance,Bearing,0.9950,2122.7
1D.csv,Imbalance,Bearing,0.9998,2122.7
1D.csv,Imbalance,Bearing,0.9982,2085.1
1D.csv,Imbalance,Bearing,0.9995,2085.1
1D.csv,Imbalance,Bearing,0.9994,2085.1
1D.csv,Imbalance,Bearing,0.9998,2085.1
1D.csv,Imbalance,Bearing,0.9996,2128.9
1D.csv,Imbalance,Bearing,0.9999,2128.9
1D.csv,Imbalance,Bearing,0.9994,2128.9
1D.csv,Imbalance,Bearing,0.9998,2128.9
1D.csv,Imbalance,Bearing,0.9999,2086.7
1D.csv,Imbalance,Bearing,0.9977,2086.7
1D.csv,Imbalance,Bearing,0.9957,2086.7
1D.csv,Imbalance,Bearing,0.9997,2086.7
1D.csv,Imbalance,Bearing,0.9976,2127.7
1D.csv,Imbalance,Bearing,0.9883,2127.7
1D.csv,Imbalance,Bearing,0.9999,2127.7
1D.csv,Imbalance,Bearing,0.9999,2127.7
1D.csv,Imbalance,Bearing,0.9991,2090.2
1D.csv,Imbalance,Bearing,0.9967,2090.2
1D.csv,Imbalance,Bearing,0.9962,2090.2
1D.csv,Imbalance,Bearing,0.9997,2090.2
1D.csv,Imbalance,Bearing,0.9948,2126.3
1D.csv,Imbalance,Bearing,0.9998,2126.3
1D.csv,Imbalance,Bearing,0.9995,2126.3
1D.csv,Imbalance,Bearing,0.9999,2126.3
1D.csv,Imbalance,Bearing,0.9967,2095.6
1D.csv,Imbalance,Bearing,0.9992,2095.6
1D.csv,Imbalance,Bearing,0.9997,2095.6
1D.csv,Imbalance,Bearing,0.9996,2095.6
1D.csv,Imbalance,Bearing,0.9996,2125.7
1D.csv,Imbalance,Bearing,0.9998,2125.7
1D.csv,Imbalance,Bearing,0.9998,2125.7
1D.csv,Imbalance,Bearing,0.9996,2125.7
1D.csv,Imbalance,Bearing,0.9985,2119.6
1D.csv,Imbalance,Bearing,0.9999,2119.6
1D.csv,Imbalance,Bearing,0.9998,2119.6
1D.csv,Imbalance,Bearing,0.9994,2119.6
1D.csv,Imbalance,Bearing,0.9998,2120.9
1D.csv,Imbalance,Bearing,0.9998,2120.9
1D.csv,Imbalance,Bearing,0.9989,2120.9
1D.csv,Imbalance,Bearing,0.9997,2120.9
1D.csv,Imbalance,Bearing,0.9997,2155.2
1D.csv,Imbalance,Bearing,0.9950,2155.2
1D.csv,Imbalance,Bearing,0.9999,2155.2
1D.csv,Imbalance,Bearing,0.9999,2155.2
1D.csv,Imbalance,Bearing,0.9988,2106.8
1D.csv,Imbalance,Bearing,0.9986,2106.8
1D.csv,Imbalance,Bearing,0.9989,2106.8
1D.csv,Imbalance,Bearing,0.9973,2106.8
1D.csv,Imbalance,Bearing,0.9999,2154.3
1D.csv,Imbalance,Bearing,0.9988,2154.3
1D.csv,Imbalance,Bearing,0.9994,2154.3
1D.csv,Imbalance,Bearing,0.9998,2154.3
1D.csv,Imbalance,Bearing,0.9983,2136.7
1D.csv,Imbalance,Bearing,0.9994,2136.7
1D.csv,Imbalance,Bearing,0.9909,2136.7
1D.csv,Imbalance,Bearing,0.9997,2136.7
1D.csv,Imbalance,Bearing,0.9999,2137.5
1D.csv,Imbalance,Bearing,0.9986,2137.5
1D.csv,Imbalance,Bearing,0.9999,2137.5
1D.csv,Imbalance,Bearing,0.9994,2137.5
1D.csv,Imbalance,Bearing,0.9973,2130.1
1D.csv,Imbalance,Bearing,0.9958,2130.1
1D.csv,Imbalance,Bearing,0.9995,2130.1
1D.csv,Imbalance,Bearing,0.9993,2130.1
1D.csv,Imbalance,Bearing,0.9992,2148.2
1D.csv,Imbalance,Bearing,0.9999,2148.2
1D.csv,Imbalance,Bearing,0.9999,2148.2
1D.csv,Imbalance,Bearing,0.9990,2148.2
1D.csv,Imbalance,Bearing,0.9992,2158.4
1D.csv,Imbalance,Bearing,0.9995,2158.4
1D.csv,Imbalance,Bearing,0.9996,2158.4
1D.csv,Imbalance,Bearing,0.9984,2158.4
1D.csv,Imbalance,Bearing,0.9993,2140.7
1D.csv,Imbalance,Bearing,0.9988,2140.7
1D.csv,Imbalance,Bearing,0.9977,2140.7
1D.csv,Imbalance,Bearing,0.9991,2140.7
1D.csv,Imbalance,Bearing,0.9990,2146.1
1D.csv,Imbalance,Bearing,0.9982,2146.1
1D.csv,Imbalance,Bearing,0.9990,2146.1
1D.csv,Imbalance,Bearing,0.9992,2146.1
1D.csv,Imbalance,Bearing,0.9986,2156.7
1D.csv,Imbalance,Bearing,0.9997,2156.7
1D.csv,Imbalance,Bearing,0.9983,2156.7
1D.csv,Imbalance,Bearing,0.9987,2156.7
1D.csv,Imbalance,Bearing,0.9997,2200.0
1D.csv,Imbalance,Bearing,0.9999,2200.0
1D.csv,Imbalance,Bearing,0.9993,2200.0
1D.csv,Imbalance,Bearing,0.9989,2200.0
1D.csv,Imbalance,Bearing,0.9996,2187.9
1D.csv,Imbalance,Bearing,0.9994,2187.9
1D.csv,Imbalance,Bearing,0.9947,2187.9
1D.csv,Imbalance,Bearing,0.9996,2187.9
1D.csv,Imbalance,Bearing,0.9996,2171.4
1D.csv,Imbalance,Bearing,0.9996,2171.4
1D.csv,Imbalance,Bearing,0.9980,2171.4
1D.csv,Imbalance,Bearing,0.9996,2171.4
1D.csv,Imbalance,Bearing,0.9997,2180.2
1D.csv,Imbalance,Bearing,0.9979,2180.2
1D.csv,Imbalance,Bearing,0.9590,2180.2
1D.csv,Imbalance,Bearing,0.9938,2180.2
1D.csv,Imbalance,Bearing,0.9996,2162.7
1D.csv,Imbalance,Bearing,0.9995,2162.7
1D.csv,Imbalance,Bearing,0.9998,2162.7
1D.csv,Imbalance,Bearing,0.9997,2162.7
1D.csv,Imbalance,Bearing,0.9991,2168.1
1D.csv,Imbalance,Bearing,0.9998,2168.1
1D.csv,Imbalance,Bearing,0.9986,2168.1
1D.csv,Imbalance,Bearing,0.9982,2168.1
1D.csv,Imbalance,Bearing,0.9994,2167.3
1D.csv,Imbalance,Bearing,0.9995,2167.3
1D.csv,Imbalance,Bearing,0.9955,2167.3
1D.csv,Imbalance,Bearing,0.9969,2167.3
1D.csv,Imbalance,Bearing,0.9813,2185.2
1D.csv,Imbalance,Bearing,0.9973,2185.2
1D.csv,Imbalance,Bearing,0.9403,2185.2
1D.csv,Imbalance,Bearing,0.9982,2185.2
1D.csv,Imbalance,Bearing,0.9977,2192.0
1D.csv,Imbalance,Bearing,0.9816,2192.0
1D.csv,Imbalance,Bearing,0.9920,2192.0
1D.csv,Imbalance,Bearing,0.9968,2192.0
1D.csv,Imbalance,Bearing,0.9970,2172.8
1D.csv,Imbalance,Bearing,0.9672,2172.8
1D.csv,Imbalance,Bearing,0.9340,2172.8
1D.csv,Imbalance,Bearing,0.9976,2172.8
1D.csv,Imbalance,Bearing,0.9992,2192.4
1D.csv,Imbalance,Bearing,0.9766,2192.4
1D.csv,Imbalance,Bearing,0.9973,2192.4
1D.csv,Imbalance,Bearing,0.9916,2192.4
1D.csv,Imbalance,Bearing,0.9960,2182.4
1D.csv,Imbalance,Bearing,0.9879,2182.4
1D.csv,Imbalance,Bearing,0.9968,2182.4
1D.csv,Imbalance,Bearing,0.9824,2182.4
1D.csv,Imbalance,Bearing,0.9552,2207.6
1D.csv,Imbalance,Bearing,0.9959,2207.6
1D.csv,Imbalance,Bearing,0.9992,2207.6
1D.csv,Imbalance,Bearing,0.9997,2207.6
1D.csv,Imbalance,Bearing,0.9913,2216.4
1D.csv,Imbalance,Bearing,0.9959,2216.4
1D.csv,Imbalance,Bearing,0.9811,2216.4
1D.csv,Imbalance,Bearing,0.9954,2216.4
1D.csv,Imbalance,Bearing,0.9983,2183.9
1D.csv,Imbalance,Bearing,0.9843,2183.9
1D.csv,Imbalance,Bearing,0.9844,2183.9
1D.csv,Imbalance,Bearing,0.9835,2183.9
1D.csv,Imbalance,Bearing,0.8595,2188.3
1D.csv,Imbalance,Bearing,0.9916,2188.3
1D.csv,Imbalance,Bearing,0.9528,2188.3
1D.csv,Imbalance,Bearing,0.9953,2188.3
1D.csv,Imbalance,Bearing,0.9945,2207.2
1D.csv,Imbalance,Bearing,0.9958,2207.2
1D.csv,Imbalance,Bearing,0.9808,2207.2
1D.csv,Imbalance,Bearing,0.9965,2207.2
1D.csv,Imbalance,Bearing,0.9581,2199.6
1D.csv,Imbalance,Bearing,0.9714,2199.6
1D.csv,Imbalance,Bearing,0.9958,2199.6
1D.csv,Imbalance,Bearing,0.9986,2199.6
1D.csv,Imbalance,Bearing,0.9982,2194.6
1D.csv,Imbalance,Bearing,0.9940,2194.6
1D.csv,Imbalance,Bearing,0.9923,2194.6
1D.csv,Imbalance,Bearing,0.9806,2194.6
1D.csv,Imbalance,Bearing,0.9973,2222.9
1D.csv,Imbalance,Bearing,0.9982,2222.9
1D.csv,Imbalance,Bearing,0.9952,2222.9
1D.csv,Imbalance,Bearing,0.9940,2222.9
1D.csv,Imbalance,Bearing,0.9960,2236.0
1D.csv,Imbalance,Bearing,0.9988,2236.0
1D.csv,Imbalance,Bearing,0.9693,2236.0
1D.csv,Imbalance,Bearing,0.9581,2236.0
1D.csv,Imbalance,Bearing,0.9879,2217.4
1D.csv,Imbalance,Bearing,0.9991,2217.4
1D.csv,Imbalance,Bearing,0.9931,2217.4
1D.csv,Imbalance,Bearing,0.9677,2217.4
1D.csv,Imbalance,Bearing,0.9859,2197.7
1D.csv,Imbalance,Bearing,0.9610,2197.7
1D.csv,Imbalance,Bearing,0.9887,2197.7
1D.csv,Imbalance,Bearing,0.9879,2197.7
1D.csv,Imbalance,Bearing,0.9997,2252.7
1D.csv,Imbalance,Bearing,0.9923,2252.7
1D.csv,Imbalance,Bearing,0.9849,2252.7
1D.csv,Imbalance,Bearing,0.9997,2252.7
1D.csv,Imbalance,Bearing,0.9997,2265.7
1D.csv,Imbalance,Bearing,0.9810,2265.7
1D.csv,Imbalance,Bearing,0.9987,2265.7
1D.csv,Imbalance,Bearing,0.9802,2265.7
1D.csv,Imbalance,Bearing,0.9966,2171.5
1D.csv,Imbalance,Bearing,0.9915,2171.5
1D.csv,Imbalance,Bearing,0.9976,2171.5
1D.csv,Imbalance,Bearing,0.9888,2171.5
1D.csv,Imbalance,Bearing,0.9876,2223.7
1D.csv,Imbalance,Bearing,0.9987,2223.7
1D.csv,Imbalance,Bearing,0.9995,2223.7
1D.csv,Imbalance,Bearing,0.9939,2223.7
1D.csv,Imbalance,Bearing,0.9989,2238.1
1D.csv,Imbalance,Bearing,0.9989,2238.1
1D.csv,Imbalance,Bearing,0.9997,2238.1
1D.csv,Imbalance,Bearing,0.9992,2238.1
1D.csv,Imbalance,Bearing,0.9992,2232.5
1D.csv,Imbalance,Bearing,0.9943,2232.5
1D.csv,Imbalance,Bearing,0.9965,2232.5
1D.csv,Imbalance,Bearing,0.9874,2232.5
1D.csv,Imbalance,Bearing,0.9974,2225.3
1D.csv,Imbalance,Bearing,0.9965,2225.3
1D.csv,Imbalance,Bearing,0.9977,2225.3
1D.csv,Imbalance,Bearing,0.9971,2225.3
1D.csv,Imbalance,Bearing,0.9890,2227.6
1D.csv,Imbalance,Bearing,0.9956,2227.6
1D.csv,Imbalance,Bearing,0.9992,2227.6
1D.csv,Imbalance,Bearing,0.9905,2227.6
1D.csv,Imbalance,Bearing,0.9983,2254.8
1D.csv,Imbalance,Bearing,0.9997,2254.8
1D.csv,Imbalance,Bearing,0.9997,2254.8
1D.csv,Imbalance,Bearing,0.9990,2254.8
1D.csv,Imbalance,Bearing,0.9984,2243.7
1D.csv,Imbalance,Bearing,0.9979,2243.7
1D.csv,Imbalance,Bearing,0.9991,2243.7
1D.csv,Imbalance,Bearing,0.9996,2243.7
1D.csv,Imbalance,Bearing,0.9978,2243.0
1D.csv,Imbalance,Bearing,0.9999,2243.0
1D.csv,Imbalance,Bearing,0.9987,2243.0
1D.csv,Imbalance,Bearing,0.9997,2243.0
1D.csv,Imbalance,Bearing,0.9945,2235.7
1D.csv,Imbalance,Bearing,0.9991,2235.7
1D.csv,Imbalance,Bearing,0.9987,2235.7
1D.csv,Imbalance,Bearing,0.9996,2235.7
1D.csv,Imbalance,Bearing,0.9998,2246.2
1D.csv,Imbalance,Bearing,0.9995,2246.2
1D.csv,Imbalance,Bearing,0.9998,2246.2
1D.csv,Imbalance,Bearing,0.9992,2246.2
1D.csv,Imbalance,Bearing,0.9967,2247.9
1D.csv,Imbalance,Bearing,0.9998,2247.9
1D.csv,Imbalance,Bearing,0.9901,2247.9
1D.csv,Imbalance,Bearing,0.9918,2247.9
1D.csv,Imbalance,Bearing,0.9981,2266.9
1D.csv,Imbalance,Bearing,0.9995,2266.9
1D.csv,Imbalance,Bearing,0.9992,2266.9
1D.csv,Imbalance,Bearing,0.9991,2266.9
1D.csv,Imbalance,Bearing,0.9986,2254.3
1D.csv,Imbalance,Bearing,0.9999,2254.3
1D.csv,Imbalance,Bearing,0.9997,2254.3
1D.csv,Imbalance,Bearing,0.9984,2254.3
1D.csv,Imbalance,Bearing,0.9997,2257.0
1D.csv,Imbalance,Bearing,0.9958,2257.0
1D.csv,Imbalance,Bearing,0.9984,2257.0
1D.csv,Imbalance,Bearing,0.9996,2257.0
1D.csv,Imbalance,Bearing,0.9882,2244.6
1D.csv,Imbalance,Bearing,0.9899,2244.6
1D.csv,Imbalance,Bearing,0.9996,2244.6
1D.csv,Imbalance,Bearing,0.9990,2244.6
1D.csv,Imbalance,Bearing,0.9985,2275.8
1D.csv,Imbalance,Bearing,0.9968,2275.8
1D.csv,Imbalance,Bearing,0.9945,2275.8
1D.csv,Imbalance,Bearing,0.9983,2275.8
1D.csv,Imbalance,Bearing,0.9911,2282.5
1D.csv,Imbalance,Bearing,0.9990,2282.5
1D.csv,Imbalance,Bearing,0.9864,2282.5
1D.csv,Imbalance,Bearing,0.9997,2282.5
1D.csv,Imbalance,Bearing,0.9991,2268.0
1D.csv,Imbalance,Bearing,0.9992,2268.0
1D.csv,Imbalance,Bearing,0.9992,2268.0
1D.csv,Imbalance,Bearing,0.9983,2268.0
1D.csv,Imbalance,Bearing,0.9874,2301.0
1D.csv,Imbalance,Bearing,0.9986,2301.0
1D.csv,Imbalance,Bearing,0.9912,2301.0
1D.csv,Imbalance,Bearing,0.9986,2301.0
1D.csv,Imbalance,Bearing,0.9969,2249.0
1D.csv,Imbalance,Bearing,0.9974,2249.0
1D.csv,Imbalance,Bearing,0.9980,2249.0
1D.csv,Imbalance,Bearing,0.9992,2249.0
1D.csv,Imbalance,Bearing,0.9997,2262.3
1D.csv,Imbalance,Bearing,0.9982,2262.3
1D.csv,Imbalance,Bearing,0.9900,2262.3
1D.csv,Imbalance,Bearing,0.9998,2262.3
1D.csv,Imbalance,Bearing,0.9583,2323.1
1D.csv,Imbalance,Bearing,0.9977,2323.1
1D.csv,Imbalance,Bearing,0.9957,2323.1
1D.csv,Imbalance,Bearing,0.9946,2323.1
1D.csv,Imbalance,Bearing,0.9979,2260.7
1D.csv,Imbalance,Bearing,0.9971,2260.7
1D.csv,Imbalance,Bearing,0.9978,2260.7
1D.csv,Imbalance,Bearing,0.9960,2260.7
1D.csv,Imbalance,Bearing,0.9948,2304.9
1D.csv,Imbalance,Bearing,0.9705,2304.9
1D.csv,Imbalance,Bearing,0.9976,2304.9
1D.csv,Imbalance,Bearing,0.9968,2304.9
1D.csv,Imbalance,Bearing,0.9961,2291.4
1D.csv,Imbalance,Bearing,0.9998,2291.4
1D.csv,Imbalance,Bearing,0.9943,2291.4
1D.csv,Imbalance,Bearing,0.9905,2291.4
1D.csv,Imbalance,Bearing,0.9987,2289.2
1D.csv,Imbalance,Bearing,0.9791,2289.2
1D.csv,Imbalance,Bearing,0.9844,2289.2
1D.csv,Imbalance,Bearing,0.9976,2289.2
1D.csv,Imbalance,Bearing,0.9995,2296.1
1D.csv,Imbalance,Bearing,0.9777,2296.1
1D.csv,Imbalance,Bearing,0.9998,2296.1
1D.csv,Imbalance,Bearing,0.9987,2296.1
1D.csv,Imbalance,Bearing,0.9980,2310.1
1D.csv,Imbalance,Bearing,0.9767,2310.1
1D.csv,Imbalance,Bearing,0.9987,2310.1
1D.csv,Imbalance,Bearing,0.9892,2310.1
1D.csv,Imbalance,Bearing,0.9775,2295.3
1D.csv,Imbalance,Bearing,0.9993,2295.3
1D.csv,Imbalance,Bearing,0.9999,2295.3
1D.csv,Imbalance,Bearing,0.9998,2295.3
1D.csv,Imbalance,Bearing,0.9934,2318.1
1D.csv,Imbalance,Bearing,0.9986,2318.1
1D.csv,Imbalance,Bearing,0.9988,2318.1
1D.csv,Imbalance,Bearing,0.9984,2318.1
1D.csv,Imbalance,Bearing,0.9989,2294.2
1D.csv,Imbalance,Bearing,0.9990,2294.2
1D.csv,Imbalance,Bearing,0.9981,2294.2
1D.csv,Imbalance,Bearing,0.9969,2294.2
1D.csv,Imbalance,Bearing,0.9997,2307.0
1D.csv,Imbalance,Bearing,0.9994,2307.0
1D.csv,Imbalance,Bearing,0.9867,2307.0
1D.csv,Imbalance,Bearing,0.9904,2307.0
1D.csv,Imbalance,Bearing,0.9987,2282.4
1D.csv,Imbalance,Bearing,0.9977,2282.4
1D.csv,Imbalance,Bearing,0.9894,2282.4
1D.csv,Imbalance,Bearing,0.9617,2282.4
1D.csv,Imbalance,Bearing,0.9921,2304.9
1D.csv,Imbalance,Bearing,0.9910,2304.9
1D.csv,Imbalance,Bearing,0.9997,2304.9
1D.csv,Imbalance,Bearing,0.9962,2304.9
1D.csv,Imbalance,Bearing,0.9995,2318.6
1D.csv,Imbalance,Bearing,0.9992,2318.6
1D.csv,Imbalance,Bearing,0.9989,2318.6
1D.csv,Imbalance,Bearing,0.9993,2318.6
1D.csv,Imbalance,Bearing,0.9988,2310.8
1D.csv,Imbalance,Bearing,0.9996,2310.8
1D.csv,Imbalance,Bearing,0.9992,2310.8
1D.csv,Imbalance,Bearing,0.9962,2310.8
1D.csv,Imbalance,Bearing,0.9994,2331.9
1D.csv,Imbalance,Bearing,0.9986,2331.9
1D.csv,Imbalance,Bearing,0.9991,2331.9
1D.csv,Imbalance,Bearing,0.9996,2331.9
1D.csv,Imbalance,Bearing,0.9990,2300.6
1D.csv,Imbalance,Bearing,0.9999,2300.6
1D.csv,Imbalance,Bearing,0.9997,2300.6
1D.csv,Imbalance,Bearing,0.9989,2300.6
1D.csv,Imbalance,Bearing,0.9994,2342.5
1D.csv,Imbalance,Bearing,0.9953,2342.5
1D.csv,Imbalance,Bearing,0.9965,2342.5
1D.csv,Imbalance,Bearing,0.9986,2342.5
1D.csv,Imbalance,Bearing,0.9985,2347.0
1D.csv,Imbalance,Bearing,0.9810,2347.0
1D.csv,Imbalance,Bearing,0.9559,2347.0
1D.csv,Imbalance,Bearing,0.9977,2347.0
1D.csv,Imbalance,Bearing,0.9984,2329.1
1D.csv,Imbalance,Bearing,0.9996,2329.1
1D.csv,Imbalance,Bearing,0.9997,2329.1
1D.csv,Imbalance,Bearing,0.9975,2329.1
1D.csv,Imbalance,Bearing,0.9995,1703.3
1D.csv,Imbalance,Imbalance,0.8663,1703.3
1D.csv,Imbalance,Imbalance,0.9920,1703.3
1D.csv,Imbalance,Misalignment,0.6878,1703.3
1E.csv,Imbalance,Imbalance,0.9997,1051.8
1E.csv,Imbalance,Imbalance,0.9982,1051.8
1E.csv,Imbalance,Imbalance,0.9806,1051.8
1E.csv,Imbalance,Imbalance,0.9910,1051.8
1E.csv,Imbalance,Imbalance,0.9857,1051.4
1E.csv,Imbalance,Imbalance,0.9990,1051.4
1E.csv,Imbalance,Imbalance,0.9601,1051.4
1E.csv,Imbalance,Imbalance,0.9120,1051.4
1E.csv,Imbalance,Imbalance,0.9920,1054.1
1E.csv,Imbalance,Imbalance,0.9821,1054.1
1E.csv,Imbalance,Imbalance,0.9949,1054.1
1E.csv,Imbalance,Imbalance,0.9776,1054.1
1E.csv,Imbalance,Imbalance,0.9851,1072.3
1E.csv,Imbalance,Imbalance,0.9982,1072.3
1E.csv,Imbalance,Imbalance,0.9968,1072.3
1E.csv,Imbalance,Imbalance,0.9901,1072.3
1E.csv,Imbalance,Imbalance,0.9965,1098.1
1E.csv,Imbalance,Imbalance,0.9977,1098.1
1E.csv,Imbalance,Imbalance,0.9976,1098.1
1E.csv,Imbalance,Imbalance,0.9322,1098.1
1E.csv,Imbalance,Imbalance,0.9698,1085.2
1E.csv,Imbalance,Imbalance,0.9858,1085.2
1E.csv,Imbalance,Imbalance,0.9951,1085.2
1E.csv,Imbalance,Imbalance,0.9935,1085.2
1E.csv,Imbalance,Imbalance,0.9961,1071.9
1E.csv,Imbalance,Imbalance,0.9873,1071.9
1E.csv,Imbalance,Imbalance,0.9975,1071.9
1E.csv,Imbalance,Imbalance,0.9916,1071.9
1E.csv,Imbalance,Imbalance,0.9952,1076.2
1E.csv,Imbalance,Imbalance,0.9983,1076.2
1E.csv,Imbalance,Imbalance,0.9936,1076.2
1E.csv,Imbalance,Imbalance,0.9897,1076.2
1E.csv,Imbalance,Imbalance,0.9296,1097.6
1E.csv,Imbalance,Imbalance,0.9786,1097.6
1E.csv,Imbalance,Imbalance,0.9957,1097.6
1E.csv,Imbalance,Imbalance,0.9968,1097.6
1E.csv,Imbalance,Imbalance,0.9940,1104.0
1E.csv,Imbalance,Imbalance,0.9883,1104.0
1E.csv,Imbalance,Imbalance,0.9899,1104.0
1E.csv,Imbalance,Imbalance,0.9946,1104.0
1E.csv,Imbalance,Imbalance,0.9922,1095.9
1E.csv,Imbalance,Imbalance,0.9958,1095.9
1E.csv,Imbalance,Imbalance,0.9625,1095.9
1E.csv,Imbalance,Imbalance,0.9794,1095.9
1E.csv,Imbalance,Imbalance,0.9785,1105.4
1E.csv,Imbalance,Imbalance,0.9276,1105.4
1E.csv,Imbalance,Imbalance,0.9854,1105.4
1E.csv,Imbalance,Imbalance,0.9920,1105.4
1E.csv,Imbalance,Imbalance,0.9358,1119.0
1E.csv,Imbalance,Imbalance,0.9625,1119.0
1E.csv,Imbalance,Imbalance,0.9872,1119.0
1E.csv,Imbalance,Imbalance,0.9928,1119.0
1E.csv,Imbalance,Imbalance,0.9576,1116.4
1E.csv,Imbalance,Imbalance,0.9409,1116.4
1E.csv,Imbalance,Imbalance,0.9926,1116.4
1E.csv,Imbalance,Imbalance,0.9851,1116.4
1E.csv,Imbalance,Imbalance,0.9967,1126.0
1E.csv,Imbalance,Imbalance,0.9968,1126.0
1E.csv,Imbalance,Imbalance,0.9984,1126.0
1E.csv,Imbalance,Imbalance,0.9898,1126.0
1E.csv,Imbalance,Imbalance,0.9946,1131.8
1E.csv,Imbalance,Imbalance,0.9811,1131.8
1E.csv,Imbalance,Imbalance,0.9426,1131.8
1E.csv,Imbalance,Imbalance,0.9976,1131.8
1E.csv,Imbalance,Imbalance,0.9765,1149.4
1E.csv,Imbalance,Imbalance,0.9896,1149.4
1E.csv,Imbalance,Imbalance,0.9910,1149.4
1E.csv,Imbalance,Imbalance,0.9801,1149.4
1E.csv,Imbalance,Imbalance,0.9425,1149.9
1E.csv,Imbalance,Imbalance,0.9489,1149.9
1E.csv,Imbalance,Imbalance,0.9569,1149.9
1E.csv,Imbalance,Imbalance,0.9379,1149.9
1E.csv,Imbalance,Imbalance,0.6535,1162.0
1E.csv,Imbalance,Imbalance,0.8404,1162.0
1E.csv,Imbalance,Imbalance,0.8880,1162.0
1E.csv,Imbalance,Imbalance,0.9863,1162.0
1E.csv,Imbalance,Imbalance,0.9681,1157.9
1E.csv,Imbalance,Imbalance,0.9506,1157.9
1E.csv,Imbalance,Imbalance,0.9857,1157.9
1E.csv,Imbalance,Imbalance,0.8740,1157.9
1E.csv,Imbalance,Imbalance,0.9384,1160.6
1E.csv,Imbalance,Imbalance,0.9885,1160.6
1E.csv,Imbalance,Imbalance,0.9922,1160.6
1E.csv,Imbalance,Imbalance,0.9587,1160.6
1E.csv,Imbalance,Imbalance,0.9624,1158.8
1E.csv,Imbalance,Imbalance,0.9960,1158.8
1E.csv,Imbalance,Imbalance,0.9486,1158.8
1E.csv,Imbalance,Imbalance,0.9917,1158.8
1E.csv,Imbalance,Imbalance,0.9010,1168.4
1E.csv,Imbalance,Bearing,0.6977,1168.4
1E.csv,Imbalance,Imbalance,0.9201,1168.4
1E.csv,Imbalance,Imbalance,0.9575,1168.4
1E.csv,Imbalance,Imbalance,0.9538,1176.7
1E.csv,Imbalance,Imbalance,0.9810,1176.7
1E.csv,Imbalance,Imbalance,0.9417,1176.7
1E.csv,Imbalance,Imbalance,0.6068,1176.7
1E.csv,Imbalance,Imbalance,0.9805,1171.7
1E.csv,Imbalance,Imbalance,0.9593,1171.7
1E.csv,Imbalance,Imbalance,0.9966,1171.7
1E.csv,Imbalance,Imbalance,0.9655,1171.7
1E.csv,Imbalance,Imbalance,0.5450,1192.1
1E.csv,Imbalance,Imbalance,0.9684,1192.1
1E.csv,Imbalance,Imbalance,0.9918,1192.1
1E.csv,Imbalance,Imbalance,0.5282,1192.1
1E.csv,Imbalance,Imbalance,0.8915,1180.2
1E.csv,Imbalance,Imbalance,0.9035,1180.2
1E.csv,Imbalance,Imbalance,0.8254,1180.2
1E.csv,Imbalance,Imbalance,0.7494,1180.2
1E.csv,Imbalance,Imbalance,0.9056,1195.6
1E.csv,Imbalance,Imbalance,0.8855,1195.6
1E.csv,Imbalance,Imbalance,0.7691,1195.6
1E.csv,Imbalance,Imbalance,0.9569,1195.6
1E.csv,Imbalance,Imbalance,0.9763,1221.1
1E.csv,Imbalance,Imbalance,0.7836,1221.1
1E.csv,Imbalance,Imbalance,0.9480,1221.1
1E.csv,Imbalance,Imbalance,0.9389,1221.1
1E.csv,Imbalance,Imbalance,0.8563,1185.4
1E.csv,Imbalance,Imbalance,0.9728,1185.4
1E.csv,Imbalance,Imbalance,0.8493,1185.4
1E.csv,Imbalance,Imbalance,0.9800,1185.4
1E.csv,Imbalance,Imbalance,0.9355,1216.0
1E.csv,Imbalance,Imbalance,0.9864,1216.0
1E.csv,Imbalance,Imbalance,0.9705,1216.0
1E.csv,Imbalance,Imbalance,0.9293,1216.0
1E.csv,Imbalance,Imbalance,0.9782,1222.3
1E.csv,Imbalance,Imbalance,0.9787,1222.3
1E.csv,Imbalance,Imbalance,0.9992,1222.3
1E.csv,Imbalance,Imbalance,0.9996,1222.3
1E.csv,Imbalance,Imbalance,0.9936,1232.9
1E.csv,Imbalance,Imbalance,0.9932,1232.9
1E.csv,Imbalance,Imbalance,0.9984,1232.9
1E.csv,Imbalance,Imbalance,0.9992,1232.9
1E.csv,Imbalance,Imbalance,0.9997,1224.6
1E.csv,Imbalance,Imbalance,0.9948,1224.6
1E.csv,Imbalance,Imbalance,0.9985,1224.6
1E.csv,Imbalance,Imbalance,0.9643,1224.6
1E.csv,Imbalance,Imbalance,0.9987,1224.0
1E.csv,Imbalance,Imbalance,0.9973,1224.0
1E.csv,Imbalance,Imbalance,0.9959,1224.0
1E.csv,Imbalance,Imbalance,0.9669,1224.0
1E.csv,Imbalance,Imbalance,0.9797,1241.6
1E.csv,Imbalance,Imbalance,0.9982,1241.6
1E.csv,Imbalance,Imbalance,0.9955,1241.6
1E.csv,Imbalance,Imbalance,0.9730,1241.6
1E.csv,Imbalance,Imbalance,0.9963,1246.4
1E.csv,Imbalance,Imbalance,0.9900,1246.4
1E.csv,Imbalance,Imbalance,0.9983,1246.4
1E.csv,Imbalance,Imbalance,0.8976,1246.4
1E.csv,Imbalance,Imbalance,0.9896,1253.9
1E.csv,Imbalance,Imbalance,0.9990,1253.9
1E.csv,Imbalance,Imbalance,0.9994,1253.9
1E.csv,Imbalance,Imbalance,0.9958,1253.9
1E.csv,Imbalance,Imbalance,0.9974,1243.6
1E.csv,Imbalance,Imbalance,0.8923,1243.6
1E.csv,Imbalance,Imbalance,0.9858,1243.6
1E.csv,Imbalance,Imbalance,0.9988,1243.6
1E.csv,Imbalance,Imbalance,0.9971,1231.9
1E.csv,Imbalance,Imbalance,0.9969,1231.9
1E.csv,Imbalance,Imbalance,0.9985,1231.9
1E.csv,Imbalance,Imbalance,0.9957,1231.9
1E.csv,Imbalance,Imbalance,0.9930,1274.6
1E.csv,Imbalance,Imbalance,0.9955,1274.6
1E.csv,Imbalance,Imbalance,0.9972,1274.6
1E.csv,Imbalance,Imbalance,0.9982,1274.6
1E.csv,Imbalance,Imbalance,0.9977,1263.9
1E.csv,Imbalance,Imbalance,0.9989,1263.9
1E.csv,Imbalance,Imbalance,0.9927,1263.9
1E.csv,Imbalance,Imbalance,0.9989,1263.9
1E.csv,Imbalance,Imbalance,0.9938,1269.7
1E.csv,Imbalance,Imbalance,0.9955,1269.7
1E.csv,Imbalance,Imbalance,0.9926,1269.7
1E.csv,Imbalance,Imbalance,0.9934,1269.7
1E.csv,Imbalance,Imbalance,0.9985,1277.3
1E.csv,Imbalance,Imbalance,0.9988,1277.3
1E.csv,Imbalance,Imbalance,0.9993,1277.3
1E.csv,Imbalance,Imbalance,0.9958,1277.3
1E.csv,Imbalance,Imbalance,0.9988,1307.2
1E.csv,Imbalance,Imbalance,0.9947,1307.2
1E.csv,Imbalance,Imbalance,0.9981,1307.2
1E.csv,Imbalance,Imbalance,0.9977,1307.2
1E.csv,Imbalance,Imbalance,0.9916,1304.7
1E.csv,Imbalance,Imbalance,0.9997,1304.7
1E.csv,Imbalance,Imbalance,0.9742,1304.7
1E.csv,Imbalance,Imbalance,0.9996,1304.7
1E.csv,Imbalance,Imbalance,0.9988,1307.2
1E.csv,Imbalance,Imbalance,0.9986,1307.2
1E.csv,Imbalance,Imbalance,0.9950,1307.2
1E.csv,Imbalance,Imbalance,0.9983,1307.2
1E.csv,Imbalance,Imbalance,0.9989,1288.5
1E.csv,Imbalance,Imbalance,0.9997,1288.5
1E.csv,Imbalance,Imbalance,0.9974,1288.5
1E.csv,Imbalance,Imbalance,0.9987,1288.5
1E.csv,Imbalance,Imbalance,0.9997,1305.8
1E.csv,Imbalance,Imbalance,0.9989,1305.8
1E.csv,Imbalance,Imbalance,0.9987,1305.8
1E.csv,Imbalance,Imbalance,0.9935,1305.8
1E.csv,Imbalance,Imbalance,0.9995,1317.5
1E.csv,Imbalance,Imbalance,0.9995,1317.5
1E.csv,Imbalance,Imbalance,0.9963,1317.5
1E.csv,Imbalance,Imbalance,0.9892,1317.5
1E.csv,Imbalance,Imbalance,0.9974,1320.8
1E.csv,Imbalance,Imbalance,0.9995,1320.8
1E.csv,Imbalance,Imbalance,0.9976,1320.8
1E.csv,Imbalance,Imbalance,0.9922,1320.8
1E.csv,Imbalance,Imbalance,0.9992,1294.7
1E.csv,Imbalance,Imbalance,0.9985,1294.7
1E.csv,Imbalance,Imbalance,0.9979,1294.7
1E.csv,Imbalance,Imbalance,0.9908,1294.7
1E.csv,Imbalance,Imbalance,0.9979,1330.5
1E.csv,Imbalance,Imbalance,0.9990,1330.5
1E.csv,Imbalance,Imbalance,0.9951,1330.5
1E.csv,Imbalance,Imbalance,0.9943,1330.5
1E.csv,Imbalance,Imbalance,0.9977,1330.2
1E.csv,Imbalance,Imbalance,0.9983,1330.2
1E.csv,Imbalance,Imbalance,0.9992,1330.2
1E.csv,Imbalance,Imbalance,0.9995,1330.2
1E.csv,Imbalance,Imbalance,0.9986,1330.5
1E.csv,Imbalance,Imbalance,0.9983,1330.5
1E.csv,Imbalance,Imbalance,0.9995,1330.5
1E.csv,Imbalance,Imbalance,0.9918,1330.5
1E.csv,Imbalance,Imbalance,0.9994,1350.4
1E.csv,Imbalance,Imbalance,0.9987,1350.4
1E.csv,Imbalance,Imbalance,0.9988,1350.4
1E.csv,Imbalance,Imbalance,0.9995,1350.4
1E.csv,Imbalance,Imbalance,0.9977,1355.5
1E.csv,Imbalance,Imbalance,0.9994,1355.5
1E.csv,Imbalance,Imbalance,0.9934,1355.5
1E.csv,Imbalance,Imbalance,0.9998,1355.5
1E.csv,Imbalance,Imbalance,0.9987,1343.0
1E.csv,Imbalance,Imbalance,0.9900,1343.0
1E.csv,Imbalance,Imbalance,0.9993,1343.0
1E.csv,Imbalance,Imbalance,0.9992,1343.0
1E.csv,Imbalance,Imbalance,0.9991,1358.5
1E.csv,Imbalance,Imbalance,0.9972,1358.5
1E.csv,Imbalance,Imbalance,0.9964,1358.5
1E.csv,Imbalance,Imbalance,0.9946,1358.5
1E.csv,Imbalance,Imbalance,0.9987,1364.0
1E.csv,Imbalance,Imbalance,0.9987,1364.0
1E.csv,Imbalance,Imbalance,0.9936,1364.0
1E.csv,Imbalance,Imbalance,0.9940,1364.0
1E.csv,Imbalance,Imbalance,0.9843,1364.4
1E.csv,Imbalance,Imbalance,0.9966,1364.4
1E.csv,Imbalance,Imbalance,0.9808,1364.4
1E.csv,Imbalance,Imbalance,0.9969,1364.4
1E.csv,Imbalance,Imbalance,0.9931,1389.6
1E.csv,Imbalance,Imbalance,0.9981,1389.6
1E.csv,Imbalance,Imbalance,0.9983,1389.6
1E.csv,Imbalance,Imbalance,0.9571,1389.6
1E.csv,Imbalance,Imbalance,0.9992,1364.0
1E.csv,Imbalance,Imbalance,0.9887,1364.0
1E.csv,Imbalance,Imbalance,0.9980,1364.0
1E.csv,Imbalance,Imbalance,0.9962,1364.0
1E.csv,Imbalance,Imbalance,0.9980,1401.4
1E.csv,Imbalance,Imbalance,0.9967,1401.4
1E.csv,Imbalance,Imbalance,0.9669,1401.4
1E.csv,Imbalance,Imbalance,0.7829,1401.4
1E.csv,Imbalance,Imbalance,0.9855,1393.6
1E.csv,Imbalance,Imbalance,0.9579,1393.6
1E.csv,Imbalance,Imbalance,0.9713,1393.6
1E.csv,Imbalance,Imbalance,0.9836,1393.6
1E.csv,Imbalance,Imbalance,0.9749,1402.8
1E.csv,Imbalance,Imbalance,0.9904,1402.8
1E.csv,Imbalance,Imbalance,0.9892,1402.8
1E.csv,Imbalance,Imbalance,0.9734,1402.8
1E.csv,Imbalance,Imbalance,0.9526,1406.5
1E.csv,Imbalance,Imbalance,0.9544,1406.5
1E.csv,Imbalance,Imbalance,0.8516,1406.5
1E.csv,Imbalance,Imbalance,0.9669,1406.5
1E.csv,Imbalance,Imbalance,0.9721,1411.6
1E.csv,Imbalance,Imbalance,0.8111,1411.6
1E.csv,Imbalance,Imbalance,0.9544,1411.6
1E.csv,Imbalance,Imbalance,0.9306,1411.6
1E.csv,Imbalance,Imbalance,0.9269,1423.2
1E.csv,Imbalance,Imbalance,0.6671,1423.2
1E.csv,Imbalance,Imbalance,0.9920,1423.2
1E.csv,Imbalance,Imbalance,0.9370,1423.2
1E.csv,Imbalance,Imbalance,0.7572,1423.9
1E.csv,Imbalance,Imbalance,0.9845,1423.9
1E.csv,Imbalance,Imbalance,0.9137,1423.9
1E.csv,Imbalance,Imbalance,0.9739,1423.9
1E.csv,Imbalance,Imbalance,0.9443,1423.4
1E.csv,Imbalance,Imbalance,0.9708,1423.4
1E.csv,Imbalance,Imbalance,0.9708,1423.4
1E.csv,Imbalance,Imbalance,0.9824,1423.4
1E.csv,Imbalance,Imbalance,0.9520,1410.5
1E.csv,Imbalance,Imbalance,0.9888,1410.5
1E.csv,Imbalance,Imbalance,0.9899,1410.5
1E.csv,Imbalance,Imbalance,0.9984,1410.5
1E.csv,Imbalance,Imbalance,0.9939,1415.3
1E.csv,Imbalance,Imbalance,0.9974,1415.3
1E.csv,Imbalance,Imbalance,0.9962,1415.3
1E.csv,Imbalance,Imbalance,0.9985,1415.3
1E.csv,Imbalance,Imbalance,0.9871,1464.3
1E.csv,Imbalance,Imbalance,0.9942,1464.3
1E.csv,Imbalance,Imbalance,0.9880,1464.3
1E.csv,Imbalance,Imbalance,0.9848,1464.3
1E.csv,Imbalance,Imbalance,0.9751,1453.5
1E.csv,Imbalance,Imbalance,0.9888,1453.5
1E.csv,Imbalance,Imbalance,0.9937,1453.5
1E.csv,Imbalance,Imbalance,0.9906,1453.5
1E.csv,Imbalance,Imbalance,0.9744,1459.1
1E.csv,Imbalance,Imbalance,0.9969,1459.1
1E.csv,Imbalance,Imbalance,0.9930,1459.1
1E.csv,Imbalance,Imbalance,0.9991,1459.1
1E.csv,Imbalance,Imbalance,0.9988,1453.9
1E.csv,Imbalance,Imbalance,0.9953,1453.9
1E.csv,Imbalance,Imbalance,0.9936,1453.9
1E.csv,Imbalance,Imbalance,0.9928,1453.9
1E.csv,Imbalance,Imbalance,0.9958,1456.9
1E.csv,Imbalance,Imbalance,0.9966,1456.9
1E.csv,Imbalance,Imbalance,0.9982,1456.9
1E.csv,Imbalance,Imbalance,0.9967,1456.9
1E.csv,Imbalance,Imbalance,0.9982,1453.5
1E.csv,Imbalance,Imbalance,0.9984,1453.5
1E.csv,Imbalance,Imbalance,0.9961,1453.5
1E.csv,Imbalance,Imbalance,0.9967,1453.5
1E.csv,Imbalance,Imbalance,0.9930,1466.5
1E.csv,Imbalance,Imbalance,0.9979,1466.5
1E.csv,Imbalance,Imbalance,0.9959,1466.5
1E.csv,Imbalance,Imbalance,0.9903,1466.5
1E.csv,Imbalance,Imbalance,0.9984,1474.3
1E.csv,Imbalance,Imbalance,0.9978,1474.3
1E.csv,Imbalance,Imbalance,0.9978,1474.3
1E.csv,Imbalance,Imbalance,0.9946,1474.3
1E.csv,Imbalance,Imbalance,0.9885,1478.8
1E.csv,Imbalance,Imbalance,0.9972,1478.8
1E.csv,Imbalance,Imbalance,0.9985,1478.8
1E.csv,Imbalance,Imbalance,0.9938,1478.8
1E.csv,Imbalance,Imbalance,0.9957,1487.6
1E.csv,Imbalance,Imbalance,0.9993,1487.6
1E.csv,Imbalance,Imbalance,0.9941,1487.6
1E.csv,Imbalance,Imbalance,0.9887,1487.6
1E.csv,Imbalance,Imbalance,0.9942,1492.2
1E.csv,Imbalance,Imbalance,0.9857,1492.2
1E.csv,Imbalance,Imbalance,0.9965,1492.2
1E.csv,Imbalance,Imbalance,0.9970,1492.2
1E.csv,Imbalance,Imbalance,0.9997,1510.3
1E.csv,Imbalance,Imbalance,0.9754,1510.3
1E.csv,Imbalance,Imbalance,0.9962,1510.3
1E.csv,Imbalance,Imbalance,0.9955,1510.3
1E.csv,Imbalance,Imbalance,0.9941,1509.3
1E.csv,Imbalance,Imbalance,0.9935,1509.3
1E.csv,Imbalance,Imbalance,0.9938,1509.3
1E.csv,Imbalance,Imbalance,0.9960,1509.3
1E.csv,Imbalance,Imbalance,0.9916,1529.5
1E.csv,Imbalance,Imbalance,0.9955,1529.5
1E.csv,Imbalance,Imbalance,0.9869,1529.5
1E.csv,Imbalance,Imbalance,0.9922,1529.5
1E.csv,Imbalance,Imbalance,0.9874,1521.1
1E.csv,Imbalance,Imbalance,0.9790,1521.1
1E.csv,Imbalance,Imbalance,0.9811,1521.1
1E.csv,Imbalance,Imbalance,0.8065,1521.1
1E.csv,Imbalance,Imbalance,0.9616,1520.5
1E.csv,Imbalance,Imbalance,0.9900,1520.5
1E.csv,Imbalance,Imbalance,0.9885,1520.5
1E.csv,Imbalance,Imbalance,0.9952,1520.5
1E.csv,Imbalance,Imbalance,0.9894,1520.6
1E.csv,Imbalance,Imbalance,0.9849,1520.6
1E.csv,Imbalance,Imbalance,0.9369,1520.6
1E.csv,Imbalance,Imbalance,0.9850,1520.6
1E.csv,Imbalance,Imbalance,0.9841,1529.2
1E.csv,Imbalance,Imbalance,0.9868,1529.2
1E.csv,Imbalance,Imbalance,0.9556,1529.2
1E.csv,Imbalance,Imbalance,0.9918,1529.2
1E.csv,Imbalance,Imbalance,0.9886,1524.8
1E.csv,Imbalance,Imbalance,0.9937,1524.8
1E.csv,Imbalance,Imbalance,0.8986,1524.8
1E.csv,Imbalance,Imbalance,0.9822,1524.8
1E.csv,Imbalance,Imbalance,0.9854,1541.0
1E.csv,Imbalance,Imbalance,0.9166,1541.0
1E.csv,Imbalance,Imbalance,0.9551,1541.0
1E.csv,Imbalance,Imbalance,0.7472,1541.0
1E.csv,Imbalance,Imbalance,0.9894,1547.0
1E.csv,Imbalance,Imbalance,0.9793,1547.0
1E.csv,Imbalance,Imbalance,0.8951,1547.0
1E.csv,Imbalance,Imbalance,0.9306,1547.0
1E.csv,Imbalance,Imbalance,0.8776,1542.8
1E.csv,Imbalance,Imbalance,0.9585,1542.8
1E.csv,Imbalance,Imbalance,0.8942,1542.8
1E.csv,Imbalance,Imbalance,0.9602,1542.8
1E.csv,Imbalance,Imbalance,0.9759,1536.9
1E.csv,Imbalance,Imbalance,0.9170,1536.9
1E.csv,Imbalance,Imbalance,0.9703,1536.9
1E.csv,Imbalance,Imbalance,0.9646,1536.9
1E.csv,Imbalance,Imbalance,0.8173,1578.4
1E.csv,Imbalance,Imbalance,0.9733,1578.4
1E.csv,Imbalance,Imbalance,0.8653,1578.4
1E.csv,Imbalance,Imbalance,0.9499,1578.4
1E.csv,Imbalance,Imbalance,0.7844,1579.4
1E.csv,Imbalance,Imbalance,0.9617,1579.4
1E.csv,Imbalance,Imbalance,0.8926,1579.4
1E.csv,Imbalance,Imbalance,0.9886,1579.4
1E.csv,Imbalance,Imbalance,0.8310,1544.7
1E.csv,Imbalance,Imbalance,0.9937,1544.7
1E.csv,Imbalance,Imbalance,0.9295,1544.7
1E.csv,Imbalance,Imbalance,0.9612,1544.7
1E.csv,Imbalance,Imbalance,0.9547,1586.5
1E.csv,Imbalance,Imbalance,0.9528,1586.5
1E.csv,Imbalance,Imbalance,0.9181,1586.5
1E.csv,Imbalance,Imbalance,0.9510,1586.5
1E.csv,Imbalance,Imbalance,0.8823,1581.1
1E.csv,Imbalance,Imbalance,0.9440,1581.1
1E.csv,Imbalance,Imbalance,0.9414,1581.1
1E.csv,Imbalance,Imbalance,0.8368,1581.1
1E.csv,Imbalance,Imbalance,0.8366,1593.7
1E.csv,Imbalance,Imbalance,0.9106,1593.7
1E.csv,Imbalance,Imbalance,0.7779,1593.7
1E.csv,Imbalance,Bearing,0.6404,1593.7
1E.csv,Imbalance,Imbalance,0.9111,1584.4
1E.csv,Imbalance,Imbalance,0.5714,1584.4
1E.csv,Imbalance,Imbalance,0.9200,1584.4
1E.csv,Imbalance,Imbalance,0.7694,1584.4
1E.csv,Imbalance,Imbalance,0.9341,1587.5
1E.csv,Imbalance,Imbalance,0.8519,1587.5
1E.csv,Imbalance,Imbalance,0.6641,1587.5
1E.csv,Imbalance,Imbalance,0.9508,1587.5
1E.csv,Imbalance,Imbalance,0.9052,1601.3
1E.csv,Imbalance,Imbalance,0.6110,1601.3
1E.csv,Imbalance,Imbalance,0.9253,1601.3
1E.csv,Imbalance,Imbalance,0.9525,1601.3
1E.csv,Imbalance,Imbalance,0.9032,1605.7
1E.csv,Imbalance,Imbalance,0.5490,1605.7
1E.csv,Imbalance,Imbalance,0.6743,1605.7
1E.csv,Imbalance,Imbalance,0.8706,1605.7
1E.csv,Imbalance,Imbalance,0.9659,1601.5
1E.csv,Imbalance,Imbalance,0.5383,1601.5
1E.csv,Imbalance,Imbalance,0.8546,1601.5
1E.csv,Imbalance,Imbalance,0.8458,1601.5
1E.csv,Imbalance,Imbalance,0.7670,1632.8
1E.csv,Imbalance,Imbalance,0.6965,1632.8
1E.csv,Imbalance,Imbalance,0.7040,1632.8
1E.csv,Imbalance,Bearing,0.5913,1632.8
1E.csv,Imbalance,Imbalance,0.5508,1617.3
1E.csv,Imbalance,Imbalance,0.7593,1617.3
1E.csv,Imbalance,Imbalance,0.9018,1617.3
1E.csv,Imbalance,Imbalance,0.7671,1617.3
1E.csv,Imbalance,Imbalance,0.8848,1650.0
1E.csv,Imbalance,Imbalance,0.7120,1650.0
1E.csv,Imbalance,Imbalance,0.8347,1650.0
1E.csv,Imbalance,Bearing,0.6007,1650.0
1E.csv,Imbalance,Imbalance,0.5676,1617.8
1E.csv,Imbalance,Bearing,0.5574,1617.8
1E.csv,Imbalance,Imbalance,0.8054,1617.8
1E.csv,Imbalance,Imbalance,0.7544,1617.8
1E.csv,Imbalance,Imbalance,0.7503,1648.6
1E.csv,Imbalance,Bearing,0.5359,1648.6
1E.csv,Imbalance,Bearing,0.6350,1648.6
1E.csv,Imbalance,Bearing,0.6282,1648.6
1E.csv,Imbalance,Imbalance,0.6386,1656.5
1E.csv,Imbalance,Imbalance,0.7754,1656.5
1E.csv,Imbalance,Bearing,0.6727,1656.5
1E.csv,Imbalance,Imbalance,0.7992,1656.5
1E.csv,Imbalance,Imbalance,0.9153,1653.1
1E.csv,Imbalance,Imbalance,0.7249,1653.1
1E.csv,Imbalance,Imbalance,0.8298,1653.1
1E.csv,Imbalance,Imbalance,0.9039,1653.1
1E.csv,Imbalance,Imbalance,0.8938,1638.4
1E.csv,Imbalance,Imbalance,0.6001,1638.4
1E.csv,Imbalance,Imbalance,0.8558,1638.4
1E.csv,Imbalance,Imbalance,0.8257,1638.4
1E.csv,Imbalance,Imbalance,0.6859,1651.0
1E.csv,Imbalance,Imbalance,0.9287,1651.0
1E.csv,Imbalance,Imbalance,0.9150,1651.0
1E.csv,Imbalance,Imbalance,0.9573,1651.0
1E.csv,Imbalance,Imbalance,0.8245,1679.4
1E.csv,Imbalance,Imbalance,0.8666,1679.4
1E.csv,Imbalance,Imbalance,0.9126,1679.4
1E.csv,Imbalance,Imbalance,0.9566,1679.4
1E.csv,Imbalance,Imbalance,0.8629,1669.5
1E.csv,Imbalance,Imbalance,0.8808,1669.5
1E.csv,Imbalance,Imbalance,0.9048,1669.5
1E.csv,Imbalance,Imbalance,0.9269,1669.5
1E.csv,Imbalance,Imbalance,0.8528,1669.1
1E.csv,Imbalance,Imbalance,0.9619,1669.1
1E.csv,Imbalance,Imbalance,0.9556,1669.1
1E.csv,Imbalance,Imbalance,0.9068,1669.1
1E.csv,Imbalance,Imbalance,0.9755,1677.7
1E.csv,Imbalance,Imbalance,0.9524,1677.7
1E.csv,Imbalance,Imbalance,0.9603,1677.7
1E.csv,Imbalance,Imbalance,0.9750,1677.7
1E.csv,Imbalance,Imbalance,0.8641,1700.8
1E.csv,Imbalance,Imbalance,0.8488,1700.8
1E.csv,Imbalance,Imbalance,0.8489,1700.8
1E.csv,Imbalance,Imbalance,0.8423,1700.8
1E.csv,Imbalance,Imbalance,0.9186,1690.1
1E.csv,Imbalance,Imbalance,0.9412,1690.1
1E.csv,Imbalance,Imbalance,0.9444,1690.1
1E.csv,Imbalance,Imbalance,0.7646,1690.1
1E.csv,Imbalance,Imbalance,0.9548,1690.8
1E.csv,Imbalance,Imbalance,0.8287,1690.8
1E.csv,Imbalance,Imbalance,0.9737,1690.8
1E.csv,Imbalance,Imbalance,0.9051,1690.8
1E.csv,Imbalance,Imbalance,0.7685,1698.5
1E.csv,Imbalance,Imbalance,0.8745,1698.5
1E.csv,Imbalance,Imbalance,0.9496,1698.5
1E.csv,Imbalance,Imbalance,0.8169,1698.5
1E.csv,Imbalance,Imbalance,0.9391,1707.2
1E.csv,Imbalance,Imbalance,0.7733,1707.2
1E.csv,Imbalance,Imbalance,0.9011,1707.2
1E.csv,Imbalance,Imbalance,0.8451,1707.2
1E.csv,Imbalance,Imbalance,0.9722,1720.7
1E.csv,Imbalance,Imbalance,0.8534,1720.7
1E.csv,Imbalance,Imbalance,0.8794,1720.7
1E.csv,Imbalance,Imbalance,0.7870,1720.7
1E.csv,Imbalance,Imbalance,0.9504,1692.1
1E.csv,Imbalance,Imbalance,0.9325,1692.1
1E.csv,Imbalance,Imbalance,0.9807,1692.1
1E.csv,Imbalance,Imbalance,0.8912,1692.1
1E.csv,Imbalance,Imbalance,0.7933,1729.7
1E.csv,Imbalance,Imbalance,0.7051,1729.7
1E.csv,Imbalance,Imbalance,0.9126,1729.7
1E.csv,Imbalance,Imbalance,0.7306,1729.7
1E.csv,Imbalance,Imbalance,0.6577,1703.4
1E.csv,Imbalance,Imbalance,0.9413,1703.4
1E.csv,Imbalance,Imbalance,0.9408,1703.4
1E.csv,Imbalance,Imbalance,0.9428,1703.4
1E.csv,Imbalance,Imbalance,0.7638,1756.1
1E.csv,Imbalance,Imbalance,0.7196,1756.1
1E.csv,Imbalance,Imbalance,0.6073,1756.1
1E.csv,Imbalance,Imbalance,0.5840,1756.1
1E.csv,Imbalance,Imbalance,0.9356,1718.5
1E.csv,Imbalance,Imbalance,0.9129,1718.5
1E.csv,Imbalance,Imbalance,0.9186,1718.5
1E.csv,Imbalance,Bearing,0.5232,1718.5
1E.csv,Imbalance,Imbalance,0.9363,1759.8
1E.csv,Imbalance,Imbalance,0.5276,1759.8
1E.csv,Imbalance,Imbalance,0.5997,1759.8
1E.csv,Imbalance,Imbalance,0.5277,1759.8
1E.csv,Imbalance,Imbalance,0.6307,1738.3
1E.csv,Imbalance,Imbalance,0.7024,1738.3
1E.csv,Imbalance,Imbalance,0.7977,1738.3
1E.csv,Imbalance,Imbalance,0.8117,1738.3
1E.csv,Imbalance,Imbalance,0.7290,1759.1
1E.csv,Imbalance,Bearing,0.5356,1759.1
1E.csv,Imbalance,Bearing,0.5699,1759.1
1E.csv,Imbalance,Imbalance,0.6558,1759.1
1E.csv,Imbalance,Imbalance,0.5065,1764.6
1E.csv,Imbalance,Imbalance,0.7042,1764.6
1E.csv,Imbalance,Imbalance,0.7487,1764.6
1E.csv,Imbalance,Imbalance,0.5857,1764.6
1E.csv,Imbalance,Imbalance,0.7062,1755.4
1E.csv,Imbalance,Bearing,0.6115,1755.4
1E.csv,Imbalance,Imbalance,0.7452,1755.4
1E.csv,Imbalance,Imbalance,0.5119,1755.4
1E.csv,Imbalance,Bearing,0.6004,1774.8
1E.csv,Imbalance,Imbalance,0.7345,1774.8
1E.csv,Imbalance,Bearing,0.8176,1774.8
1E.csv,Imbalance,Imbalance,0.6423,1774.8
1E.csv,Imbalance,Imbalance,0.5240,1774.1
1E.csv,Imbalance,Imbalance,0.6840,1774.1
1E.csv,Imbalance,Bearing,0.5503,1774.1
1E.csv,Imbalance,Imbalance,0.5153,1774.1
1E.csv,Imbalance,Bearing,0.6952,1785.7
1E.csv,Imbalance,Bearing,0.8689,1785.7
1E.csv,Imbalance,Bearing,0.5348,1785.7
1E.csv,Imbalance,Bearing,0.7197,1785.7
1E.csv,Imbalance,Bearing,0.6772,1798.5
1E.csv,Imbalance,Bearing,0.7347,1798.5
1E.csv,Imbalance,Bearing,0.8563,1798.5
1E.csv,Imbalance,Bearing,0.6298,1798.5
1E.csv,Imbalance,Bearing,0.6298,1765.1
1E.csv,Imbalance,Imbalance,0.7321,1765.1
1E.csv,Imbalance,Imbalance,0.7389,1765.1
1E.csv,Imbalance,Imbalance,0.5473,1765.1
1E.csv,Imbalance,Imbalance,0.5221,1770.7
1E.csv,Imbalance,Bearing,0.5722,1770.7
1E.csv,Imbalance,Bearing,0.5663,1770.7
1E.csv,Imbalance,Bearing,0.8114,1770.7
1E.csv,Imbalance,Bearing,0.9719,1830.8
1E.csv,Imbalance,Bearing,0.9928,1830.8
1E.csv,Imbalance,Bearing,0.9768,1830.8
1E.csv,Imbalance,Bearing,0.9719,1830.8
1E.csv,Imbalance,Bearing,0.8939,1818.4
1E.csv,Imbalance,Bearing,0.9547,1818.4
1E.csv,Imbalance,Bearing,0.8844,1818.4
1E.csv,Imbalance,Bearing,0.9779,1818.4
1E.csv,Imbalance,Bearing,0.9189,1827.6
1E.csv,Imbalance,Bearing,0.9431,1827.6
1E.csv,Imbalance,Bearing,0.9824,1827.6
1E.csv,Imbalance,Bearing,0.9878,1827.6
1E.csv,Imbalance,Bearing,0.8908,1803.2
1E.csv,Imbalance,Bearing,0.8232,1803.2
1E.csv,Imbalance,Bearing,0.8034,1803.2
1E.csv,Imbalance,Bearing,0.9696,1803.2
1E.csv,Imbalance,Bearing,0.9786,1828.1
1E.csv,Imbalance,Bearing,0.9886,1828.1
1E.csv,Imbalance,Bearing,0.9842,1828.1
1E.csv,Imbalance,Imbalance,0.6913,1828.1
1E.csv,Imbalance,Bearing,0.9764,1826.2
1E.csv,Imbalance,Bearing,0.9054,1826.2
1E.csv,Imbalance,Bearing,0.9749,1826.2
1E.csv,Imbalance,Bearing,0.9347,1826.2
1E.csv,Imbalance,Bearing,0.9485,1833.6
1E.csv,Imbalance,Bearing,0.9812,1833.6
1E.csv,Imbalance,Bearing,0.9759,1833.6
1E.csv,Imbalance,Bearing,0.9976,1833.6
1E.csv,Imbalance,Bearing,0.9970,1849.4
1E.csv,Imbalance,Bearing,0.9952,1849.4
1E.csv,Imbalance,Bearing,0.9772,1849.4
1E.csv,Imbalance,Bearing,0.9885,1849.4
1E.csv,Imbalance,Bearing,0.9320,1839.9
1E.csv,Imbalance,Bearing,0.9639,1839.9
1E.csv,Imbalance,Bearing,0.9587,1839.9
1E.csv,Imbalance,Bearing,0.9632,1839.9
1E.csv,Imbalance,Bearing,0.9956,1862.8
1E.csv,Imbalance,Bearing,0.9975,1862.8
1E.csv,Imbalance,Bearing,0.9989,1862.8
1E.csv,Imbalance,Bearing,0.9992,1862.8
1E.csv,Imbalance,Bearing,0.9986,1896.1
1E.csv,Imbalance,Bearing,0.9923,1896.1
1E.csv,Imbalance,Bearing,0.9970,1896.1
1E.csv,Imbalance,Bearing,0.9709,1896.1
1E.csv,Imbalance,Bearing,0.8916,1818.8
1E.csv,Imbalance,Bearing,0.9730,1818.8
1E.csv,Imbalance,Bearing,0.9597,1818.8
1E.csv,Imbalance,Bearing,0.9980,1818.8
1E.csv,Imbalance,Bearing,0.9266,1819.9
1E.csv,Imbalance,Bearing,0.9956,1819.9
1E.csv,Imbalance,Bearing,0.9959,1819.9
1E.csv,Imbalance,Bearing,0.9723,1819.9
1E.csv,Imbalance,Bearing,0.9829,1853.9
1E.csv,Imbalance,Bearing,0.8784,1853.9
1E.csv,Imbalance,Bearing,0.9992,1853.9
1E.csv,Imbalance,Bearing,0.9997,1853.9
1E.csv,Imbalance,Bearing,0.9992,1891.6
1E.csv,Imbalance,Bearing,0.9998,1891.6
1E.csv,Imbalance,Bearing,0.9942,1891.6
1E.csv,Imbalance,Bearing,0.9979,1891.6
1E.csv,Imbalance,Bearing,0.9990,1876.6
1E.csv,Imbalance,Bearing,0.9998,1876.6
1E.csv,Imbalance,Bearing,0.9996,1876.6
1E.csv,Imbalance,Bearing,0.9994,1876.6
1E.csv,Imbalance,Bearing,0.9995,1892.1
1E.csv,Imbalance,Bearing,0.9985,1892.1
1E.csv,Imbalance,Bearing,0.9977,1892.1
1E.csv,Imbalance,Bearing,0.9991,1892.1
1E.csv,Imbalance,Bearing,0.9996,1890.0
1E.csv,Imbalance,Bearing,0.9988,1890.0
1E.csv,Imbalance,Bearing,0.9994,1890.0
1E.csv,Imbalance,Bearing,0.9979,1890.0
1E.csv,Imbalance,Bearing,0.9994,1908.1
1E.csv,Imbalance,Bearing,0.9998,1908.1
1E.csv,Imbalance,Bearing,0.9989,1908.1
1E.csv,Imbalance,Bearing,0.9984,1908.1
1E.csv,Imbalance,Bearing,0.9992,1902.6
1E.csv,Imbalance,Bearing,0.9988,1902.6
1E.csv,Imbalance,Bearing,0.9994,1902.6
1E.csv,Imbalance,Bearing,0.9998,1902.6
1E.csv,Imbalance,Bearing,0.9983,1914.1
1E.csv,Imbalance,Bearing,0.9970,1914.1
1E.csv,Imbalance,Bearing,0.9981,1914.1
1E.csv,Imbalance,Bearing,0.9998,1914.1
1E.csv,Imbalance,Bearing,0.9999,1909.2
1E.csv,Imbalance,Bearing,0.9997,1909.2
1E.csv,Imbalance,Bearing,0.9996,1909.2
1E.csv,Imbalance,Bearing,0.9995,1909.2
1E.csv,Imbalance,Bearing,0.9979,1901.3
1E.csv,Imbalance,Bearing,0.9991,1901.3
1E.csv,Imbalance,Bearing,0.9987,1901.3
1E.csv,Imbalance,Bearing,0.9971,1901.3
1E.csv,Imbalance,Bearing,0.9968,1950.4
1E.csv,Imbalance,Bearing,0.9988,1950.4
1E.csv,Imbalance,Bearing,0.9846,1950.4
1E.csv,Imbalance,Bearing,0.9996,1950.4
1E.csv,Imbalance,Bearing,0.9939,1912.7
1E.csv,Imbalance,Bearing,0.9886,1912.7
1E.csv,Imbalance,Bearing,0.9889,1912.7
1E.csv,Imbalance,Bearing,0.9981,1912.7
1E.csv,Imbalance,Imbalance,0.6760,1578.9
1E.csv,Imbalance,Imbalance,0.5799,1578.9
1E.csv,Imbalance,Bearing,0.9940,1578.9
1E.csv,Imbalance,Bearing,0.9590,1578.9
1E.csv,Imbalance,Imbalance,0.9965,1056.0
1E.csv,Imbalance,Imbalance,0.9972,1056.0
1E.csv,Imbalance,Imbalance,0.9907,1056.0
1E.csv,Imbalance,Imbalance,0.9991,1056.0
1E.csv,Imbalance,Imbalance,0.9974,1065.1
1E.csv,Imbalance,Imbalance,0.9814,1065.1
1E.csv,Imbalance,Imbalance,0.9920,1065.1
1E.csv,Imbalance,Imbalance,0.9921,1065.1
1E.csv,Imbalance,Imbalance,0.9990,1056.9
1E.csv,Imbalance,Imbalance,0.9976,1056.9
1E.csv,Imbalance,Imbalance,0.9943,1056.9
1E.csv,Imbalance,Imbalance,0.9950,1056.9
1E.csv,Imbalance,Imbalance,0.9830,1070.6
1E.csv,Imbalance,Imbalance,0.9926,1070.6
1E.csv,Imbalance,Imbalance,0.9953,1070.6
1E.csv,Imbalance,Imbalance,0.9948,1070.6
1E.csv,Imbalance,Imbalance,0.9906,1088.6
1E.csv,Imbalance,Imbalance,0.9921,1088.6
1E.csv,Imbalance,Imbalance,0.9978,1088.6
1E.csv,Imbalance,Imbalance,0.9755,1088.6
1E.csv,Imbalance,Imbalance,0.8988,1087.0
1E.csv,Imbalance,Imbalance,0.9886,1087.0
1E.csv,Imbalance,Imbalance,0.9964,1087.0
1E.csv,Imbalance,Imbalance,0.9934,1087.0
1E.csv,Imbalance,Imbalance,0.9971,1087.5
1E.csv,Imbalance,Imbalance,0.9847,1087.5
1E.csv,Imbalance,Imbalance,0.9972,1087.5
1E.csv,Imbalance,Imbalance,0.9982,1087.5
1E.csv,Imbalance,Imbalance,0.9880,1098.8
1E.csv,Imbalance,Imbalance,0.9807,1098.8
1E.csv,Imbalance,Imbalance,0.9364,1098.8
1E.csv,Imbalance,Imbalance,0.9967,1098.8
1E.csv,Imbalance,Imbalance,0.9817,1097.2
1E.csv,Imbalance,Imbalance,0.9976,1097.2
1E.csv,Imbalance,Imbalance,0.9981,1097.2
1E.csv,Imbalance,Imbalance,0.9933,1097.2
1E.csv,Imbalance,Imbalance,0.9783,1106.3
1E.csv,Imbalance,Imbalance,0.9933,1106.3
1E.csv,Imbalance,Imbalance,0.9974,1106.3
1E.csv,Imbalance,Imbalance,0.9988,1106.3
1E.csv,Imbalance,Imbalance,0.9936,1099.5
1E.csv,Imbalance,Imbalance,0.9824,1099.5
1E.csv,Imbalance,Imbalance,0.9830,1099.5
1E.csv,Imbalance,Imbalance,0.9693,1099.5
1E.csv,Imbalance,Imbalance,0.9529,1113.8
1E.csv,Imbalance,Imbalance,0.9933,1113.8
1E.csv,Imbalance,Imbalance,0.9922,1113.8
1E.csv,Imbalance,Imbalance,0.9926,1113.8
1E.csv,Imbalance,Imbalance,0.9831,1119.9
1E.csv,Imbalance,Imbalance,0.9087,1119.9
1E.csv,Imbalance,Imbalance,0.9899,1119.9
1E.csv,Imbalance,Imbalance,0.9838,1119.9
1E.csv,Imbalance,Imbalance,0.8496,1128.1
1E.csv,Imbalance,Imbalance,0.8600,1128.1
1E.csv,Imbalance,Imbalance,0.9597,1128.1
1E.csv,Imbalance,Imbalance,0.9858,1128.1
1E.csv,Imbalance,Imbalance,0.9593,1120.8
1E.csv,Imbalance,Imbalance,0.9949,1120.8
1E.csv,Imbalance,Imbalance,0.9527,1120.8
1E.csv,Imbalance,Imbalance,0.9945,1120.8
1E.csv,Imbalance,Imbalance,0.9561,1138.2
1E.csv,Imbalance,Imbalance,0.6610,1138.2
1E.csv,Imbalance,Imbalance,0.9912,1138.2
1E.csv,Imbalance,Imbalance,0.9561,1138.2
1E.csv,Imbalance,Imbalance,0.7533,1134.6
1E.csv,Imbalance,Imbalance,0.8358,1134.6
1E.csv,Imbalance,Imbalance,0.9120,1134.6
1E.csv,Imbalance,Imbalance,0.9924,1134.6
1E.csv,Imbalance,Imbalance,0.8921,1129.5
1E.csv,Imbalance,Imbalance,0.7760,1129.5
1E.csv,Imbalance,Imbalance,0.8969,1129.5
1E.csv,Imbalance,Imbalance,0.8947,1129.5
1E.csv,Imbalance,Imbalance,0.9567,1151.4
1E.csv,Imbalance,Imbalance,0.9868,1151.4
1E.csv,Imbalance,Imbalance,0.9521,1151.4
1E.csv,Imbalance,Imbalance,0.9159,1151.4
1E.csv,Imbalance,Imbalance,0.9628,1160.1
1E.csv,Imbalance,Imbalance,0.9717,1160.1
1E.csv,Imbalance,Bearing,0.5534,1160.1
1E.csv,Imbalance,Imbalance,0.7170,1160.1
1E.csv,Imbalance,Bearing,0.6456,1158.8
1E.csv,Imbalance,Imbalance,0.9406,1158.8
1E.csv,Imbalance,Imbalance,0.7731,1158.8
1E.csv,Imbalance,Imbalance,0.8772,1158.8
1E.csv,Imbalance,Bearing,0.7059,1160.5
1E.csv,Imbalance,Imbalance,0.5166,1160.5
1E.csv,Imbalance,Imbalance,0.9626,1160.5
1E.csv,Imbalance,Imbalance,0.8215,1160.5
1E.csv,Imbalance,Imbalance,0.5957,1159.8
1E.csv,Imbalance,Imbalance,0.8808,1159.8
1E.csv,Imbalance,Imbalance,0.6800,1159.8
1E.csv,Imbalance,Imbalance,0.5939,1159.8
1E.csv,Imbalance,Imbalance,0.8196,1170.9
1E.csv,Imbalance,Imbalance,0.8526,1170.9
1E.csv,Imbalance,Imbalance,0.8666,1170.9
1E.csv,Imbalance,Imbalance,0.8490,1170.9
1E.csv,Imbalance,Imbalance,0.9679,1194.1
1E.csv,Imbalance,Imbalance,0.9861,1194.1
1E.csv,Imbalance,Imbalance,0.7966,1194.1
1E.csv,Imbalance,Imbalance,0.9217,1194.1
1E.csv,Imbalance,Imbalance,0.9660,1181.4
1E.csv,Imbalance,Imbalance,0.9669,1181.4
1E.csv,Imbalance,Imbalance,0.9840,1181.4
1E.csv,Imbalance,Imbalance,0.9518,1181.4
1E.csv,Imbalance,Imbalance,0.9516,1173.8
1E.csv,Imbalance,Imbalance,0.8578,1173.8
1E.csv,Imbalance,Imbalance,0.6243,1173.8
1E.csv,Imbalance,Imbalance,0.9580,1173.8
1E.csv,Imbalance,Imbalance,0.9910,1197.1
1E.csv,Imbalance,Imbalance,0.6953,1197.1
1E.csv,Imbalance,Imbalance,0.9519,1197.1
1E.csv,Imbalance,Imbalance,0.9714,1197.1
1E.csv,Imbalance,Imbalance,0.9658,1208.2
1E.csv,Imbalance,Imbalance,0.9873,1208.2
1E.csv,Imbalance,Imbalance,0.9589,1208.2
1E.csv,Imbalance,Imbalance,0.9748,1208.2
1E.csv,Imbalance,Imbalance,0.9316,1209.8
1E.csv,Imbalance,Bearing,0.7254,1209.8
1E.csv,Imbalance,Imbalance,0.9713,1209.8
1E.csv,Imbalance,Imbalance,0.9980,1209.8
1E.csv,Imbalance,Imbalance,0.9832,1208.0
1E.csv,Imbalance,Imbalance,0.8985,1208.0
1E.csv,Imbalance,Imbalance,0.9983,1208.0
1E.csv,Imbalance,Imbalance,0.9865,1208.0
1E.csv,Imbalance,Imbalance,0.9255,1210.5
1E.csv,Imbalance,Imbalance,0.9916,1210.5
1E.csv,Imbalance,Imbalance,0.9769,1210.5
1E.csv,Imbalance,Imbalance,0.9991,1210.5
1E.csv,Imbalance,Imbalance,0.9905,1226.4
1E.csv,Imbalance,Imbalance,0.7274,1226.4
1E.csv,Imbalance,Imbalance,0.9826,1226.4
1E.csv,Imbalance,Imbalance,0.9878,1226.4
1E.csv,Imbalance,Imbalance,0.9749,1233.1
1E.csv,Imbalance,Imbalance,0.9981,1233.1
1E.csv,Imbalance,Imbalance,0.9928,1233.1
1E.csv,Imbalance,Imbalance,0.9906,1233.1
1E.csv,Imbalance,Imbalance,0.9977,1218.5
1E.csv,Imbalance,Imbalance,0.9905,1218.5
1E.csv,Imbalance,Imbalance,0.8782,1218.5
1E.csv,Imbalance,Imbalance,0.9939,1218.5
1E.csv,Imbalance,Imbalance,0.9742,1220.9
1E.csv,Imbalance,Imbalance,0.9934,1220.9
1E.csv,Imbalance,Imbalance,0.9939,1220.9
1E.csv,Imbalance,Imbalance,0.9985,1220.9
1E.csv,Imbalance,Imbalance,0.9965,1243.7
1E.csv,Imbalance,Imbalance,0.9944,1243.7
1E.csv,Imbalance,Imbalance,0.9987,1243.7
1E.csv,Imbalance,Imbalance,0.9855,1243.7
1E.csv,Imbalance,Imbalance,0.9966,1247.3
1E.csv,Imbalance,Imbalance,0.9984,1247.3
1E.csv,Imbalance,Imbalance,0.9992,1247.3
1E.csv,Imbalance,Imbalance,0.9989,1247.3
1E.csv,Imbalance,Imbalance,0.9978,1255.6
1E.csv,Imbalance,Imbalance,0.9987,1255.6
1E.csv,Imbalance,Imbalance,0.9936,1255.6
1E.csv,Imbalance,Imbalance,0.9995,1255.6
1E.csv,Imbalance,Imbalance,0.9983,1274.3
1E.csv,Imbalance,Imbalance,0.9969,1274.3
1E.csv,Imbalance,Imbalance,0.9974,1274.3
1E.csv,Imbalance,Imbalance,0.9935,1274.3
1E.csv,Imbalance,Imbalance,0.9945,1265.0
1E.csv,Imbalance,Imbalance,0.9746,1265.0
1E.csv,Imbalance,Imbalance,0.9901,1265.0
1E.csv,Imbalance,Imbalance,0.9956,1265.0
1E.csv,Imbalance,Imbalance,0.9980,1268.1
1E.csv,Imbalance,Imbalance,0.9897,1268.1
1E.csv,Imbalance,Imbalance,0.9991,1268.1
1E.csv,Imbalance,Imbalance,0.9797,1268.1
1E.csv,Imbalance,Imbalance,0.9956,1268.4
1E.csv,Imbalance,Imbalance,0.9959,1268.4
1E.csv,Imbalance,Imbalance,0.9968,1268.4
1E.csv,Imbalance,Imbalance,0.9967,1268.4
1E.csv,Imbalance,Imbalance,0.9957,1281.7
1E.csv,Imbalance,Imbalance,0.9962,1281.7
1E.csv,Imbalance,Imbalance,0.9989,1281.7
1E.csv,Imbalance,Imbalance,0.9993,1281.7
1E.csv,Imbalance,Imbalance,0.9980,1275.3
1E.csv,Imbalance,Imbalance,0.9972,1275.3
1E.csv,Imbalance,Imbalance,0.9952,1275.3
1E.csv,Imbalance,Imbalance,0.9995,1275.3
1E.csv,Imbalance,Imbalance,0.9973,1293.1
1E.csv,Imbalance,Imbalance,0.9964,1293.1
1E.csv,Imbalance,Imbalance,0.9969,1293.1
1E.csv,Imbalance,Imbalance,0.9957,1293.1
1E.csv,Imbalance,Imbalance,0.9988,1281.3
1E.csv,Imbalance,Imbalance,0.9998,1281.3
1E.csv,Imbalance,Imbalance,0.9977,1281.3
1E.csv,Imbalance,Imbalance,0.9983,1281.3
1E.csv,Imbalance,Imbalance,0.9998,1313.5
1E.csv,Imbalance,Imbalance,0.9973,1313.5
1E.csv,Imbalance,Imbalance,0.9982,1313.5
1E.csv,Imbalance,Imbalance,0.9926,1313.5
1E.csv,Imbalance,Imbalance,0.9998,1302.3
1E.csv,Imbalance,Imbalance,0.9975,1302.3
1E.csv,Imbalance,Imbalance,0.9992,1302.3
1E.csv,Imbalance,Imbalance,0.9986,1302.3
1E.csv,Imbalance,Imbalance,0.9978,1305.3
1E.csv,Imbalance,Imbalance,0.9993,1305.3
1E.csv,Imbalance,Imbalance,0.9960,1305.3
1E.csv,Imbalance,Imbalance,0.9967,1305.3
1E.csv,Imbalance,Imbalance,0.9984,1330.1
1E.csv,Imbalance,Imbalance,0.9991,1330.1
1E.csv,Imbalance,Imbalance,0.9991,1330.1
1E.csv,Imbalance,Imbalance,0.9997,1330.1
1E.csv,Imbalance,Imbalance,0.9987,1296.0
1E.csv,Imbalance,Imbalance,0.9966,1296.0
1E.csv,Imbalance,Imbalance,0.9990,1296.0
1E.csv,Imbalance,Imbalance,0.9996,1296.0
1E.csv,Imbalance,Imbalance,0.9899,1328.8
1E.csv,Imbalance,Imbalance,0.9922,1328.8
1E.csv,Imbalance,Imbalance,0.9989,1328.8
1E.csv,Imbalance,Imbalance,0.9935,1328.8
1E.csv,Imbalance,Imbalance,0.9887,1327.7
1E.csv,Imbalance,Imbalance,0.9987,1327.7
1E.csv,Imbalance,Imbalance,0.9993,1327.7
1E.csv,Imbalance,Imbalance,0.9993,1327.7
1E.csv,Imbalance,Imbalance,0.9991,1339.1
1E.csv,Imbalance,Imbalance,0.9990,1339.1
1E.csv,Imbalance,Imbalance,0.9972,1339.1
1E.csv,Imbalance,Imbalance,0.9988,1339.1
1E.csv,Imbalance,Imbalance,0.9987,1339.8
1E.csv,Imbalance,Imbalance,0.9994,1339.8
1E.csv,Imbalance,Imbalance,0.9969,1339.8
1E.csv,Imbalance,Imbalance,0.9988,1339.8
1E.csv,Imbalance,Imbalance,0.9992,1360.6
1E.csv,Imbalance,Imbalance,0.9955,1360.6
1E.csv,Imbalance,Imbalance,0.9933,1360.6
1E.csv,Imbalance,Imbalance,0.9992,1360.6
1E.csv,Imbalance,Imbalance,0.9973,1353.0
1E.csv,Imbalance,Imbalance,0.9982,1353.0
1E.csv,Imbalance,Imbalance,0.9988,1353.0
1E.csv,Imbalance,Imbalance,0.9992,1353.0
1E.csv,Imbalance,Imbalance,0.9995,1349.6
1E.csv,Imbalance,Imbalance,0.9987,1349.6
1E.csv,Imbalance,Imbalance,0.9963,1349.6
1E.csv,Imbalance,Imbalance,0.9993,1349.6
1E.csv,Imbalance,Imbalance,0.9990,1349.5
1E.csv,Imbalance,Imbalance,0.9997,1349.5
1E.csv,Imbalance,Imbalance,0.9970,1349.5
1E.csv,Imbalance,Imbalance,0.9996,1349.5
1E.csv,Imbalance,Imbalance,0.9973,1388.6
1E.csv,Imbalance,Imbalance,0.9989,1388.6
1E.csv,Imbalance,Imbalance,0.9093,1388.6
1E.csv,Imbalance,Imbalance,0.9756,1388.6
1E.csv,Imbalance,Imbalance,0.9813,1388.3
1E.csv,Imbalance,Imbalance,0.9947,1388.3
1E.csv,Imbalance,Imbalance,0.9929,1388.3
1E.csv,Imbalance,Imbalance,0.8843,1388.3
1E.csv,Imbalance,Imbalance,0.9784,1353.3
1E.csv,Imbalance,Imbalance,0.9964,1353.3
1E.csv,Imbalance,Imbalance,0.9983,1353.3
1E.csv,Imbalance,Imbalance,0.9983,1353.3
1E.csv,Imbalance,Imbalance,0.9774,1396.7
1E.csv,Imbalance,Imbalance,0.9918,1396.7
1E.csv,Imbalance,Imbalance,0.9790,1396.7
1E.csv,Imbalance,Imbalance,0.9015,1396.7
1E.csv,Imbalance,Imbalance,0.8604,1404.1
1E.csv,Imbalance,Imbalance,0.9928,1404.1
1E.csv,Imbalance,Imbalance,0.9489,1404.1
1E.csv,Imbalance,Imbalance,0.9661,1404.1
1E.csv,Imbalance,Imbalance,0.9575,1396.2
1E.csv,Imbalance,Imbalance,0.9162,1396.2
1E.csv,Imbalance,Imbalance,0.9320,1396.2
1E.csv,Imbalance,Imbalance,0.9545,1396.2
1E.csv,Imbalance,Imbalance,0.9342,1395.6
1E.csv,Imbalance,Imbalance,0.8470,1395.6
1E.csv,Imbalance,Imbalance,0.9841,1395.6
1E.csv,Imbalance,Imbalance,0.8527,1395.6
1E.csv,Imbalance,Imbalance,0.9252,1400.4
1E.csv,Imbalance,Imbalance,0.9706,1400.4
1E.csv,Imbalance,Imbalance,0.9640,1400.4
1E.csv,Imbalance,Imbalance,0.9184,1400.4
1E.csv,Imbalance,Imbalance,0.9649,1416.8
1E.csv,Imbalance,Imbalance,0.9697,1416.8
1E.csv,Imbalance,Imbalance,0.9150,1416.8
1E.csv,Imbalance,Imbalance,0.8429,1416.8
1E.csv,Imbalance,Imbalance,0.9929,1424.9
1E.csv,Imbalance,Imbalance,0.7697,1424.9
1E.csv,Imbalance,Imbalance,0.9194,1424.9
1E.csv,Imbalance,Imbalance,0.9870,1424.9
1E.csv,Imbalance,Imbalance,0.9581,1416.6
1E.csv,Imbalance,Imbalance,0.9398,1416.6
1E.csv,Imbalance,Imbalance,0.9906,1416.6
1E.csv,Imbalance,Imbalance,0.9950,1416.6
1E.csv,Imbalance,Imbalance,0.9659,1412.1
1E.csv,Imbalance,Imbalance,0.9965,1412.1
1E.csv,Imbalance,Imbalance,0.9965,1412.1
1E.csv,Imbalance,Imbalance,0.9962,1412.1
1E.csv,Imbalance,Imbalance,0.9979,1403.5
1E.csv,Imbalance,Imbalance,0.9986,1403.5
1E.csv,Imbalance,Imbalance,0.9982,1403.5
1E.csv,Imbalance,Imbalance,0.9986,1403.5
1E.csv,Imbalance,Imbalance,0.9983,1404.4
1E.csv,Imbalance,Imbalance,0.9861,1404.4
1E.csv,Imbalance,Imbalance,0.9967,1404.4
1E.csv,Imbalance,Imbalance,0.9896,1404.4
1E.csv,Imbalance,Imbalance,0.9751,1453.4
1E.csv,Imbalance,Imbalance,0.9485,1453.4
1E.csv,Imbalance,Imbalance,0.9978,1453.4
1E.csv,Imbalance,Imbalance,0.9910,1453.4
1E.csv,Imbalance,Imbalance,0.9924,1457.8
1E.csv,Imbalance,Imbalance,0.9909,1457.8
1E.csv,Imbalance,Imbalance,0.9990,1457.8
1E.csv,Imbalance,Imbalance,0.9972,1457.8
1E.csv,Imbalance,Imbalance,0.9969,1458.0
1E.csv,Imbalance,Imbalance,0.9981,1458.0
1E.csv,Imbalance,Imbalance,0.9988,1458.0
1E.csv,Imbalance,Imbalance,0.9989,1458.0
1E.csv,Imbalance,Imbalance,0.9970,1468.0
1E.csv,Imbalance,Imbalance,0.9982,1468.0
1E.csv,Imbalance,Imbalance,0.9947,1468.0
1E.csv,Imbalance,Imbalance,0.9986,1468.0
1E.csv,Imbalance,Imbalance,0.9983,1445.4
1E.csv,Imbalance,Imbalance,0.9964,1445.4
1E.csv,Imbalance,Imbalance,0.9867,1445.4
1E.csv,Imbalance,Imbalance,0.9981,1445.4
1E.csv,Imbalance,Imbalance,0.9971,1479.5
1E.csv,Imbalance,Imbalance,0.9948,1479.5
1E.csv,Imbalance,Imbalance,0.9994,1479.5
1E.csv,Imbalance,Imbalance,0.9986,1479.5
1E.csv,Imbalance,Imbalance,0.9976,1479.8
1E.csv,Imbalance,Imbalance,0.9931,1479.8
1E.csv,Imbalance,Imbalance,0.9890,1479.8
1E.csv,Imbalance,Imbalance,0.9980,1479.8
1E.csv,Imbalance,Imbalance,0.9962,1476.1
1E.csv,Imbalance,Imbalance,0.9977,1476.1
1E.csv,Imbalance,Imbalance,0.9942,1476.1
1E.csv,Imbalance,Imbalance,0.9912,1476.1
1E.csv,Imbalance,Imbalance,0.9975,1479.7
1E.csv,Imbalance,Imbalance,0.9824,1479.7
1E.csv,Imbalance,Imbalance,0.9984,1479.7
1E.csv,Imbalance,Imbalance,0.9979,1479.7
1E.csv,Imbalance,Imbalance,0.9986,1500.4
1E.csv,Imbalance,Imbalance,0.9918,1500.4
1E.csv,Imbalance,Imbalance,0.9978,1500.4
1E.csv,Imbalance,Imbalance,0.9930,1500.4
1E.csv,Imbalance,Imbalance,0.9982,1529.8
1E.csv,Imbalance,Imbalance,0.9942,1529.8
1E.csv,Imbalance,Imbalance,0.9958,1529.8
1E.csv,Imbalance,Imbalance,0.9836,1529.8
1E.csv,Imbalance,Imbalance,0.9935,1479.5
1E.csv,Imbalance,Imbalance,0.9933,1479.5
1E.csv,Imbalance,Imbalance,0.9940,1479.5
1E.csv,Imbalance,Imbalance,0.9941,1479.5
1E.csv,Imbalance,Imbalance,0.9970,1466.4
1E.csv,Imbalance,Imbalance,0.9991,1466.4
1E.csv,Imbalance,Imbalance,0.9952,1466.4
1E.csv,Imbalance,Imbalance,0.9994,1466.4
1E.csv,Imbalance,Imbalance,0.9983,1501.3
1E.csv,Imbalance,Imbalance,0.9746,1501.3
1E.csv,Imbalance,Imbalance,0.9937,1501.3
1E.csv,Imbalance,Imbalance,0.9842,1501.3
1E.csv,Imbalance,Imbalance,0.9504,1531.5
1E.csv,Imbalance,Imbalance,0.9940,1531.5
1E.csv,Imbalance,Imbalance,0.9656,1531.5
1E.csv,Imbalance,Imbalance,0.9566,1531.5
1E.csv,Imbalance,Imbalance,0.9931,1531.4
1E.csv,Imbalance,Imbalance,0.9900,1531.4
1E.csv,Imbalance,Imbalance,0.9830,1531.4
1E.csv,Imbalance,Imbalance,0.9889,1531.4
1E.csv,Imbalance,Imbalance,0.9715,1521.3
1E.csv,Imbalance,Imbalance,0.9909,1521.3
1E.csv,Imbalance,Imbalance,0.9794,1521.3
1E.csv,Imbalance,Imbalance,0.9987,1521.3
1E.csv,Imbalance,Imbalance,0.9759,1522.5
1E.csv,Imbalance,Imbalance,0.9818,1522.5
1E.csv,Imbalance,Imbalance,0.9476,1522.5
1E.csv,Imbalance,Imbalance,0.9608,1522.5
1E.csv,Imbalance,Imbalance,0.9812,1529.5
1E.csv,Imbalance,Imbalance,0.9438,1529.5
1E.csv,Imbalance,Imbalance,0.9612,1529.5
1E.csv,Imbalance,Imbalance,0.9509,1529.5
1E.csv,Imbalance,Imbalance,0.9823,1543.0
1E.csv,Imbalance,Imbalance,0.9503,1543.0
1E.csv,Imbalance,Imbalance,0.9243,1543.0
1E.csv,Imbalance,Imbalance,0.9344,1543.0
1E.csv,Imbalance,Imbalance,0.8893,1552.9
1E.csv,Imbalance,Imbalance,0.7948,1552.9
1E.csv,Imbalance,Imbalance,0.7826,1552.9
1E.csv,Imbalance,Imbalance,0.8107,1552.9
1E.csv,Imbalance,Imbalance,0.8928,1565.1
1E.csv,Imbalance,Imbalance,0.9505,1565.1
1E.csv,Imbalance,Imbalance,0.8608,1565.1
1E.csv,Imbalance,Imbalance,0.8533,1565.1
1E.csv,Imbalance,Imbalance,0.8917,1554.0
1E.csv,Imbalance,Imbalance,0.7920,1554.0
1E.csv,Imbalance,Imbalance,0.6833,1554.0
1E.csv,Imbalance,Imbalance,0.9064,1554.0
1E.csv,Imbalance,Imbalance,0.8611,1565.1
1E.csv,Imbalance,Imbalance,0.7252,1565.1
1E.csv,Imbalance,Imbalance,0.9603,1565.1
1E.csv,Imbalance,Imbalance,0.9614,1565.1
1E.csv,Imbalance,Imbalance,0.7154,1569.1
1E.csv,Imbalance,Imbalance,0.8013,1569.1
1E.csv,Imbalance,Imbalance,0.8739,1569.1
1E.csv,Imbalance,Imbalance,0.8097,1569.1
1E.csv,Imbalance,Imbalance,0.9565,1557.9
1E.csv,Imbalance,Imbalance,0.9665,1557.9
1E.csv,Imbalance,Imbalance,0.9840,1557.9
1E.csv,Imbalance,Imbalance,0.9501,1557.9
1E.csv,Imbalance,Imbalance,0.9068,1590.3
1E.csv,Imbalance,Imbalance,0.8532,1590.3
1E.csv,Imbalance,Imbalance,0.8275,1590.3
1E.csv,Imbalance,Imbalance,0.8858,1590.3
1E.csv,Imbalance,Imbalance,0.9059,1585.0
1E.csv,Imbalance,Imbalance,0.7758,1585.0
1E.csv,Imbalance,Imbalance,0.7623,1585.0
1E.csv,Imbalance,Imbalance,0.9385,1585.0
1E.csv,Imbalance,Imbalance,0.9726,1594.9
1E.csv,Imbalance,Imbalance,0.8713,1594.9
1E.csv,Imbalance,Imbalance,0.7626,1594.9
1E.csv,Imbalance,Imbalance,0.9269,1594.9
1E.csv,Imbalance,Imbalance,0.9056,1593.1
1E.csv,Imbalance,Imbalance,0.9742,1593.1
1E.csv,Imbalance,Imbalance,0.9593,1593.1
1E.csv,Imbalance,Imbalance,0.8493,1593.1
1E.csv,Imbalance,Imbalance,0.6769,1602.7
1E.csv,Imbalance,Imbalance,0.8672,1602.7
1E.csv,Imbalance,Imbalance,0.7153,1602.7
1E.csv,Imbalance,Imbalance,0.5107,1602.7
1E.csv,Imbalance,Imbalance,0.9127,1602.3
1E.csv,Imbalance,Imbalance,0.7879,1602.3
1E.csv,Imbalance,Imbalance,0.8185,1602.3
1E.csv,Imbalance,Imbalance,0.6267,1602.3
1E.csv,Imbalance,Imbalance,0.7847,1603.1
1E.csv,Imbalance,Imbalance,0.6506,1603.1
1E.csv,Imbalance,Imbalance,0.9474,1603.1
1E.csv,Imbalance,Imbalance,0.9392,1603.1
1E.csv,Imbalance,Imbalance,0.7404,1587.1
1E.csv,Imbalance,Imbalance,0.8242,1587.1
1E.csv,Imbalance,Imbalance,0.8158,1587.1
1E.csv,Imbalance,Imbalance,0.9594,1587.1
1E.csv,Imbalance,Imbalance,0.7930,1647.7
1E.csv,Imbalance,Imbalance,0.7520,1647.7
1E.csv,Imbalance,Imbalance,0.5990,1647.7
1E.csv,Imbalance,Bearing,0.8314,1647.7
1E.csv,Imbalance,Imbalance,0.8633,1624.4
1E.csv,Imbalance,Imbalance,0.7214,1624.4
1E.csv,Imbalance,Imbalance,0.9771,1624.4
1E.csv,Imbalance,Imbalance,0.6181,1624.4
1E.csv,Imbalance,Imbalance,0.9035,1613.8
1E.csv,Imbalance,Imbalance,0.9245,1613.8
1E.csv,Imbalance,Imbalance,0.8201,1613.8
1E.csv,Imbalance,Imbalance,0.9573,1613.8
1E.csv,Imbalance,Imbalance,0.9595,1650.4
1E.csv,Imbalance,Imbalance,0.9000,1650.4
1E.csv,Imbalance,Imbalance,0.8769,1650.4
1E.csv,Imbalance,Imbalance,0.7358,1650.4
1E.csv,Imbalance,Imbalance,0.6758,1649.8
1E.csv,Imbalance,Imbalance,0.7249,1649.8
1E.csv,Imbalance,Imbalance,0.8747,1649.8
1E.csv,Imbalance,Imbalance,0.7568,1649.8
1E.csv,Imbalance,Imbalance,0.5447,1672.4
1E.csv,Imbalance,Bearing,0.5654,1672.4
1E.csv,Imbalance,Imbalance,0.5003,1672.4
1E.csv,Imbalance,Bearing,0.5601,1672.4
1E.csv,Imbalance,Imbalance,0.9131,1668.4
1E.csv,Imbalance,Imbalance,0.6212,1668.4
1E.csv,Imbalance,Imbalance,0.8753,1668.4
1E.csv,Imbalance,Bearing,0.7251,1668.4
1E.csv,Imbalance,Imbalance,0.6396,1677.5
1E.csv,Imbalance,Bearing,0.5992,1677.5
1E.csv,Imbalance,Imbalance,0.6768,1677.5
1E.csv,Imbalance,Imbalance,0.8587,1677.5
1E.csv,Imbalance,Imbalance,0.8404,1671.0
1E.csv,Imbalance,Imbalance,0.8510,1671.0
1E.csv,Imbalance,Imbalance,0.9056,1671.0
1E.csv,Imbalance,Imbalance,0.9159,1671.0
1E.csv,Imbalance,Imbalance,0.9817,1660.6
1E.csv,Imbalance,Imbalance,0.6590,1660.6
1E.csv,Imbalance,Imbalance,0.8966,1660.6
1E.csv,Imbalance,Imbalance,0.8926,1660.6
1E.csv,Imbalance,Imbalance,0.8239,1689.7
1E.csv,Imbalance,Imbalance,0.8209,1689.7
1E.csv,Imbalance,Imbalance,0.6749,1689.7
1E.csv,Imbalance,Imbalance,0.7190,1689.7
1E.csv,Imbalance,Imbalance,0.9152,1654.2
1E.csv,Imbalance,Imbalance,0.9577,1654.2
1E.csv,Imbalance,Imbalance,0.9922,1654.2
1E.csv,Imbalance,Imbalance,0.9739,1654.2
1E.csv,Imbalance,Imbalance,0.9812,1686.7
1E.csv,Imbalance,Imbalance,0.9385,1686.7
1E.csv,Imbalance,Imbalance,0.9290,1686.7
1E.csv,Imbalance,Imbalance,0.9017,1686.7
1E.csv,Imbalance,Imbalance,0.7698,1701.1
1E.csv,Imbalance,Imbalance,0.7986,1701.1
1E.csv,Imbalance,Imbalance,0.8634,1701.1
1E.csv,Imbalance,Imbalance,0.8529,1701.1
1E.csv,Imbalance,Imbalance,0.8861,1701.3
1E.csv,Imbalance,Imbalance,0.7626,1701.3
1E.csv,Imbalance,Imbalance,0.6959,1701.3
1E.csv,Imbalance,Imbalance,0.7555,1701.3
1E.csv,Imbalance,Imbalance,0.6985,1694.5
1E.csv,Imbalance,Imbalance,0.9261,1694.5
1E.csv,Imbalance,Imbalance,0.9119,1694.5
1E.csv,Imbalance,Imbalance,0.8774,1694.5
1E.csv,Imbalance,Imbalance,0.7131,1711.0
1E.csv,Imbalance,Bearing,0.7528,1711.0
1E.csv,Imbalance,Imbalance,0.7521,1711.0
1E.csv,Imbalance,Imbalance,0.9061,1711.0
1E.csv,Imbalance,Imbalance,0.8187,1723.0
1E.csv,Imbalance,Imbalance,0.7181,1723.0
1E.csv,Imbalance,Imbalance,0.8196,1723.0
1E.csv,Imbalance,Imbalance,0.7201,1723.0
1E.csv,Imbalance,Imbalance,0.9815,1722.7
1E.csv,Imbalance,Imbalance,0.6841,1722.7
1E.csv,Imbalance,Bearing,0.5102,1722.7
1E.csv,Imbalance,Imbalance,0.8884,1722.7
1E.csv,Imbalance,Imbalance,0.6975,1721.3
1E.csv,Imbalance,Imbalance,0.8511,1721.3
1E.csv,Imbalance,Imbalance,0.8481,1721.3
1E.csv,Imbalance,Imbalance,0.5510,1721.3
1E.csv,Imbalance,Imbalance,0.7253,1753.3
1E.csv,Imbalance,Imbalance,0.5579,1753.3
1E.csv,Imbalance,Imbalance,0.7537,1753.3
1E.csv,Imbalance,Bearing,0.6114,1753.3
1E.csv,Imbalance,Imbalance,0.7882,1703.5
1E.csv,Imbalance,Imbalance,0.9634,1703.5
1E.csv,Imbalance,Imbalance,0.9223,1703.5
1E.csv,Imbalance,Imbalance,0.9101,1703.5
1E.csv,Imbalance,Bearing,0.5283,1753.3
1E.csv,Imbalance,Imbalance,0.8164,1753.3
1E.csv,Imbalance,Bearing,0.6209,1753.3
1E.csv,Imbalance,Imbalance,0.6823,1753.3
1E.csv,Imbalance,Imbalance,0.8598,1756.5
1E.csv,Imbalance,Imbalance,0.5266,1756.5
1E.csv,Imbalance,Imbalance,0.7750,1756.5
1E.csv,Imbalance,Imbalance,0.7353,1756.5
1E.csv,Imbalance,Bearing,0.5089,1751.3
1E.csv,Imbalance,Imbalance,0.7415,1751.3
1E.csv,Imbalance,Imbalance,0.6489,1751.3
1E.csv,Imbalance,Imbalance,0.8098,1751.3
1E.csv,Imbalance,Imbalance,0.5203,1750.9
1E.csv,Imbalance,Bearing,0.7076,1750.9
1E.csv,Imbalance,Bearing,0.7626,1750.9
1E.csv,Imbalance,Bearing,0.5172,1750.9
1E.csv,Imbalance,Imbalance,0.6862,1764.9
1E.csv,Imbalance,Imbalance,0.5562,1764.9
1E.csv,Imbalance,Bearing,0.7857,1764.9
1E.csv,Imbalance,Imbalance,0.6732,1764.9
1E.csv,Imbalance,Imbalance,0.7704,1763.2
1E.csv,Imbalance,Bearing,0.6377,1763.2
1E.csv,Imbalance,Bearing,0.5550,1763.2
1E.csv,Imbalance,Bearing,0.7208,1763.2
1E.csv,Imbalance,Bearing,0.5677,1786.1
1E.csv,Imbalance,Imbalance,0.5289,1786.1
1E.csv,Imbalance,Bearing,0.5949,1786.1
1E.csv,Imbalance,Bearing,0.7158,1786.1
1E.csv,Imbalance,Imbalance,0.5835,1772.0
1E.csv,Imbalance,Imbalance,0.5684,1772.0
1E.csv,Imbalance,Imbalance,0.6166,1772.0
1E.csv,Imbalance,Bearing,0.5127,1772.0
1E.csv,Imbalance,Bearing,0.8587,1785.4
1E.csv,Imbalance,Bearing,0.7259,1785.4
1E.csv,Imbalance,Bearing,0.5136,1785.4
1E.csv,Imbalance,Imbalance,0.5514,1785.4
1E.csv,Imbalance,Bearing,0.8887,1800.0
1E.csv,Imbalance,Bearing,0.8384,1800.0
1E.csv,Imbalance,Bearing,0.8881,1800.0
1E.csv,Imbalance,Bearing,0.8902,1800.0
1E.csv,Imbalance,Bearing,0.9810,1832.0
1E.csv,Imbalance,Bearing,0.9518,1832.0
1E.csv,Imbalance,Bearing,0.9896,1832.0
1E.csv,Imbalance,Bearing,0.9774,1832.0
1E.csv,Imbalance,Bearing,0.9937,1832.5
1E.csv,Imbalance,Bearing,0.9912,1832.5
1E.csv,Imbalance,Bearing,0.9911,1832.5
1E.csv,Imbalance,Bearing,0.9700,1832.5
1E.csv,Imbalance,Bearing,0.8550,1814.2
1E.csv,Imbalance,Bearing,0.7990,1814.2
1E.csv,Imbalance,Bearing,0.8729,1814.2
1E.csv,Imbalance,Bearing,0.9445,1814.2
1E.csv,Imbalance,Bearing,0.8945,1811.0
1E.csv,Imbalance,Bearing,0.5605,1811.0
1E.csv,Imbalance,Bearing,0.7706,1811.0
1E.csv,Imbalance,Bearing,0.9811,1811.0
1E.csv,Imbalance,Bearing,0.9769,1829.2
1E.csv,Imbalance,Bearing,0.9820,1829.2
1E.csv,Imbalance,Bearing,0.9357,1829.2
1E.csv,Imbalance,Bearing,0.9941,1829.2
1E.csv,Imbalance,Bearing,0.9477,1814.3
1E.csv,Imbalance,Bearing,0.9283,1814.3
1E.csv,Imbalance,Bearing,0.9874,1814.3
1E.csv,Imbalance,Bearing,0.9484,1814.3
1E.csv,Imbalance,Bearing,0.9783,1819.1
1E.csv,Imbalance,Bearing,0.9672,1819.1
1E.csv,Imbalance,Bearing,0.9475,1819.1
1E.csv,Imbalance,Bearing,0.9696,1819.1
1E.csv,Imbalance,Bearing,0.9514,1821.0
1E.csv,Imbalance,Bearing,0.9754,1821.0
1E.csv,Imbalance,Bearing,0.9181,1821.0
1E.csv,Imbalance,Bearing,0.9848,1821.0
1E.csv,Imbalance,Bearing,0.9970,1855.8
1E.csv,Imbalance,Bearing,0.9909,1855.8
1E.csv,Imbalance,Bearing,0.9995,1855.8
1E.csv,Imbalance,Bearing,0.9945,1855.8
1E.csv,Imbalance,Bearing,0.9941,1835.4
1E.csv,Imbalance,Bearing,0.9390,1835.4
1E.csv,Imbalance,Bearing,0.9957,1835.4
1E.csv,Imbalance,Bearing,0.9390,1835.4
1E.csv,Imbalance,Bearing,0.9932,1849.8
1E.csv,Imbalance,Bearing,0.9765,1849.8
1E.csv,Imbalance,Bearing,0.9911,1849.8
1E.csv,Imbalance,Bearing,0.9915,1849.8
1E.csv,Imbalance,Bearing,0.9969,1853.0
1E.csv,Imbalance,Bearing,0.9945,1853.0
1E.csv,Imbalance,Bearing,0.9994,1853.0
1E.csv,Imbalance,Bearing,0.9996,1853.0
1E.csv,Imbalance,Bearing,0.9996,1880.7
1E.csv,Imbalance,Bearing,0.9999,1880.7
1E.csv,Imbalance,Bearing,0.9981,1880.7
1E.csv,Imbalance,Bearing,0.9999,1880.7
1E.csv,Imbalance,Bearing,0.9986,1897.5
1E.csv,Imbalance,Bearing,0.9981,1897.5
1E.csv,Imbalance,Bearing,0.9998,1897.5
1E.csv,Imbalance,Bearing,0.9998,1897.5
1E.csv,Imbalance,Bearing,0.9984,1849.9
1E.csv,Imbalance,Bearing,0.9985,1849.9
1E.csv,Imbalance,Bearing,0.9986,1849.9
1E.csv,Imbalance,Bearing,0.9994,1849.9
1E.csv,Imbalance,Bearing,0.9983,1853.6
1E.csv,Imbalance,Bearing,0.9712,1853.6
1E.csv,Imbalance,Bearing,0.9924,1853.6
1E.csv,Imbalance,Bearing,0.9981,1853.6
1E.csv,Imbalance,Bearing,0.9983,1877.3
1E.csv,Imbalance,Bearing,0.9998,1877.3
1E.csv,Imbalance,Bearing,0.9997,1877.3
1E.csv,Imbalance,Bearing,0.9992,1877.3
1E.csv,Imbalance,Bearing,0.9985,1877.2
1E.csv,Imbalance,Bearing,0.9999,1877.2
1E.csv,Imbalance,Bearing,0.9995,1877.2
1E.csv,Imbalance,Bearing,0.9993,1877.2
1E.csv,Imbalance,Bearing,0.9990,1892.7
1E.csv,Imbalance,Bearing,0.9991,1892.7
1E.csv,Imbalance,Bearing,0.9994,1892.7
1E.csv,Imbalance,Bearing,0.9994,1892.7
1E.csv,Imbalance,Bearing,0.9989,1885.1
1E.csv,Imbalance,Bearing,0.9914,1885.1
1E.csv,Imbalance,Bearing,0.9950,1885.1
1E.csv,Imbalance,Bearing,0.9866,1885.1
1E.csv,Imbalance,Bearing,0.9964,1903.4
1E.csv,Imbalance,Bearing,0.9541,1903.4
1E.csv,Imbalance,Bearing,0.9826,1903.4
1E.csv,Imbalance,Bearing,0.9985,1903.4
1E.csv,Imbalance,Bearing,0.9952,1920.0
1E.csv,Imbalance,Bearing,0.9989,1920.0
1E.csv,Imbalance,Bearing,0.5957,1920.0
1E.csv,Imbalance,Bearing,0.9974,1920.0
1E.csv,Imbalance,Bearing,0.9916,1914.1
1E.csv,Imbalance,Bearing,0.9899,1914.1
1E.csv,Imbalance,Bearing,0.9978,1914.1
1E.csv,Imbalance,Bearing,0.9997,1914.1
1E.csv,Imbalance,Bearing,0.9954,1922.1
1E.csv,Imbalance,Bearing,0.9984,1922.1
1E.csv,Imbalance,Bearing,0.9955,1922.1
1E.csv,Imbalance,Bearing,0.9975,1922.1
1E.csv,Imbalance,Bearing,0.9982,1928.5
1E.csv,Imbalance,Bearing,0.9951,1928.5
1E.csv,Imbalance,Bearing,0.9979,1928.5
1E.csv,Imbalance,Bearing,0.9898,1928.5
1E.csv,Imbalance,Bearing,0.9988,1931.0
1E.csv,Imbalance,Bearing,0.9959,1931.0
1E.csv,Imbalance,Bearing,0.9999,1931.0
1E.csv,Imbalance,Bearing,0.9990,1931.0
1E.csv,Imbalance,Bearing,0.9967,1930.3
1E.csv,Imbalance,Bearing,0.9831,1930.3
1E.csv,Imbalance,Bearing,0.9993,1930.3
1E.csv,Imbalance,Bearing,0.9956,1930.3
1E.csv,Imbalance,Imbalance,0.6845,1581.6
1E.csv,Imbalance,Imbalance,0.7726,1581.6
1E.csv,Imbalance,Bearing,0.6715,1581.6
1E.csv,Imbalance,Imbalance,0.9610,1581.6
1E.csv,Imbalance,Normal,nan,nan
2D.csv,Imbalance,Imbalance,0.9676,789.1
2D.csv,Imbalance,Imbalance,0.9344,789.1
2D.csv,Imbalance,Imbalance,0.8218,789.1
2D.csv,Imbalance,Imbalance,0.9223,789.1
2D.csv,Imbalance,Imbalance,0.9752,783.6
2D.csv,Imbalance,Imbalance,0.8958,783.6
2D.csv,Imbalance,Imbalance,0.9882,783.6
2D.csv,Imbalance,Imbalance,0.7032,783.6
2D.csv,Imbalance,Imbalance,0.9780,783.8
2D.csv,Imbalance,Imbalance,0.9893,783.8
2D.csv,Imbalance,Bearing,0.5969,783.8
2D.csv,Imbalance,Imbalance,0.6201,783.8
2D.csv,Imbalance,Bearing,0.5614,793.2
2D.csv,Imbalance,Imbalance,0.8637,793.2
2D.csv,Imbalance,Imbalance,0.6570,793.2
2D.csv,Imbalance,Imbalance,0.7888,793.2
2D.csv,Imbalance,Imbalance,0.7792,785.4
2D.csv,Imbalance,Bearing,0.5652,785.4
2D.csv,Imbalance,Imbalance,0.9840,785.4
2D.csv,Imbalance,Imbalance,0.8420,785.4
2D.csv,Imbalance,Imbalance,0.7097,780.3
2D.csv,Imbalance,Imbalance,0.5049,780.3
2D.csv,Imbalance,Imbalance,0.9815,780.3
2D.csv,Imbalance,Imbalance,0.9775,780.3
2D.csv,Imbalance,Bearing,0.5156,796.0
2D.csv,Imbalance,Imbalance,0.9981,796.0
2D.csv,Imbalance,Imbalance,0.8841,796.0
2D.csv,Imbalance,Imbalance,0.6630,796.0
2D.csv,Imbalance,Bearing,0.9532,801.1
2D.csv,Imbalance,Imbalance,0.5912,801.1
2D.csv,Imbalance,Bearing,0.8946,801.1
2D.csv,Imbalance,Bearing,0.9296,801.1
2D.csv,Imbalance,Bearing,0.9855,796.8
2D.csv,Imbalance,Imbalance,0.8700,796.8
2D.csv,Imbalance,Imbalance,0.8925,796.8
2D.csv,Imbalance,Bearing,0.9137,796.8
2D.csv,Imbalance,Bearing,0.7078,795.1
2D.csv,Imbalance,Bearing,0.8596,795.1
2D.csv,Imbalance,Imbalance,0.8848,795.1
2D.csv,Imbalance,Bearing,0.8348,795.1
2D.csv,Imbalance,Bearing,0.7172,805.7
2D.csv,Imbalance,Imbalance,0.7451,805.7
2D.csv,Imbalance,Bearing,0.9634,805.7
2D.csv,Imbalance,Bearing,0.8189,805.7
2D.csv,Imbalance,Bearing,0.8667,807.7
2D.csv,Imbalance,Bearing,0.9921,807.7
2D.csv,Imbalance,Imbalance,0.5366,807.7
2D.csv,Imbalance,Bearing,0.9169,807.7
2D.csv,Imbalance,Bearing,0.8606,799.3
2D.csv,Imbalance,Bearing,0.7572,799.3
2D.csv,Imbalance,Bearing,0.9183,799.3
2D.csv,Imbalance,Imbalance,0.7756,799.3
2D.csv,Imbalance,Imbalance,0.5888,811.4
2D.csv,Imbalance,Bearing,0.9686,811.4
2D.csv,Imbalance,Imbalance,0.9179,811.4
2D.csv,Imbalance,Imbalance,0.8932,811.4
2D.csv,Imbalance,Bearing,0.7892,816.7
2D.csv,Imbalance,Imbalance,0.5014,816.7
2D.csv,Imbalance,Imbalance,0.5205,816.7
2D.csv,Imbalance,Bearing,0.7361,816.7
2D.csv,Imbalance,Imbalance,0.8622,823.2
2D.csv,Imbalance,Imbalance,0.7279,823.2
2D.csv,Imbalance,Bearing,0.9108,823.2
2D.csv,Imbalance,Imbalance,0.8809,823.2
2D.csv,Imbalance,Imbalance,0.7933,823.5
2D.csv,Imbalance,Imbalance,0.9627,823.5
2D.csv,Imbalance,Imbalance,0.8292,823.5
2D.csv,Imbalance,Bearing,0.8810,823.5
2D.csv,Imbalance,Imbalance,0.8716,817.7
2D.csv,Imbalance,Imbalance,0.8910,817.7
2D.csv,Imbalance,Bearing,0.5033,817.7
2D.csv,Imbalance,Bearing,0.5062,817.7
2D.csv,Imbalance,Imbalance,0.9256,820.7
2D.csv,Imbalance,Imbalance,0.6058,820.7
2D.csv,Imbalance,Imbalance,0.9408,820.7
2D.csv,Imbalance,Imbalance,0.9721,820.7
2D.csv,Imbalance,Imbalance,0.5402,833.6
2D.csv,Imbalance,Bearing,0.8876,833.6
2D.csv,Imbalance,Imbalance,0.7793,833.6
2D.csv,Imbalance,Imbalance,0.9479,833.6
2D.csv,Imbalance,Imbalance,0.7601,826.9
2D.csv,Imbalance,Imbalance,0.5904,826.9
2D.csv,Imbalance,Imbalance,0.9927,826.9
2D.csv,Imbalance,Imbalance,0.9964,826.9
2D.csv,Imbalance,Imbalance,0.9964,828.2
2D.csv,Imbalance,Imbalance,0.9913,828.2
2D.csv,Imbalance,Imbalance,0.9828,828.2
2D.csv,Imbalance,Imbalance,0.9348,828.2
2D.csv,Imbalance,Imbalance,0.9739,832.0
2D.csv,Imbalance,Imbalance,0.9951,832.0
2D.csv,Imbalance,Imbalance,0.9694,832.0
2D.csv,Imbalance,Imbalance,0.9888,832.0
2D.csv,Imbalance,Imbalance,0.8619,852.9
2D.csv,Imbalance,Imbalance,0.9944,852.9
2D.csv,Imbalance,Imbalance,0.9920,852.9
2D.csv,Imbalance,Imbalance,0.9788,852.9
2D.csv,Imbalance,Imbalance,0.9989,853.6
2D.csv,Imbalance,Imbalance,0.9021,853.6
2D.csv,Imbalance,Imbalance,0.9667,853.6
2D.csv,Imbalance,Imbalance,0.9971,853.6
2D.csv,Imbalance,Imbalance,0.8405,853.9
2D.csv,Imbalance,Imbalance,0.9877,853.9
2D.csv,Imbalance,Imbalance,0.9505,853.9
2D.csv,Imbalance,Imbalance,0.9834,853.9
2D.csv,Imbalance,Imbalance,0.9658,850.2
2D.csv,Imbalance,Imbalance,0.9398,850.2
2D.csv,Imbalance,Imbalance,0.9900,850.2
2D.csv,Imbalance,Imbalance,0.9959,850.2
2D.csv,Imbalance,Imbalance,0.9877,855.0
2D.csv,Imbalance,Imbalance,0.9090,855.0
2D.csv,Imbalance,Imbalance,0.9977,855.0
2D.csv,Imbalance,Imbalance,0.9548,855.0
2D.csv,Imbalance,Imbalance,0.9949,854.8
2D.csv,Imbalance,Imbalance,0.9770,854.8
2D.csv,Imbalance,Imbalance,0.9967,854.8
2D.csv,Imbalance,Imbalance,0.9674,854.8
2D.csv,Imbalance,Imbalance,0.9992,847.8
2D.csv,Imbalance,Imbalance,0.9942,847.8
2D.csv,Imbalance,Imbalance,0.9877,847.8
2D.csv,Imbalance,Imbalance,0.7001,847.8
2D.csv,Imbalance,Imbalance,0.9881,853.2
2D.csv,Imbalance,Imbalance,0.9930,853.2
2D.csv,Imbalance,Imbalance,0.9868,853.2
2D.csv,Imbalance,Imbalance,0.9935,853.2
2D.csv,Imbalance,Imbalance,0.9995,858.3
2D.csv,Imbalance,Imbalance,0.9994,858.3
2D.csv,Imbalance,Imbalance,0.9963,858.3
2D.csv,Imbalance,Imbalance,0.9975,858.3
2D.csv,Imbalance,Imbalance,0.9898,865.6
2D.csv,Imbalance,Imbalance,0.9925,865.6
2D.csv,Imbalance,Imbalance,0.9976,865.6
2D.csv,Imbalance,Imbalance,0.9983,865.6
2D.csv,Imbalance,Imbalance,0.9901,859.2
2D.csv,Imbalance,Imbalance,0.9433,859.2
2D.csv,Imbalance,Imbalance,0.9966,859.2
2D.csv,Imbalance,Imbalance,0.9925,859.2
2D.csv,Imbalance,Imbalance,0.9913,862.4
2D.csv,Imbalance,Imbalance,0.9976,862.4
2D.csv,Imbalance,Imbalance,0.9985,862.4
2D.csv,Imbalance,Imbalance,0.9979,862.4
2D.csv,Imbalance,Imbalance,0.9975,869.7
2D.csv,Imbalance,Imbalance,0.9981,869.7
2D.csv,Imbalance,Imbalance,0.9987,869.7
2D.csv,Imbalance,Imbalance,0.9977,869.7
2D.csv,Imbalance,Imbalance,0.9971,863.7
2D.csv,Imbalance,Imbalance,0.9942,863.7
2D.csv,Imbalance,Imbalance,0.9955,863.7
2D.csv,Imbalance,Imbalance,0.9973,863.7
2D.csv,Imbalance,Imbalance,0.9916,883.6
2D.csv,Imbalance,Imbalance,0.9952,883.6
2D.csv,Imbalance,Imbalance,0.9960,883.6
2D.csv,Imbalance,Imbalance,0.9943,883.6
2D.csv,Imbalance,Imbalance,0.9996,880.5
2D.csv,Imbalance,Imbalance,0.9846,880.5
2D.csv,Imbalance,Imbalance,0.9977,880.5
2D.csv,Imbalance,Imbalance,0.9945,880.5
2D.csv,Imbalance,Imbalance,0.9992,879.3
2D.csv,Imbalance,Imbalance,0.9965,879.3
2D.csv,Imbalance,Imbalance,0.9975,879.3
2D.csv,Imbalance,Imbalance,0.9972,879.3
2D.csv,Imbalance,Imbalance,0.9978,880.5
2D.csv,Imbalance,Imbalance,0.9967,880.5
2D.csv,Imbalance,Imbalance,0.9993,880.5
2D.csv,Imbalance,Imbalance,0.9976,880.5
2D.csv,Imbalance,Imbalance,0.9976,879.3
2D.csv,Imbalance,Imbalance,0.9973,879.3
2D.csv,Imbalance,Imbalance,0.9968,879.3
2D.csv,Imbalance,Imbalance,0.9990,879.3
2D.csv,Imbalance,Imbalance,0.9981,885.0
2D.csv,Imbalance,Imbalance,0.9980,885.0
2D.csv,Imbalance,Imbalance,0.9976,885.0
2D.csv,Imbalance,Imbalance,0.9992,885.0
2D.csv,Imbalance,Imbalance,0.9997,904.8
2D.csv,Imbalance,Imbalance,0.9998,904.8
2D.csv,Imbalance,Imbalance,0.9990,904.8
2D.csv,Imbalance,Imbalance,0.9983,904.8
2D.csv,Imbalance,Imbalance,0.9990,884.1
2D.csv,Imbalance,Imbalance,0.9982,884.1
2D.csv,Imbalance,Imbalance,0.9963,884.1
2D.csv,Imbalance,Imbalance,0.9995,884.1
2D.csv,Imbalance,Imbalance,0.9952,888.8
2D.csv,Imbalance,Imbalance,0.9995,888.8
2D.csv,Imbalance,Imbalance,0.9992,888.8
2D.csv,Imbalance,Imbalance,0.9995,888.8
2D.csv,Imbalance,Imbalance,0.9960,903.9
2D.csv,Imbalance,Imbalance,0.9998,903.9
2D.csv,Imbalance,Imbalance,0.9988,903.9
2D.csv,Imbalance,Imbalance,0.9990,903.9
2D.csv,Imbalance,Imbalance,0.9996,909.9
2D.csv,Imbalance,Imbalance,0.9988,909.9
2D.csv,Imbalance,Imbalance,0.9988,909.9
2D.csv,Imbalance,Imbalance,0.9996,909.9
2D.csv,Imbalance,Imbalance,0.9928,879.6
2D.csv,Imbalance,Imbalance,0.9978,879.6
2D.csv,Imbalance,Imbalance,0.9994,879.6
2D.csv,Imbalance,Imbalance,0.9988,879.6
2D.csv,Imbalance,Imbalance,0.9992,905.2
2D.csv,Imbalance,Imbalance,0.9995,905.2
2D.csv,Imbalance,Imbalance,0.9996,905.2
2D.csv,Imbalance,Imbalance,0.9994,905.2
2D.csv,Imbalance,Imbalance,0.9983,910.5
2D.csv,Imbalance,Imbalance,0.9991,910.5
2D.csv,Imbalance,Imbalance,0.9986,910.5
2D.csv,Imbalance,Imbalance,0.9994,910.5
2D.csv,Imbalance,Imbalance,0.9993,912.2
2D.csv,Imbalance,Imbalance,0.9967,912.2
2D.csv,Imbalance,Imbalance,0.9981,912.2
2D.csv,Imbalance,Imbalance,0.9994,912.2
2D.csv,Imbalance,Imbalance,0.9996,910.5
2D.csv,Imbalance,Imbalance,0.9981,910.5
2D.csv,Imbalance,Imbalance,0.9988,910.5
2D.csv,Imbalance,Imbalance,0.9991,910.5
2D.csv,Imbalance,Imbalance,0.9994,918.3
2D.csv,Imbalance,Imbalance,0.9994,918.3
2D.csv,Imbalance,Imbalance,0.9994,918.3
2D.csv,Imbalance,Imbalance,0.9991,918.3
2D.csv,Imbalance,Imbalance,0.9990,923.4
2D.csv,Imbalance,Imbalance,0.9987,923.4
2D.csv,Imbalance,Imbalance,0.9975,923.4
2D.csv,Imbalance,Imbalance,0.9997,923.4
2D.csv,Imbalance,Imbalance,0.9994,929.4
2D.csv,Imbalance,Imbalance,0.9993,929.4
2D.csv,Imbalance,Imbalance,0.9979,929.4
2D.csv,Imbalance,Imbalance,0.9995,929.4
2D.csv,Imbalance,Imbalance,0.9985,921.9
2D.csv,Imbalance,Imbalance,0.9989,921.9
2D.csv,Imbalance,Imbalance,0.9963,921.9
2D.csv,Imbalance,Imbalance,0.9983,921.9
2D.csv,Imbalance,Imbalance,0.9980,922.1
2D.csv,Imbalance,Imbalance,0.9982,922.1
2D.csv,Imbalance,Imbalance,0.9945,922.1
2D.csv,Imbalance,Imbalance,0.9974,922.1
2D.csv,Imbalance,Imbalance,0.9932,933.6
2D.csv,Imbalance,Imbalance,0.9991,933.6
2D.csv,Imbalance,Imbalance,0.9986,933.6
2D.csv,Imbalance,Imbalance,0.9889,933.6
2D.csv,Imbalance,Imbalance,0.9973,933.4
2D.csv,Imbalance,Imbalance,0.9977,933.4
2D.csv,Imbalance,Imbalance,0.9901,933.4
2D.csv,Imbalance,Imbalance,0.9951,933.4
2D.csv,Imbalance,Imbalance,0.9989,931.9
2D.csv,Imbalance,Imbalance,0.9981,931.9
2D.csv,Imbalance,Imbalance,0.9982,931.9
2D.csv,Imbalance,Imbalance,0.9982,931.9
2D.csv,Imbalance,Imbalance,0.9820,932.0
2D.csv,Imbalance,Imbalance,0.9997,932.0
2D.csv,Imbalance,Imbalance,0.9922,932.0
2D.csv,Imbalance,Imbalance,0.9995,932.0
2D.csv,Imbalance,Imbalance,0.9865,936.9
2D.csv,Imbalance,Imbalance,0.9910,936.9
2D.csv,Imbalance,Imbalance,0.9987,936.9
2D.csv,Imbalance,Imbalance,0.9974,936.9
2D.csv,Imbalance,Imbalance,0.9830,942.1
2D.csv,Imbalance,Imbalance,0.9938,942.1
2D.csv,Imbalance,Imbalance,0.9891,942.1
2D.csv,Imbalance,Imbalance,0.9336,942.1
2D.csv,Imbalance,Imbalance,0.9834,935.6
2D.csv,Imbalance,Imbalance,0.9807,935.6
2D.csv,Imbalance,Imbalance,0.8909,935.6
2D.csv,Imbalance,Imbalance,0.9609,935.6
2D.csv,Imbalance,Imbalance,0.9855,934.7
2D.csv,Imbalance,Imbalance,0.9920,934.7
2D.csv,Imbalance,Imbalance,0.9882,934.7
2D.csv,Imbalance,Imbalance,0.9954,934.7
2D.csv,Imbalance,Imbalance,0.9824,939.7
2D.csv,Imbalance,Imbalance,0.9162,939.7
2D.csv,Imbalance,Imbalance,0.9934,939.7
2D.csv,Imbalance,Imbalance,0.9939,939.7
2D.csv,Imbalance,Imbalance,0.9993,971.9
2D.csv,Imbalance,Imbalance,0.9983,971.9
2D.csv,Imbalance,Imbalance,0.9979,971.9
2D.csv,Imbalance,Imbalance,0.9962,971.9
2D.csv,Imbalance,Imbalance,0.9871,958.1
2D.csv,Imbalance,Imbalance,0.9937,958.1
2D.csv,Imbalance,Imbalance,0.9951,958.1
2D.csv,Imbalance,Imbalance,0.9959,958.1
2D.csv,Imbalance,Imbalance,0.9939,939.3
2D.csv,Imbalance,Imbalance,0.9946,939.3
2D.csv,Imbalance,Imbalance,0.9968,939.3
2D.csv,Imbalance,Imbalance,0.9907,939.3
2D.csv,Imbalance,Imbalance,0.9977,976.4
2D.csv,Imbalance,Imbalance,0.9985,976.4
2D.csv,Imbalance,Imbalance,0.9995,976.4
2D.csv,Imbalance,Imbalance,0.9817,976.4
2D.csv,Imbalance,Imbalance,0.9986,956.1
2D.csv,Imbalance,Imbalance,0.9907,956.1
2D.csv,Imbalance,Imbalance,0.9955,956.1
2D.csv,Imbalance,Imbalance,0.9964,956.1
2D.csv,Imbalance,Imbalance,0.9975,979.9
2D.csv,Imbalance,Imbalance,0.9960,979.9
2D.csv,Imbalance,Imbalance,0.9978,979.9
2D.csv,Imbalance,Imbalance,0.9989,979.9
2D.csv,Imbalance,Imbalance,0.9976,955.9
2D.csv,Imbalance,Imbalance,0.9988,955.9
2D.csv,Imbalance,Imbalance,0.9992,955.9
2D.csv,Imbalance,Imbalance,0.9998,955.9
2D.csv,Imbalance,Imbalance,0.9995,975.9
2D.csv,Imbalance,Imbalance,0.9978,975.9
2D.csv,Imbalance,Imbalance,0.9955,975.9
2D.csv,Imbalance,Imbalance,0.9992,975.9
2D.csv,Imbalance,Imbalance,0.9989,973.4
2D.csv,Imbalance,Imbalance,0.9990,973.4
2D.csv,Imbalance,Imbalance,0.9983,973.4
2D.csv,Imbalance,Imbalance,0.9989,973.4
2D.csv,Imbalance,Imbalance,0.9991,983.5
2D.csv,Imbalance,Imbalance,0.9983,983.5
2D.csv,Imbalance,Imbalance,0.9882,983.5
2D.csv,Imbalance,Imbalance,0.9996,983.5
2D.csv,Imbalance,Imbalance,0.9988,973.5
2D.csv,Imbalance,Imbalance,0.9979,973.5
2D.csv,Imbalance,Imbalance,0.9948,973.5
2D.csv,Imbalance,Imbalance,0.9999,973.5
2D.csv,Imbalance,Imbalance,0.9995,978.4
2D.csv,Imbalance,Imbalance,0.9990,978.4
2D.csv,Imbalance,Imbalance,0.9982,978.4
2D.csv,Imbalance,Imbalance,0.9920,978.4
2D.csv,Imbalance,Imbalance,0.9990,993.1
2D.csv,Imbalance,Imbalance,0.9990,993.1
2D.csv,Imbalance,Imbalance,0.9966,993.1
2D.csv,Imbalance,Imbalance,0.9944,993.1
2D.csv,Imbalance,Imbalance,0.9976,983.2
2D.csv,Imbalance,Imbalance,0.9973,983.2
2D.csv,Imbalance,Imbalance,0.9993,983.2
2D.csv,Imbalance,Imbalance,0.9969,983.2
2D.csv,Imbalance,Imbalance,0.9979,992.6
2D.csv,Imbalance,Imbalance,0.9996,992.6
2D.csv,Imbalance,Imbalance,0.9982,992.6
2D.csv,Imbalance,Imbalance,0.9991,992.6
2D.csv,Imbalance,Imbalance,0.9992,990.2
2D.csv,Imbalance,Imbalance,0.9993,990.2
2D.csv,Imbalance,Imbalance,0.9982,990.2
2D.csv,Imbalance,Imbalance,0.9990,990.2
2D.csv,Imbalance,Imbalance,0.9988,994.5
2D.csv,Imbalance,Imbalance,0.9983,994.5
2D.csv,Imbalance,Imbalance,0.9804,994.5
2D.csv,Imbalance,Imbalance,0.9973,994.5
2D.csv,Imbalance,Imbalance,0.9991,996.7
2D.csv,Imbalance,Imbalance,0.9993,996.7
2D.csv,Imbalance,Imbalance,0.9958,996.7
2D.csv,Imbalance,Imbalance,0.9983,996.7
2D.csv,Imbalance,Imbalance,0.9986,996.1
2D.csv,Imbalance,Imbalance,0.9989,996.1
2D.csv,Imbalance,Imbalance,0.9980,996.1
2D.csv,Imbalance,Imbalance,0.9960,996.1
2D.csv,Imbalance,Imbalance,0.9990,998.7
2D.csv,Imbalance,Imbalance,0.9992,998.7
2D.csv,Imbalance,Imbalance,0.9932,998.7
2D.csv,Imbalance,Imbalance,0.9973,998.7
2D.csv,Imbalance,Imbalance,0.9996,1007.1
2D.csv,Imbalance,Imbalance,0.9959,1007.1
2D.csv,Imbalance,Imbalance,0.9948,1007.1
2D.csv,Imbalance,Imbalance,0.9979,1007.1
2D.csv,Imbalance,Imbalance,0.9941,1013.7
2D.csv,Imbalance,Imbalance,0.9977,1013.7
2D.csv,Imbalance,Imbalance,0.9972,1013.7
2D.csv,Imbalance,Imbalance,0.9974,1013.7
2D.csv,Imbalance,Imbalance,0.9929,1014.1
2D.csv,Imbalance,Imbalance,0.9987,1014.1
2D.csv,Imbalance,Imbalance,0.9991,1014.1
2D.csv,Imbalance,Imbalance,0.9968,1014.1
2D.csv,Imbalance,Imbalance,0.9982,1021.6
2D.csv,Imbalance,Imbalance,0.9983,1021.6
2D.csv,Imbalance,Imbalance,0.9964,1021.6
2D.csv,Imbalance,Imbalance,0.9953,1021.6
2D.csv,Imbalance,Imbalance,0.9925,1030.1
2D.csv,Imbalance,Imbalance,0.9984,1030.1
2D.csv,Imbalance,Imbalance,0.9952,1030.1
2D.csv,Imbalance,Imbalance,0.9973,1030.1
2D.csv,Imbalance,Imbalance,0.9947,1028.5
2D.csv,Imbalance,Imbalance,0.9946,1028.5
2D.csv,Imbalance,Imbalance,0.9966,1028.5
2D.csv,Imbalance,Imbalance,0.9514,1028.5
2D.csv,Imbalance,Imbalance,0.9860,1028.3
2D.csv,Imbalance,Imbalance,0.9876,1028.3
2D.csv,Imbalance,Imbalance,0.9989,1028.3
2D.csv,Imbalance,Imbalance,0.9979,1028.3
2D.csv,Imbalance,Imbalance,0.9968,1032.6
2D.csv,Imbalance,Imbalance,0.9778,1032.6
2D.csv,Imbalance,Imbalance,0.9858,1032.6
2D.csv,Imbalance,Imbalance,0.9951,1032.6
2D.csv,Imbalance,Imbalance,0.9991,1027.5
2D.csv,Imbalance,Imbalance,0.9966,1027.5
2D.csv,Imbalance,Imbalance,0.9959,1027.5
2D.csv,Imbalance,Imbalance,0.9864,1027.5
2D.csv,Imbalance,Imbalance,0.9983,1027.9
2D.csv,Imbalance,Imbalance,0.9883,1027.9
2D.csv,Imbalance,Imbalance,0.9658,1027.9
2D.csv,Imbalance,Imbalance,0.9855,1027.9
2D.csv,Imbalance,Imbalance,0.9971,1044.7
2D.csv,Imbalance,Imbalance,0.9498,1044.7
2D.csv,Imbalance,Imbalance,0.9930,1044.7
2D.csv,Imbalance,Imbalance,0.9962,1044.7
2D.csv,Imbalance,Imbalance,0.9591,1023.2
2D.csv,Imbalance,Imbalance,0.9845,1023.2
2D.csv,Imbalance,Imbalance,0.9843,1023.2
2D.csv,Imbalance,Imbalance,0.9278,1023.2
2D.csv,Imbalance,Imbalance,0.9970,1046.3
2D.csv,Imbalance,Imbalance,0.9968,1046.3
2D.csv,Imbalance,Imbalance,0.9961,1046.3
2D.csv,Imbalance,Imbalance,0.9857,1046.3
2D.csv,Imbalance,Imbalance,0.9935,1037.5
2D.csv,Imbalance,Imbalance,0.9936,1037.5
2D.csv,Imbalance,Imbalance,0.9975,1037.5
2D.csv,Imbalance,Imbalance,0.9956,1037.5
2D.csv,Imbalance,Imbalance,0.9992,1037.9
2D.csv,Imbalance,Imbalance,0.9855,1037.9
2D.csv,Imbalance,Imbalance,0.9980,1037.9
2D.csv,Imbalance,Imbalance,0.9985,1037.9
2D.csv,Imbalance,Imbalance,0.9952,1041.2
2D.csv,Imbalance,Imbalance,0.9990,1041.2
2D.csv,Imbalance,Imbalance,0.9977,1041.2
2D.csv,Imbalance,Imbalance,0.9420,1041.2
2D.csv,Imbalance,Imbalance,0.9973,1046.0
2D.csv,Imbalance,Imbalance,0.9964,1046.0
2D.csv,Imbalance,Imbalance,0.9933,1046.0
2D.csv,Imbalance,Imbalance,0.9967,1046.0
2D.csv,Imbalance,Imbalance,0.9981,1040.9
2D.csv,Imbalance,Imbalance,0.9976,1040.9
2D.csv,Imbalance,Imbalance,0.9963,1040.9
2D.csv,Imbalance,Imbalance,0.9836,1040.9
2D.csv,Imbalance,Imbalance,0.9892,1051.3
2D.csv,Imbalance,Imbalance,0.9967,1051.3
2D.csv,Imbalance,Imbalance,0.9984,1051.3
2D.csv,Imbalance,Imbalance,0.9955,1051.3
2D.csv,Imbalance,Imbalance,0.9943,1053.2
2D.csv,Imbalance,Imbalance,0.9778,1053.2
2D.csv,Imbalance,Imbalance,0.9182,1053.2
2D.csv,Imbalance,Imbalance,0.9919,1053.2
2D.csv,Imbalance,Imbalance,0.9980,1060.3
2D.csv,Imbalance,Imbalance,0.7372,1060.3
2D.csv,Imbalance,Imbalance,0.9831,1060.3
2D.csv,Imbalance,Imbalance,0.9686,1060.3
2D.csv,Imbalance,Imbalance,0.9945,1067.1
2D.csv,Imbalance,Imbalance,0.9363,1067.1
2D.csv,Imbalance,Imbalance,0.8800,1067.1
2D.csv,Imbalance,Imbalance,0.9956,1067.1
2D.csv,Imbalance,Imbalance,0.9981,1059.6
2D.csv,Imbalance,Imbalance,0.9898,1059.6
2D.csv,Imbalance,Imbalance,0.9948,1059.6
2D.csv,Imbalance,Imbalance,0.9935,1059.6
2D.csv,Imbalance,Imbalance,0.9970,1070.9
2D.csv,Imbalance,Imbalance,0.9883,1070.9
2D.csv,Imbalance,Imbalance,0.9990,1070.9
2D.csv,Imbalance,Imbalance,0.8738,1070.9
2D.csv,Imbalance,Imbalance,0.9927,1061.2
2D.csv,Imbalance,Imbalance,0.9427,1061.2
2D.csv,Imbalance,Imbalance,0.9867,1061.2
2D.csv,Imbalance,Imbalance,0.9201,1061.2
2D.csv,Imbalance,Imbalance,0.9369,1068.0
2D.csv,Imbalance,Imbalance,0.9574,1068.0
2D.csv,Imbalance,Imbalance,0.9916,1068.0
2D.csv,Imbalance,Imbalance,0.9937,1068.0
2D.csv,Imbalance,Imbalance,0.9805,1077.0
2D.csv,Imbalance,Imbalance,0.9978,1077.0
2D.csv,Imbalance,Imbalance,0.9430,1077.0
2D.csv,Imbalance,Imbalance,0.8045,1077.0
2D.csv,Imbalance,Imbalance,0.9990,1055.9
2D.csv,Imbalance,Imbalance,0.9952,1055.9
2D.csv,Imbalance,Imbalance,0.9932,1055.9
2D.csv,Imbalance,Imbalance,0.9900,1055.9
2D.csv,Imbalance,Imbalance,0.9974,1054.7
2D.csv,Imbalance,Imbalance,0.9984,1054.7
2D.csv,Imbalance,Imbalance,0.9977,1054.7
2D.csv,Imbalance,Imbalance,0.9879,1054.7
2D.csv,Imbalance,Imbalance,0.9588,1092.6
2D.csv,Imbalance,Imbalance,0.9010,1092.6
2D.csv,Imbalance,Imbalance,0.9943,1092.6
2D.csv,Imbalance,Imbalance,0.9845,1092.6
2D.csv,Imbalance,Imbalance,0.9646,1093.6
2D.csv,Imbalance,Imbalance,0.9882,1093.6
2D.csv,Imbalance,Imbalance,0.9944,1093.6
2D.csv,Imbalance,Imbalance,0.9991,1093.6
2D.csv,Imbalance,Imbalance,0.9984,1096.3
2D.csv,Imbalance,Imbalance,0.9989,1096.3
2D.csv,Imbalance,Imbalance,0.9989,1096.3
2D.csv,Imbalance,Imbalance,0.9816,1096.3
2D.csv,Imbalance,Imbalance,0.9913,1088.9
2D.csv,Imbalance,Imbalance,0.9971,1088.9
2D.csv,Imbalance,Imbalance,0.9985,1088.9
2D.csv,Imbalance,Imbalance,0.9988,1088.9
2D.csv,Imbalance,Imbalance,0.9971,1091.4
2D.csv,Imbalance,Imbalance,0.9761,1091.4
2D.csv,Imbalance,Imbalance,0.9914,1091.4
2D.csv,Imbalance,Imbalance,0.9981,1091.4
2D.csv,Imbalance,Imbalance,0.9981,1099.5
2D.csv,Imbalance,Imbalance,0.9583,1099.5
2D.csv,Imbalance,Imbalance,0.7336,1099.5
2D.csv,Imbalance,Imbalance,0.9996,1099.5
2D.csv,Imbalance,Imbalance,0.9779,1103.9
2D.csv,Imbalance,Imbalance,0.9914,1103.9
2D.csv,Imbalance,Imbalance,0.9654,1103.9
2D.csv,Imbalance,Imbalance,0.9929,1103.9
2D.csv,Imbalance,Imbalance,0.9776,1101.4
2D.csv,Imbalance,Imbalance,0.9871,1101.4
2D.csv,Imbalance,Imbalance,0.9081,1101.4
2D.csv,Imbalance,Imbalance,0.9042,1101.4
2D.csv,Imbalance,Imbalance,0.9695,1099.9
2D.csv,Imbalance,Imbalance,0.9701,1099.9
2D.csv,Imbalance,Imbalance,0.9661,1099.9
2D.csv,Imbalance,Imbalance,0.8887,1099.9
2D.csv,Imbalance,Imbalance,0.9612,1099.7
2D.csv,Imbalance,Imbalance,0.9921,1099.7
2D.csv,Imbalance,Imbalance,0.9331,1099.7
2D.csv,Imbalance,Imbalance,0.9577,1099.7
2D.csv,Imbalance,Imbalance,0.9875,1116.7
2D.csv,Imbalance,Imbalance,0.9332,1116.7
2D.csv,Imbalance,Imbalance,0.9438,1116.7
2D.csv,Imbalance,Imbalance,0.9635,1116.7
2D.csv,Imbalance,Imbalance,0.8175,1119.5
2D.csv,Imbalance,Imbalance,0.8560,1119.5
2D.csv,Imbalance,Imbalance,0.9266,1119.5
2D.csv,Imbalance,Imbalance,0.9307,1119.5
2D.csv,Imbalance,Imbalance,0.6686,1120.6
2D.csv,Imbalance,Imbalance,0.9098,1120.6
2D.csv,Imbalance,Imbalance,0.9068,1120.6
2D.csv,Imbalance,Imbalance,0.7931,1120.6
2D.csv,Imbalance,Imbalance,0.9592,1102.9
2D.csv,Imbalance,Imbalance,0.9824,1102.9
2D.csv,Imbalance,Imbalance,0.9844,1102.9
2D.csv,Imbalance,Imbalance,0.8132,1102.9
2D.csv,Imbalance,Imbalance,0.9712,1124.5
2D.csv,Imbalance,Imbalance,0.9040,1124.5
2D.csv,Imbalance,Imbalance,0.9681,1124.5
2D.csv,Imbalance,Imbalance,0.8516,1124.5
2D.csv,Imbalance,Bearing,0.6431,1123.0
2D.csv,Imbalance,Imbalance,0.9570,1123.0
2D.csv,Imbalance,Imbalance,0.8629,1123.0
2D.csv,Imbalance,Imbalance,0.6259,1123.0
2D.csv,Imbalance,Bearing,0.6662,1130.9
2D.csv,Imbalance,Imbalance,0.9291,1130.9
2D.csv,Imbalance,Imbalance,0.9245,1130.9
2D.csv,Imbalance,Imbalance,0.7667,1130.9
2D.csv,Imbalance,Imbalance,0.9416,1128.6
2D.csv,Imbalance,Imbalance,0.7339,1128.6
2D.csv,Imbalance,Bearing,0.5265,1128.6
2D.csv,Imbalance,Imbalance,0.9683,1128.6
2D.csv,Imbalance,Imbalance,0.7284,1134.9
2D.csv,Imbalance,Imbalance,0.8382,1134.9
2D.csv,Imbalance,Imbalance,0.9722,1134.9
2D.csv,Imbalance,Imbalance,0.7811,1134.9
2D.csv,Imbalance,Imbalance,0.9142,1129.8
2D.csv,Imbalance,Imbalance,0.5739,1129.8
2D.csv,Imbalance,Bearing,0.5363,1129.8
2D.csv,Imbalance,Imbalance,0.9509,1129.8
2D.csv,Imbalance,Imbalance,0.9268,1134.9
2D.csv,Imbalance,Bearing,0.6177,1134.9
2D.csv,Imbalance,Imbalance,0.8095,1134.9
2D.csv,Imbalance,Imbalance,0.6375,1134.9
2D.csv,Imbalance,Imbalance,0.8051,1147.3
2D.csv,Imbalance,Imbalance,0.5451,1147.3
2D.csv,Imbalance,Imbalance,0.7062,1147.3
2D.csv,Imbalance,Imbalance,0.9178,1147.3
2D.csv,Imbalance,Imbalance,0.7746,1109.7
2D.csv,Imbalance,Imbalance,0.8349,1109.7
2D.csv,Imbalance,Imbalance,0.9376,1109.7
2D.csv,Imbalance,Imbalance,0.7398,1109.7
2D.csv,Imbalance,Imbalance,0.9436,1157.0
2D.csv,Imbalance,Imbalance,0.5720,1157.0
2D.csv,Imbalance,Imbalance,0.6137,1157.0
2D.csv,Imbalance,Imbalance,0.9290,1157.0
2D.csv,Imbalance,Imbalance,0.6792,1136.2
2D.csv,Imbalance,Imbalance,0.9176,1136.2
2D.csv,Imbalance,Imbalance,0.9297,1136.2
2D.csv,Imbalance,Imbalance,0.9885,1136.2
2D.csv,Imbalance,Imbalance,0.8485,1149.0
2D.csv,Imbalance,Imbalance,0.9731,1149.0
2D.csv,Imbalance,Bearing,0.5107,1149.0
2D.csv,Imbalance,Imbalance,0.9354,1149.0
2D.csv,Imbalance,Imbalance,0.7555,1158.3
2D.csv,Imbalance,Imbalance,0.7827,1158.3
2D.csv,Imbalance,Imbalance,0.8638,1158.3
2D.csv,Imbalance,Imbalance,0.8052,1158.3
2D.csv,Imbalance,Imbalance,0.8358,1164.2
2D.csv,Imbalance,Imbalance,0.7933,1164.2
2D.csv,Imbalance,Imbalance,0.6364,1164.2
2D.csv,Imbalance,Imbalance,0.8126,1164.2
2D.csv,Imbalance,Imbalance,0.8714,1144.4
2D.csv,Imbalance,Imbalance,0.8537,1144.4
2D.csv,Imbalance,Imbalance,0.8230,1144.4
2D.csv,Imbalance,Imbalance,0.8448,1144.4
2D.csv,Imbalance,Imbalance,0.8699,1160.8
2D.csv,Imbalance,Imbalance,0.5159,1160.8
2D.csv,Imbalance,Imbalance,0.5344,1160.8
2D.csv,Imbalance,Imbalance,0.8287,1160.8
2D.csv,Imbalance,Imbalance,0.9358,1150.5
2D.csv,Imbalance,Imbalance,0.7545,1150.5
2D.csv,Imbalance,Bearing,0.8033,1150.5
2D.csv,Imbalance,Imbalance,0.9370,1150.5
2D.csv,Imbalance,Imbalance,0.8525,1173.6
2D.csv,Imbalance,Imbalance,0.5023,1173.6
2D.csv,Imbalance,Imbalance,0.6568,1173.6
2D.csv,Imbalance,Imbalance,0.7116,1173.6
2D.csv,Imbalance,Imbalance,0.8596,1164.7
2D.csv,Imbalance,Imbalance,0.8143,1164.7
2D.csv,Imbalance,Bearing,0.5476,1164.7
2D.csv,Imbalance,Imbalance,0.8113,1164.7
2D.csv,Imbalance,Bearing,0.7604,1173.3
2D.csv,Imbalance,Imbalance,0.5781,1173.3
2D.csv,Imbalance,Bearing,0.9797,1173.3
2D.csv,Imbalance,Bearing,0.6863,1173.3
2D.csv,Imbalance,Bearing,0.7145,1170.3
2D.csv,Imbalance,Bearing,0.8803,1170.3
2D.csv,Imbalance,Imbalance,0.8333,1170.3
2D.csv,Imbalance,Bearing,0.5319,1170.3
2D.csv,Imbalance,Imbalance,0.9199,1185.1
2D.csv,Imbalance,Imbalance,0.8908,1185.1
2D.csv,Imbalance,Imbalance,0.7287,1185.1
2D.csv,Imbalance,Imbalance,0.7127,1185.1
2D.csv,Imbalance,Imbalance,0.8722,1176.4
2D.csv,Imbalance,Imbalance,0.6125,1176.4
2D.csv,Imbalance,Imbalance,0.5495,1176.4
2D.csv,Imbalance,Bearing,0.7566,1176.4
2D.csv,Imbalance,Bearing,0.7905,1176.1
2D.csv,Imbalance,Bearing,0.6542,1176.1
2D.csv,Imbalance,Bearing,0.6461,1176.1
2D.csv,Imbalance,Imbalance,0.6396,1176.1
2D.csv,Imbalance,Imbalance,0.9355,1169.7
2D.csv,Imbalance,Imbalance,0.6272,1169.7
2D.csv,Imbalance,Imbalance,0.7994,1169.7
2D.csv,Imbalance,Imbalance,0.8709,1169.7
2D.csv,Imbalance,Imbalance,0.9558,1186.9
2D.csv,Imbalance,Imbalance,0.9683,1186.9
2D.csv,Imbalance,Imbalance,0.6873,1186.9
2D.csv,Imbalance,Imbalance,0.9257,1186.9
2D.csv,Imbalance,Imbalance,0.9469,1186.7
2D.csv,Imbalance,Imbalance,0.9734,1186.7
2D.csv,Imbalance,Imbalance,0.9897,1186.7
2D.csv,Imbalance,Imbalance,0.9800,1186.7
2D.csv,Imbalance,Imbalance,0.9848,1186.4
2D.csv,Imbalance,Imbalance,0.9706,1186.4
2D.csv,Imbalance,Imbalance,0.9799,1186.4
2D.csv,Imbalance,Imbalance,0.9675,1186.4
2D.csv,Imbalance,Imbalance,0.9941,1206.9
2D.csv,Imbalance,Imbalance,0.9704,1206.9
2D.csv,Imbalance,Imbalance,0.9725,1206.9
2D.csv,Imbalance,Imbalance,0.9698,1206.9
2D.csv,Imbalance,Imbalance,0.5021,1183.5
2D.csv,Imbalance,Imbalance,0.8947,1183.5
2D.csv,Imbalance,Imbalance,0.9627,1183.5
2D.csv,Imbalance,Imbalance,0.9883,1183.5
2D.csv,Imbalance,Imbalance,0.9922,1168.1
2D.csv,Imbalance,Imbalance,0.9862,1168.1
2D.csv,Imbalance,Imbalance,0.9385,1168.1
2D.csv,Imbalance,Imbalance,0.9939,1168.1
2D.csv,Imbalance,Imbalance,0.9704,1168.2
2D.csv,Imbalance,Imbalance,0.9603,1168.2
2D.csv,Imbalance,Imbalance,0.9256,1168.2
2D.csv,Imbalance,Imbalance,0.9936,1168.2
2D.csv,Imbalance,Imbalance,0.8602,1193.6
2D.csv,Imbalance,Imbalance,0.7904,1193.6
2D.csv,Imbalance,Imbalance,0.9290,1193.6
2D.csv,Imbalance,Imbalance,0.9443,1193.6
2D.csv,Imbalance,Imbalance,0.7969,1223.4
2D.csv,Imbalance,Imbalance,0.9860,1223.4
2D.csv,Imbalance,Imbalance,0.9037,1223.4
2D.csv,Imbalance,Imbalance,0.7856,1223.4
2D.csv,Imbalance,Imbalance,0.9640,1206.2
2D.csv,Imbalance,Imbalance,0.9587,1206.2
2D.csv,Imbalance,Imbalance,0.9674,1206.2
2D.csv,Imbalance,Imbalance,0.9535,1206.2
2D.csv,Imbalance,Imbalance,0.9875,1196.7
2D.csv,Imbalance,Imbalance,0.9123,1196.7
2D.csv,Imbalance,Imbalance,0.9451,1196.7
2D.csv,Imbalance,Imbalance,0.8830,1196.7
2D.csv,Imbalance,Imbalance,0.9835,1487.3
2D.csv,Imbalance,Imbalance,0.9899,1487.3
2D.csv,Imbalance,Imbalance,0.9672,1487.3
2D.csv,Imbalance,Imbalance,0.9734,1487.3
2D.csv,Imbalance,Imbalance,0.9587,1218.5
2D.csv,Imbalance,Imbalance,0.9565,1218.5
2D.csv,Imbalance,Imbalance,0.9988,1218.5
2D.csv,Imbalance,Imbalance,0.8893,1218.5
2D.csv,Imbalance,Imbalance,0.9784,1226.1
2D.csv,Imbalance,Imbalance,0.9910,1226.1
2D.csv,Imbalance,Imbalance,0.9888,1226.1
2D.csv,Imbalance,Imbalance,0.9362,1226.1
2D.csv,Imbalance,Imbalance,0.9871,1215.9
2D.csv,Imbalance,Imbalance,0.9915,1215.9
2D.csv,Imbalance,Imbalance,0.9707,1215.9
2D.csv,Imbalance,Imbalance,0.9672,1215.9
2D.csv,Imbalance,Imbalance,0.9897,1230.2
2D.csv,Imbalance,Imbalance,0.9906,1230.2
2D.csv,Imbalance,Imbalance,0.9867,1230.2
2D.csv,Imbalance,Imbalance,0.9312,1230.2
2D.csv,Imbalance,Imbalance,0.9300,1248.5
2D.csv,Imbalance,Imbalance,0.9827,1248.5
2D.csv,Imbalance,Imbalance,0.8685,1248.5
2D.csv,Imbalance,Imbalance,0.9892,1248.5
2D.csv,Imbalance,Imbalance,0.9905,1245.7
2D.csv,Imbalance,Imbalance,0.9781,1245.7
2D.csv,Imbalance,Imbalance,0.9342,1245.7
2D.csv,Imbalance,Imbalance,0.9852,1245.7
2D.csv,Imbalance,Imbalance,0.9702,1247.3
2D.csv,Imbalance,Imbalance,0.9884,1247.3
2D.csv,Imbalance,Imbalance,0.9923,1247.3
2D.csv,Imbalance,Imbalance,0.9325,1247.3
2D.csv,Imbalance,Imbalance,0.9985,1230.8
2D.csv,Imbalance,Imbalance,0.9804,1230.8
2D.csv,Imbalance,Imbalance,0.9909,1230.8
2D.csv,Imbalance,Imbalance,0.9873,1230.8
2D.csv,Imbalance,Imbalance,0.9919,1238.0
2D.csv,Imbalance,Imbalance,0.9967,1238.0
2D.csv,Imbalance,Imbalance,0.9870,1238.0
2D.csv,Imbalance,Imbalance,0.9817,1238.0
2D.csv,Imbalance,Imbalance,0.9888,1248.7
2D.csv,Imbalance,Imbalance,0.9607,1248.7
2D.csv,Imbalance,Imbalance,0.9814,1248.7
2D.csv,Imbalance,Imbalance,0.9857,1248.7
2D.csv,Imbalance,Imbalance,0.9911,1236.2
2D.csv,Imbalance,Imbalance,0.9779,1236.2
2D.csv,Imbalance,Imbalance,0.9880,1236.2
2D.csv,Imbalance,Imbalance,0.9911,1236.2
2D.csv,Imbalance,Imbalance,0.9926,1255.2
2D.csv,Imbalance,Imbalance,0.9932,1255.2
2D.csv,Imbalance,Imbalance,0.9843,1255.2
2D.csv,Imbalance,Imbalance,0.9692,1255.2
2D.csv,Imbalance,Imbalance,0.9858,1247.8
2D.csv,Imbalance,Imbalance,0.9970,1247.8
2D.csv,Imbalance,Imbalance,0.9968,1247.8
2D.csv,Imbalance,Imbalance,0.9843,1247.8
2D.csv,Imbalance,Imbalance,0.9579,1258.2
2D.csv,Imbalance,Imbalance,0.9302,1258.2
2D.csv,Imbalance,Imbalance,0.9940,1258.2
2D.csv,Imbalance,Imbalance,0.9711,1258.2
2D.csv,Imbalance,Imbalance,0.9956,1260.3
2D.csv,Imbalance,Imbalance,0.9873,1260.3
2D.csv,Imbalance,Imbalance,0.9940,1260.3
2D.csv,Imbalance,Imbalance,0.9948,1260.3
2D.csv,Imbalance,Imbalance,0.9980,1232.2
2D.csv,Imbalance,Imbalance,0.9918,1232.2
2D.csv,Imbalance,Imbalance,0.9899,1232.2
2D.csv,Imbalance,Imbalance,0.9829,1232.2
2D.csv,Imbalance,Imbalance,0.9987,1229.9
2D.csv,Imbalance,Imbalance,0.9969,1229.9
2D.csv,Imbalance,Imbalance,0.9916,1229.9
2D.csv,Imbalance,Imbalance,0.9987,1229.9
2D.csv,Imbalance,Imbalance,0.9958,1263.1
2D.csv,Imbalance,Imbalance,0.9911,1263.1
2D.csv,Imbalance,Imbalance,0.9938,1263.1
2D.csv,Imbalance,Imbalance,0.9619,1263.1
2D.csv,Imbalance,Imbalance,0.9911,1271.2
2D.csv,Imbalance,Imbalance,0.9950,1271.2
2D.csv,Imbalance,Imbalance,0.9942,1271.2
2D.csv,Imbalance,Imbalance,0.9949,1271.2
2D.csv,Imbalance,Imbalance,0.9871,1276.2
2D.csv,Imbalance,Imbalance,0.9940,1276.2
2D.csv,Imbalance,Imbalance,0.9974,1276.2
2D.csv,Imbalance,Imbalance,0.9978,1276.2
2D.csv,Imbalance,Imbalance,0.9905,1271.8
2D.csv,Imbalance,Imbalance,0.9925,1271.8
2D.csv,Imbalance,Imbalance,0.9925,1271.8
2D.csv,Imbalance,Imbalance,0.9964,1271.8
2D.csv,Imbalance,Imbalance,0.9780,1271.4
2D.csv,Imbalance,Imbalance,0.9960,1271.4
2D.csv,Imbalance,Imbalance,0.9911,1271.4
2D.csv,Imbalance,Imbalance,0.9896,1271.4
2D.csv,Imbalance,Imbalance,0.9956,1280.3
2D.csv,Imbalance,Imbalance,0.9852,1280.3
2D.csv,Imbalance,Imbalance,0.9902,1280.3
2D.csv,Imbalance,Imbalance,0.9895,1280.3
2D.csv,Imbalance,Imbalance,0.9975,1281.4
2D.csv,Imbalance,Imbalance,0.9974,1281.4
2D.csv,Imbalance,Imbalance,0.9949,1281.4
2D.csv,Imbalance,Imbalance,0.9886,1281.4
2D.csv,Imbalance,Imbalance,0.9982,1281.4
2D.csv,Imbalance,Imbalance,0.9973,1281.4
2D.csv,Imbalance,Imbalance,0.9928,1281.4
2D.csv,Imbalance,Imbalance,0.9983,1281.4
2D.csv,Imbalance,Imbalance,0.9936,1279.5
2D.csv,Imbalance,Imbalance,0.9928,1279.5
2D.csv,Imbalance,Imbalance,0.9958,1279.5
2D.csv,Imbalance,Imbalance,0.9986,1279.5
2D.csv,Imbalance,Imbalance,0.9985,1281.4
2D.csv,Imbalance,Imbalance,0.9960,1281.4
2D.csv,Imbalance,Imbalance,0.9937,1281.4
2D.csv,Imbalance,Imbalance,0.9966,1281.4
2D.csv,Imbalance,Imbalance,0.9955,1293.9
2D.csv,Imbalance,Imbalance,0.9968,1293.9
2D.csv,Imbalance,Imbalance,0.9923,1293.9
2D.csv,Imbalance,Imbalance,0.9844,1293.9
2D.csv,Imbalance,Imbalance,0.9982,1281.4
2D.csv,Imbalance,Imbalance,0.9966,1281.4
2D.csv,Imbalance,Imbalance,0.9980,1281.4
2D.csv,Imbalance,Imbalance,0.9988,1281.4
2D.csv,Imbalance,Imbalance,0.9979,1289.3
2D.csv,Imbalance,Imbalance,0.9950,1289.3
2D.csv,Imbalance,Imbalance,0.9974,1289.3
2D.csv,Imbalance,Imbalance,0.9919,1289.3
2D.csv,Imbalance,Imbalance,0.9989,1303.8
2D.csv,Imbalance,Imbalance,0.9979,1303.8
2D.csv,Imbalance,Imbalance,0.9968,1303.8
2D.csv,Imbalance,Imbalance,0.9969,1303.8
2D.csv,Imbalance,Imbalance,0.9980,1281.4
2D.csv,Imbalance,Imbalance,0.9974,1281.4
2D.csv,Imbalance,Imbalance,0.9991,1281.4
2D.csv,Imbalance,Imbalance,0.9977,1281.4
2D.csv,Imbalance,Imbalance,0.9961,1313.3
2D.csv,Imbalance,Imbalance,0.9969,1313.3
2D.csv,Imbalance,Imbalance,0.9989,1313.3
2D.csv,Imbalance,Imbalance,0.9971,1313.3
2D.csv,Imbalance,Imbalance,0.9977,1308.7
2D.csv,Imbalance,Imbalance,0.9975,1308.7
2D.csv,Imbalance,Imbalance,0.9976,1308.7
2D.csv,Imbalance,Imbalance,0.9994,1308.7
2D.csv,Imbalance,Imbalance,0.9988,1300.1
2D.csv,Imbalance,Imbalance,0.9989,1300.1
2D.csv,Imbalance,Imbalance,0.9964,1300.1
2D.csv,Imbalance,Imbalance,0.9987,1300.1
2D.csv,Imbalance,Imbalance,0.9984,1296.0
2D.csv,Imbalance,Imbalance,0.9991,1296.0
2D.csv,Imbalance,Imbalance,0.9983,1296.0
2D.csv,Imbalance,Imbalance,0.9985,1296.0
2D.csv,Imbalance,Imbalance,0.9995,1335.7
2D.csv,Imbalance,Imbalance,0.9975,1335.7
2D.csv,Imbalance,Imbalance,0.9959,1335.7
2D.csv,Imbalance,Imbalance,0.9983,1335.7
2D.csv,Imbalance,Imbalance,0.9994,1307.2
2D.csv,Imbalance,Imbalance,0.9973,1307.2
2D.csv,Imbalance,Imbalance,0.9990,1307.2
2D.csv,Imbalance,Imbalance,0.9962,1307.2
2D.csv,Imbalance,Imbalance,0.9969,1315.9
2D.csv,Imbalance,Imbalance,0.9987,1315.9
2D.csv,Imbalance,Imbalance,0.9967,1315.9
2D.csv,Imbalance,Imbalance,0.9963,1315.9
2D.csv,Imbalance,Imbalance,0.9980,1332.3
2D.csv,Imbalance,Imbalance,0.9944,1332.3
2D.csv,Imbalance,Imbalance,0.9992,1332.3
2D.csv,Imbalance,Imbalance,0.9978,1332.3
2D.csv,Imbalance,Imbalance,0.9987,1327.5
2D.csv,Imbalance,Imbalance,0.9969,1327.5
2D.csv,Imbalance,Imbalance,0.9988,1327.5
2D.csv,Imbalance,Imbalance,0.9982,1327.5
2D.csv,Imbalance,Imbalance,0.9995,1318.5
2D.csv,Imbalance,Imbalance,0.9982,1318.5
2D.csv,Imbalance,Imbalance,0.9987,1318.5
2D.csv,Imbalance,Imbalance,0.9956,1318.5
2D.csv,Imbalance,Imbalance,0.9995,1339.1
2D.csv,Imbalance,Imbalance,0.9997,1339.1
2D.csv,Imbalance,Imbalance,0.9982,1339.1
2D.csv,Imbalance,Imbalance,0.9931,1339.1
2D.csv,Imbalance,Imbalance,0.9987,1325.9
2D.csv,Imbalance,Imbalance,0.9985,1325.9
2D.csv,Imbalance,Imbalance,0.9997,1325.9
2D.csv,Imbalance,Imbalance,0.9993,1325.9
2D.csv,Imbalance,Imbalance,0.9977,1332.0
2D.csv,Imbalance,Imbalance,0.9934,1332.0
2D.csv,Imbalance,Imbalance,0.9991,1332.0
2D.csv,Imbalance,Imbalance,0.9977,1332.0
2D.csv,Imbalance,Imbalance,0.9984,1344.2
2D.csv,Imbalance,Imbalance,0.9989,1344.2
2D.csv,Imbalance,Imbalance,0.9885,1344.2
2D.csv,Imbalance,Imbalance,0.9972,1344.2
2D.csv,Imbalance,Imbalance,0.9979,1334.4
2D.csv,Imbalance,Imbalance,0.9954,1334.4
2D.csv,Imbalance,Imbalance,0.9977,1334.4
2D.csv,Imbalance,Imbalance,0.9922,1334.4
2D.csv,Imbalance,Imbalance,0.9982,1332.3
2D.csv,Imbalance,Imbalance,0.9975,1332.3
2D.csv,Imbalance,Imbalance,0.9960,1332.3
2D.csv,Imbalance,Imbalance,0.9984,1332.3
2D.csv,Imbalance,Imbalance,0.9959,1357.3
2D.csv,Imbalance,Imbalance,0.9902,1357.3
2D.csv,Imbalance,Imbalance,0.9931,1357.3
2D.csv,Imbalance,Imbalance,0.9965,1357.3
2D.csv,Imbalance,Imbalance,0.9966,1342.4
2D.csv,Imbalance,Imbalance,0.9964,1342.4
2D.csv,Imbalance,Imbalance,0.9988,1342.4
2D.csv,Imbalance,Imbalance,0.9984,1342.4
2D.csv,Imbalance,Imbalance,0.9991,1345.6
2D.csv,Imbalance,Imbalance,0.9977,1345.6
2D.csv,Imbalance,Imbalance,0.9982,1345.6
2D.csv,Imbalance,Imbalance,0.9994,1345.6
2D.csv,Imbalance,Imbalance,0.9991,1347.4
2D.csv,Imbalance,Imbalance,0.9987,1347.4
2D.csv,Imbalance,Imbalance,0.9995,1347.4
2D.csv,Imbalance,Imbalance,0.9989,1347.4
2D.csv,Imbalance,Imbalance,0.9978,1355.8
2D.csv,Imbalance,Imbalance,0.9940,1355.8
2D.csv,Imbalance,Imbalance,0.9998,1355.8
2D.csv,Imbalance,Imbalance,0.9998,1355.8
2D.csv,Imbalance,Imbalance,0.9983,1356.1
2D.csv,Imbalance,Imbalance,0.9972,1356.1
2D.csv,Imbalance,Imbalance,0.9996,1356.1
2D.csv,Imbalance,Imbalance,0.9986,1356.1
2D.csv,Imbalance,Imbalance,0.9991,1352.8
2D.csv,Imbalance,Imbalance,0.9985,1352.8
2D.csv,Imbalance,Imbalance,0.9964,1352.8
2D.csv,Imbalance,Imbalance,0.9972,1352.8
2D.csv,Imbalance,Imbalance,0.9989,1366.3
2D.csv,Imbalance,Imbalance,0.9990,1366.3
2D.csv,Imbalance,Imbalance,0.9989,1366.3
2D.csv,Imbalance,Imbalance,0.9994,1366.3
2D.csv,Imbalance,Imbalance,0.9930,1363.5
2D.csv,Imbalance,Imbalance,0.9992,1363.5
2D.csv,Imbalance,Imbalance,0.9984,1363.5
2D.csv,Imbalance,Imbalance,0.9957,1363.5
2D.csv,Imbalance,Imbalance,0.9979,1363.1
2D.csv,Imbalance,Imbalance,0.9977,1363.1
2D.csv,Imbalance,Imbalance,0.9991,1363.1
2D.csv,Imbalance,Imbalance,0.9990,1363.1
2D.csv,Imbalance,Imbalance,0.9952,1363.2
2D.csv,Imbalance,Imbalance,0.9964,1363.2
2D.csv,Imbalance,Imbalance,0.9987,1363.2
2D.csv,Imbalance,Imbalance,0.9974,1363.2
2D.csv,Imbalance,Imbalance,0.9961,1374.5
2D.csv,Imbalance,Imbalance,0.9989,1374.5
2D.csv,Imbalance,Imbalance,0.9939,1374.5
2D.csv,Imbalance,Imbalance,0.9817,1374.5
2D.csv,Imbalance,Imbalance,0.9935,1391.5
2D.csv,Imbalance,Imbalance,0.9977,1391.5
2D.csv,Imbalance,Imbalance,0.9970,1391.5
2D.csv,Imbalance,Imbalance,0.9892,1391.5
2D.csv,Imbalance,Imbalance,0.9939,1388.0
2D.csv,Imbalance,Imbalance,0.9859,1388.0
2D.csv,Imbalance,Imbalance,0.9984,1388.0
2D.csv,Imbalance,Imbalance,0.9948,1388.0
2D.csv,Imbalance,Imbalance,0.9966,1389.0
2D.csv,Imbalance,Imbalance,0.9932,1389.0
2D.csv,Imbalance,Imbalance,0.9964,1389.0
2D.csv,Imbalance,Imbalance,0.9970,1389.0
2D.csv,Imbalance,Imbalance,0.9973,1365.5
2D.csv,Imbalance,Imbalance,0.9973,1365.5
2D.csv,Imbalance,Imbalance,0.9970,1365.5
2D.csv,Imbalance,Imbalance,0.9969,1365.5
2D.csv,Imbalance,Imbalance,0.9928,1388.3
2D.csv,Imbalance,Imbalance,0.9871,1388.3
2D.csv,Imbalance,Imbalance,0.9930,1388.3
2D.csv,Imbalance,Imbalance,0.9969,1388.3
2D.csv,Imbalance,Imbalance,0.9980,1397.3
2D.csv,Imbalance,Imbalance,0.9918,1397.3
2D.csv,Imbalance,Imbalance,0.9983,1397.3
2D.csv,Imbalance,Imbalance,0.9986,1397.3
2D.csv,Imbalance,Imbalance,0.9908,1384.4
2D.csv,Imbalance,Imbalance,0.9977,1384.4
2D.csv,Imbalance,Imbalance,0.9993,1384.4
2D.csv,Imbalance,Imbalance,0.9941,1384.4
2D.csv,Imbalance,Imbalance,0.9828,1392.0
2D.csv,Imbalance,Imbalance,0.9975,1392.0
2D.csv,Imbalance,Imbalance,0.9872,1392.0
2D.csv,Imbalance,Imbalance,0.9399,1392.0
2D.csv,Imbalance,Imbalance,0.9856,1395.5
2D.csv,Imbalance,Imbalance,0.9954,1395.5
2D.csv,Imbalance,Imbalance,0.9883,1395.5
2D.csv,Imbalance,Imbalance,0.9969,1395.5
2D.csv,Imbalance,Imbalance,0.9826,1397.4
2D.csv,Imbalance,Imbalance,0.9894,1397.4
2D.csv,Imbalance,Imbalance,0.9881,1397.4
2D.csv,Imbalance,Imbalance,0.9882,1397.4
2D.csv,Imbalance,Imbalance,0.9861,1408.1
2D.csv,Imbalance,Imbalance,0.9665,1408.1
2D.csv,Imbalance,Imbalance,0.9992,1408.1
2D.csv,Imbalance,Imbalance,0.9904,1408.1
2D.csv,Imbalance,Imbalance,0.9949,1398.4
2D.csv,Imbalance,Imbalance,0.9947,1398.4
2D.csv,Imbalance,Imbalance,0.9924,1398.4
2D.csv,Imbalance,Imbalance,0.9907,1398.4
2D.csv,Imbalance,Imbalance,0.9755,1399.1
2D.csv,Imbalance,Imbalance,0.9761,1399.1
2D.csv,Imbalance,Imbalance,0.9161,1399.1
2D.csv,Imbalance,Imbalance,0.9954,1399.1
2D.csv,Imbalance,Imbalance,0.9740,1412.6
2D.csv,Imbalance,Imbalance,0.9071,1412.6
2D.csv,Imbalance,Imbalance,0.9390,1412.6
2D.csv,Imbalance,Imbalance,0.9090,1412.6
2D.csv,Imbalance,Imbalance,0.9738,1399.5
2D.csv,Imbalance,Imbalance,0.8505,1399.5
2D.csv,Imbalance,Imbalance,0.8839,1399.5
2D.csv,Imbalance,Imbalance,0.9440,1399.5
2D.csv,Imbalance,Imbalance,0.8400,1413.2
2D.csv,Imbalance,Imbalance,0.9811,1413.2
2D.csv,Imbalance,Imbalance,0.9788,1413.2
2D.csv,Imbalance,Imbalance,0.9966,1413.2
2D.csv,Imbalance,Imbalance,0.9623,1428.0
2D.csv,Imbalance,Imbalance,0.9850,1428.0
2D.csv,Imbalance,Imbalance,0.9910,1428.0
2D.csv,Imbalance,Imbalance,0.9738,1428.0
2D.csv,Imbalance,Imbalance,0.9933,1419.9
2D.csv,Imbalance,Imbalance,0.9853,1419.9
2D.csv,Imbalance,Imbalance,0.9830,1419.9
2D.csv,Imbalance,Imbalance,0.9955,1419.9
2D.csv,Imbalance,Imbalance,0.9933,1416.3
2D.csv,Imbalance,Imbalance,0.9871,1416.3
2D.csv,Imbalance,Imbalance,0.9674,1416.3
2D.csv,Imbalance,Imbalance,0.9953,1416.3
2D.csv,Imbalance,Imbalance,0.9383,1424.0
2D.csv,Imbalance,Imbalance,0.9713,1424.0
2D.csv,Imbalance,Imbalance,0.9952,1424.0
2D.csv,Imbalance,Imbalance,0.9970,1424.0
2D.csv,Imbalance,Imbalance,0.9944,1426.2
2D.csv,Imbalance,Imbalance,0.9988,1426.2
2D.csv,Imbalance,Imbalance,0.9972,1426.2
2D.csv,Imbalance,Imbalance,0.9945,1426.2
2D.csv,Imbalance,Imbalance,0.9887,1438.9
2D.csv,Imbalance,Imbalance,0.9974,1438.9
2D.csv,Imbalance,Imbalance,0.9918,1438.9
2D.csv,Imbalance,Imbalance,0.9943,1438.9
2D.csv,Imbalance,Imbalance,0.9947,1420.8
2D.csv,Imbalance,Imbalance,0.9922,1420.8
2D.csv,Imbalance,Imbalance,0.9982,1420.8
2D.csv,Imbalance,Imbalance,0.9935,1420.8
2D.csv,Imbalance,Imbalance,0.9947,1418.1
2D.csv,Imbalance,Imbalance,0.9950,1418.1
2D.csv,Imbalance,Imbalance,0.9985,1418.1
2D.csv,Imbalance,Imbalance,0.9972,1418.1
2D.csv,Imbalance,Imbalance,0.9983,1442.3
2D.csv,Imbalance,Imbalance,0.9960,1442.3
2D.csv,Imbalance,Imbalance,0.9946,1442.3
2D.csv,Imbalance,Imbalance,0.9976,1442.3
2D.csv,Imbalance,Imbalance,0.9979,1451.9
2D.csv,Imbalance,Imbalance,0.9955,1451.9
2D.csv,Imbalance,Imbalance,0.9849,1451.9
2D.csv,Imbalance,Imbalance,0.9965,1451.9
2D.csv,Imbalance,Imbalance,0.9880,1466.8
2D.csv,Imbalance,Imbalance,0.9946,1466.8
2D.csv,Imbalance,Imbalance,0.9947,1466.8
2D.csv,Imbalance,Imbalance,0.9974,1466.8
2D.csv,Imbalance,Imbalance,0.9965,1448.4
2D.csv,Imbalance,Imbalance,0.9975,1448.4
2D.csv,Imbalance,Imbalance,0.9983,1448.4
2D.csv,Imbalance,Imbalance,0.9952,1448.4
2D.csv,Imbalance,Imbalance,0.9975,1447.9
2D.csv,Imbalance,Imbalance,0.9977,1447.9
2D.csv,Imbalance,Imbalance,0.9984,1447.9
2D.csv,Imbalance,Imbalance,0.9969,1447.9
2D.csv,Imbalance,Imbalance,0.9987,1451.8
2D.csv,Imbalance,Imbalance,0.9975,1451.8
2D.csv,Imbalance,Imbalance,0.9956,1451.8
2D.csv,Imbalance,Imbalance,0.9970,1451.8
2D.csv,Imbalance,Imbalance,0.9987,1460.8
2D.csv,Imbalance,Imbalance,0.9973,1460.8
2D.csv,Imbalance,Imbalance,0.9966,1460.8
2D.csv,Imbalance,Imbalance,0.9913,1460.8
2D.csv,Imbalance,Imbalance,0.9966,1468.0
2D.csv,Imbalance,Imbalance,0.9994,1468.0
2D.csv,Imbalance,Imbalance,0.9997,1468.0
2D.csv,Imbalance,Imbalance,0.9994,1468.0
2D.csv,Imbalance,Imbalance,0.9984,1457.9
2D.csv,Imbalance,Imbalance,0.9997,1457.9
2D.csv,Imbalance,Imbalance,0.9988,1457.9
2D.csv,Imbalance,Imbalance,0.9979,1457.9
2D.csv,Imbalance,Imbalance,0.9942,1470.0
2D.csv,Imbalance,Imbalance,0.9987,1470.0
2D.csv,Imbalance,Imbalance,0.9992,1470.0
2D.csv,Imbalance,Imbalance,0.9984,1470.0
2D.csv,Imbalance,Imbalance,0.9993,1458.0
2D.csv,Imbalance,Imbalance,0.9973,1458.0
2D.csv,Imbalance,Imbalance,0.9982,1458.0
2D.csv,Imbalance,Imbalance,0.9991,1458.0
2D.csv,Imbalance,Imbalance,0.9986,1462.3
2D.csv,Imbalance,Imbalance,0.9988,1462.3
2D.csv,Imbalance,Imbalance,0.9999,1462.3
2D.csv,Imbalance,Imbalance,0.9990,1462.3
2D.csv,Imbalance,Imbalance,0.9983,1472.3
2D.csv,Imbalance,Imbalance,0.9992,1472.3
2D.csv,Imbalance,Imbalance,0.9990,1472.3
2D.csv,Imbalance,Imbalance,0.9978,1472.3
2D.csv,Imbalance,Imbalance,0.9996,1469.1
2D.csv,Imbalance,Imbalance,0.9994,1469.1
2D.csv,Imbalance,Imbalance,0.9984,1469.1
2D.csv,Imbalance,Imbalance,0.9979,1469.1
2D.csv,Imbalance,Imbalance,0.9994,1471.3
2D.csv,Imbalance,Imbalance,0.9988,1471.3
2D.csv,Imbalance,Imbalance,0.9992,1471.3
2D.csv,Imbalance,Imbalance,0.9993,1471.3
2D.csv,Imbalance,Imbalance,0.9987,1472.8
2D.csv,Imbalance,Imbalance,0.9987,1472.8
2D.csv,Imbalance,Imbalance,0.9991,1472.8
2D.csv,Imbalance,Imbalance,0.9999,1472.8
2D.csv,Imbalance,Imbalance,0.9996,1482.2
2D.csv,Imbalance,Imbalance,0.9993,1482.2
2D.csv,Imbalance,Imbalance,0.9987,1482.2
2D.csv,Imbalance,Imbalance,0.9994,1482.2
2D.csv,Imbalance,Imbalance,0.9987,1491.4
2D.csv,Imbalance,Imbalance,0.9995,1491.4
2D.csv,Imbalance,Imbalance,0.9995,1491.4
2D.csv,Imbalance,Imbalance,0.9999,1491.4
2D.csv,Imbalance,Imbalance,0.9986,1482.6
2D.csv,Imbalance,Imbalance,0.9996,1482.6
2D.csv,Imbalance,Imbalance,0.9994,1482.6
2D.csv,Imbalance,Imbalance,0.9992,1482.6
2D.csv,Imbalance,Imbalance,0.9990,1483.4
2D.csv,Imbalance,Imbalance,0.9997,1483.4
2D.csv,Imbalance,Imbalance,0.9997,1483.4
2D.csv,Imbalance,Imbalance,0.9994,1483.4
2D.csv,Imbalance,Imbalance,0.9990,1509.8
2D.csv,Imbalance,Imbalance,0.9996,1509.8
2D.csv,Imbalance,Imbalance,0.9994,1509.8
2D.csv,Imbalance,Imbalance,0.9993,1509.8
2D.csv,Imbalance,Imbalance,0.9995,1495.7
2D.csv,Imbalance,Imbalance,0.9998,1495.7
2D.csv,Imbalance,Imbalance,0.9996,1495.7
2D.csv,Imbalance,Imbalance,0.9996,1495.7
2D.csv,Imbalance,Imbalance,0.9998,1484.8
2D.csv,Imbalance,Imbalance,0.9992,1484.8
2D.csv,Imbalance,Imbalance,0.9995,1484.8
2D.csv,Imbalance,Imbalance,0.9998,1484.8
2D.csv,Imbalance,Imbalance,0.9998,1520.0
2D.csv,Imbalance,Imbalance,0.9995,1520.0
2D.csv,Imbalance,Imbalance,0.9995,1520.0
2D.csv,Imbalance,Imbalance,0.9999,1520.0
2D.csv,Imbalance,Imbalance,0.9993,1508.3
2D.csv,Imbalance,Imbalance,0.9998,1508.3
2D.csv,Imbalance,Imbalance,0.9996,1508.3
2D.csv,Imbalance,Imbalance,0.9983,1508.3
2D.csv,Imbalance,Imbalance,0.9981,1505.7
2D.csv,Imbalance,Imbalance,0.9995,1505.7
2D.csv,Imbalance,Imbalance,0.9992,1505.7
2D.csv,Imbalance,Imbalance,0.9992,1505.7
2D.csv,Imbalance,Imbalance,0.9995,1507.9
2D.csv,Imbalance,Imbalance,0.9998,1507.9
2D.csv,Imbalance,Imbalance,0.9995,1507.9
2D.csv,Imbalance,Imbalance,0.9994,1507.9
2D.csv,Imbalance,Imbalance,0.9998,1503.9
2D.csv,Imbalance,Imbalance,0.9997,1503.9
2D.csv,Imbalance,Imbalance,0.9996,1503.9
2D.csv,Imbalance,Imbalance,0.9998,1503.9
2D.csv,Imbalance,Imbalance,0.9984,1510.9
2D.csv,Imbalance,Imbalance,0.9997,1510.9
2D.csv,Imbalance,Imbalance,0.9996,1510.9
2D.csv,Imbalance,Imbalance,0.9998,1510.9
2D.csv,Imbalance,Imbalance,0.9996,1523.6
2D.csv,Imbalance,Imbalance,0.9987,1523.6
2D.csv,Imbalance,Imbalance,0.9995,1523.6
2D.csv,Imbalance,Imbalance,0.9997,1523.6
2D.csv,Imbalance,Imbalance,0.9988,1524.4
2D.csv,Imbalance,Imbalance,0.9996,1524.4
2D.csv,Imbalance,Imbalance,0.9993,1524.4
2D.csv,Imbalance,Imbalance,0.9993,1524.4
2D.csv,Imbalance,Imbalance,0.9997,1515.3
2D.csv,Imbalance,Imbalance,0.9996,1515.3
2D.csv,Imbalance,Imbalance,0.9996,1515.3
2D.csv,Imbalance,Imbalance,0.9997,1515.3
2D.csv,Imbalance,Imbalance,0.9990,1537.8
2D.csv,Imbalance,Imbalance,0.9998,1537.8
2D.csv,Imbalance,Imbalance,0.9995,1537.8
2D.csv,Imbalance,Imbalance,0.9990,1537.8
2D.csv,Imbalance,Imbalance,0.9999,1520.9
2D.csv,Imbalance,Imbalance,0.9990,1520.9
2D.csv,Imbalance,Imbalance,0.9994,1520.9
2D.csv,Imbalance,Imbalance,0.9995,1520.9
2D.csv,Imbalance,Imbalance,0.9993,1525.0
2D.csv,Imbalance,Imbalance,0.9993,1525.0
2D.csv,Imbalance,Imbalance,0.9994,1525.0
2D.csv,Imbalance,Imbalance,0.9996,1525.0
2D.csv,Imbalance,Imbalance,0.9994,1526.1
2D.csv,Imbalance,Imbalance,0.9995,1526.1
2D.csv,Imbalance,Imbalance,0.9985,1526.1
2D.csv,Imbalance,Imbalance,0.9991,1526.1
2D.csv,Imbalance,Imbalance,0.9996,1536.9
2D.csv,Imbalance,Imbalance,0.9977,1536.9
2D.csv,Imbalance,Imbalance,0.9994,1536.9
2D.csv,Imbalance,Imbalance,0.9994,1536.9
2D.csv,Imbalance,Imbalance,0.9980,1531.6
2D.csv,Imbalance,Imbalance,0.9992,1531.6
2D.csv,Imbalance,Imbalance,0.9984,1531.6
2D.csv,Imbalance,Imbalance,0.9985,1531.6
2D.csv,Imbalance,Imbalance,0.9992,1532.2
2D.csv,Imbalance,Imbalance,0.9985,1532.2
2D.csv,Imbalance,Imbalance,0.9980,1532.2
2D.csv,Imbalance,Imbalance,0.9995,1532.2
2D.csv,Imbalance,Imbalance,0.9974,1545.4
2D.csv,Imbalance,Imbalance,0.9989,1545.4
2D.csv,Imbalance,Imbalance,0.9970,1545.4
2D.csv,Imbalance,Imbalance,0.9969,1545.4
2D.csv,Imbalance,Imbalance,0.9978,1555.6
2D.csv,Imbalance,Imbalance,0.9991,1555.6
2D.csv,Imbalance,Imbalance,0.9974,1555.6
2D.csv,Imbalance,Imbalance,0.9987,1555.6
2D.csv,Imbalance,Imbalance,0.9982,1557.2
2D.csv,Imbalance,Imbalance,0.9976,1557.2
2D.csv,Imbalance,Imbalance,0.9971,1557.2
2D.csv,Imbalance,Imbalance,0.9969,1557.2
2D.csv,Imbalance,Imbalance,0.9987,1556.8
2D.csv,Imbalance,Imbalance,0.9978,1556.8
2D.csv,Imbalance,Imbalance,0.9985,1556.8
2D.csv,Imbalance,Imbalance,0.9987,1556.8
2D.csv,Imbalance,Imbalance,0.9992,1563.0
2D.csv,Imbalance,Imbalance,0.9983,1563.0
2D.csv,Imbalance,Imbalance,0.9990,1563.0
2D.csv,Imbalance,Imbalance,0.9978,1563.0
2D.csv,Imbalance,Imbalance,0.9973,1568.5
2D.csv,Imbalance,Imbalance,0.9981,1568.5
2D.csv,Imbalance,Imbalance,0.9988,1568.5
2D.csv,Imbalance,Imbalance,0.9976,1568.5
2D.csv,Imbalance,Imbalance,0.9990,1567.9
2D.csv,Imbalance,Imbalance,0.9996,1567.9
2D.csv,Imbalance,Imbalance,0.9956,1567.9
2D.csv,Imbalance,Imbalance,0.9913,1567.9
2D.csv,Imbalance,Imbalance,0.9993,1549.2
2D.csv,Imbalance,Imbalance,0.9989,1549.2
2D.csv,Imbalance,Imbalance,0.9994,1549.2
2D.csv,Imbalance,Imbalance,0.9988,1549.2
2D.csv,Imbalance,Imbalance,0.9988,1535.0
2D.csv,Imbalance,Imbalance,0.9982,1535.0
2D.csv,Imbalance,Imbalance,0.9995,1535.0
2D.csv,Imbalance,Imbalance,0.9983,1535.0
2D.csv,Imbalance,Imbalance,0.9990,1567.4
2D.csv,Imbalance,Imbalance,0.9985,1567.4
2D.csv,Imbalance,Imbalance,0.9896,1567.4
2D.csv,Imbalance,Imbalance,0.9988,1567.4
2D.csv,Imbalance,Imbalance,0.9985,1587.0
2D.csv,Imbalance,Imbalance,0.9962,1587.0
2D.csv,Imbalance,Imbalance,0.9978,1587.0
2D.csv,Imbalance,Imbalance,0.9936,1587.0
2D.csv,Imbalance,Imbalance,0.9987,1563.8
2D.csv,Imbalance,Imbalance,0.9992,1563.8
2D.csv,Imbalance,Imbalance,0.9994,1563.8
2D.csv,Imbalance,Imbalance,0.9986,1563.8
2D.csv,Imbalance,Imbalance,0.9956,1572.3
2D.csv,Imbalance,Imbalance,0.9982,1572.3
2D.csv,Imbalance,Imbalance,0.9978,1572.3
2D.csv,Imbalance,Imbalance,0.9969,1572.3
2D.csv,Imbalance,Imbalance,0.9975,1574.3
2D.csv,Imbalance,Imbalance,0.9963,1574.3
2D.csv,Imbalance,Imbalance,0.9995,1574.3
2D.csv,Imbalance,Imbalance,0.9962,1574.3
2D.csv,Imbalance,Imbalance,0.9970,1579.0
2D.csv,Imbalance,Imbalance,0.9993,1579.0
2D.csv,Imbalance,Imbalance,0.9985,1579.0
2D.csv,Imbalance,Imbalance,0.9962,1579.0
2D.csv,Imbalance,Imbalance,0.9989,1588.4
2D.csv,Imbalance,Imbalance,0.9990,1588.4
2D.csv,Imbalance,Imbalance,0.9943,1588.4
2D.csv,Imbalance,Imbalance,0.9963,1588.4
2D.csv,Imbalance,Imbalance,0.9924,1577.9
2D.csv,Imbalance,Imbalance,0.9980,1577.9
2D.csv,Imbalance,Imbalance,0.9985,1577.9
2D.csv,Imbalance,Imbalance,0.9777,1577.9
2D.csv,Imbalance,Imbalance,0.9986,1571.9
2D.csv,Imbalance,Imbalance,0.9986,1571.9
2D.csv,Imbalance,Imbalance,0.9966,1571.9
2D.csv,Imbalance,Imbalance,0.9972,1571.9
2D.csv,Imbalance,Imbalance,0.9984,1580.7
2D.csv,Imbalance,Imbalance,0.9968,1580.7
2D.csv,Imbalance,Imbalance,0.9972,1580.7
2D.csv,Imbalance,Imbalance,0.9868,1580.7
2D.csv,Imbalance,Imbalance,0.9913,1575.2
2D.csv,Imbalance,Imbalance,0.9980,1575.2
2D.csv,Imbalance,Imbalance,0.9994,1575.2
2D.csv,Imbalance,Imbalance,0.9989,1575.2
2D.csv,Imbalance,Imbalance,0.9963,1597.1
2D.csv,Imbalance,Imbalance,0.9991,1597.1
2D.csv,Imbalance,Imbalance,0.9959,1597.1
2D.csv,Imbalance,Imbalance,0.9970,1597.1
2D.csv,Imbalance,Imbalance,0.9920,1605.9
2D.csv,Imbalance,Imbalance,0.9983,1605.9
2D.csv,Imbalance,Imbalance,0.9792,1605.9
2D.csv,Imbalance,Imbalance,0.9873,1605.9
2D.csv,Imbalance,Imbalance,0.9993,1599.8
2D.csv,Imbalance,Imbalance,0.9956,1599.8
2D.csv,Imbalance,Imbalance,0.9936,1599.8
2D.csv,Imbalance,Imbalance,0.9903,1599.8
2D.csv,Imbalance,Imbalance,0.9960,1596.8
2D.csv,Imbalance,Imbalance,0.9951,1596.8
2D.csv,Imbalance,Imbalance,0.9910,1596.8
2D.csv,Imbalance,Imbalance,0.9973,1596.8
2D.csv,Imbalance,Imbalance,0.9969,1603.2
2D.csv,Imbalance,Imbalance,0.9985,1603.2
2D.csv,Imbalance,Imbalance,0.9966,1603.2
2D.csv,Imbalance,Imbalance,0.9885,1603.2
2D.csv,Imbalance,Imbalance,0.9928,1605.9
2D.csv,Imbalance,Imbalance,0.9946,1605.9
2D.csv,Imbalance,Imbalance,0.9979,1605.9
2D.csv,Imbalance,Imbalance,0.9954,1605.9
2D.csv,Imbalance,Imbalance,0.9899,1619.8
2D.csv,Imbalance,Imbalance,0.9870,1619.8
2D.csv,Imbalance,Imbalance,0.9978,1619.8
2D.csv,Imbalance,Imbalance,0.9829,1619.8
2D.csv,Imbalance,Imbalance,0.9910,1611.4
2D.csv,Imbalance,Imbalance,0.9893,1611.4
2D.csv,Imbalance,Imbalance,0.9985,1611.4
2D.csv,Imbalance,Imbalance,0.9964,1611.4
2D.csv,Imbalance,Imbalance,0.9855,1615.7
2D.csv,Imbalance,Imbalance,0.9798,1615.7
2D.csv,Imbalance,Imbalance,0.9222,1615.7
2D.csv,Imbalance,Imbalance,0.9972,1615.7
2D.csv,Imbalance,Imbalance,0.9786,1631.4
2D.csv,Imbalance,Imbalance,0.9833,1631.4
2D.csv,Imbalance,Imbalance,0.9175,1631.4
2D.csv,Imbalance,Imbalance,0.9525,1631.4
2D.csv,Imbalance,Imbalance,0.9724,1635.2
2D.csv,Imbalance,Imbalance,0.9779,1635.2
2D.csv,Imbalance,Imbalance,0.9956,1635.2
2D.csv,Imbalance,Imbalance,0.9745,1635.2
2D.csv,Imbalance,Imbalance,0.9531,1653.4
2D.csv,Imbalance,Imbalance,0.9787,1653.4
2D.csv,Imbalance,Imbalance,0.9898,1653.4
2D.csv,Imbalance,Imbalance,0.9928,1653.4
2D.csv,Imbalance,Imbalance,0.9805,1629.0
2D.csv,Imbalance,Imbalance,0.9788,1629.0
2D.csv,Imbalance,Imbalance,0.9427,1629.0
2D.csv,Imbalance,Imbalance,0.9196,1629.0
2D.csv,Imbalance,Imbalance,0.9770,1640.6
2D.csv,Imbalance,Imbalance,0.9896,1640.6
2D.csv,Imbalance,Imbalance,0.9559,1640.6
2D.csv,Imbalance,Imbalance,0.9769,1640.6
2D.csv,Imbalance,Imbalance,0.9899,1627.3
2D.csv,Imbalance,Imbalance,0.9769,1627.3
2D.csv,Imbalance,Imbalance,0.9838,1627.3
2D.csv,Imbalance,Imbalance,0.9856,1627.3
2D.csv,Imbalance,Imbalance,0.9866,1626.5
2D.csv,Imbalance,Imbalance,0.9785,1626.5
2D.csv,Imbalance,Imbalance,0.9559,1626.5
2D.csv,Imbalance,Imbalance,0.9483,1626.5
2D.csv,Imbalance,Imbalance,0.9632,1648.8
2D.csv,Imbalance,Imbalance,0.8964,1648.8
2D.csv,Imbalance,Imbalance,0.9490,1648.8
2D.csv,Imbalance,Imbalance,0.7937,1648.8
2D.csv,Imbalance,Imbalance,0.7927,1653.0
2D.csv,Imbalance,Imbalance,0.9567,1653.0
2D.csv,Imbalance,Imbalance,0.8857,1653.0
2D.csv,Imbalance,Imbalance,0.9432,1653.0
2D.csv,Imbalance,Imbalance,0.9907,1641.5
2D.csv,Imbalance,Imbalance,0.9699,1641.5
2D.csv,Imbalance,Imbalance,0.9378,1641.5
2D.csv,Imbalance,Imbalance,0.9545,1641.5
2D.csv,Imbalance,Imbalance,0.9804,1638.1
2D.csv,Imbalance,Imbalance,0.9472,1638.1
2D.csv,Imbalance,Imbalance,0.9870,1638.1
2D.csv,Imbalance,Imbalance,0.8858,1638.1
2D.csv,Imbalance,Imbalance,0.8215,1646.3
2D.csv,Imbalance,Imbalance,0.9630,1646.3
2D.csv,Imbalance,Imbalance,0.9841,1646.3
2D.csv,Imbalance,Imbalance,0.9951,1646.3
2D.csv,Imbalance,Imbalance,0.8833,1662.8
2D.csv,Imbalance,Imbalance,0.9766,1662.8
2D.csv,Imbalance,Imbalance,0.9896,1662.8
2D.csv,Imbalance,Imbalance,0.9808,1662.8
2D.csv,Imbalance,Imbalance,0.9528,1662.5
2D.csv,Imbalance,Imbalance,0.9668,1662.5
2D.csv,Imbalance,Imbalance,0.9508,1662.5
2D.csv,Imbalance,Imbalance,0.9636,1662.5
2D.csv,Imbalance,Imbalance,0.9736,1647.8
2D.csv,Imbalance,Imbalance,0.9911,1647.8
2D.csv,Imbalance,Imbalance,0.9912,1647.8
2D.csv,Imbalance,Imbalance,0.9808,1647.8
2D.csv,Imbalance,Imbalance,0.9260,1666.5
2D.csv,Imbalance,Imbalance,0.9299,1666.5
2D.csv,Imbalance,Imbalance,0.9655,1666.5
2D.csv,Imbalance,Imbalance,0.9674,1666.5
2D.csv,Imbalance,Imbalance,0.9878,1663.4
2D.csv,Imbalance,Imbalance,0.9614,1663.4
2D.csv,Imbalance,Imbalance,0.9919,1663.4
2D.csv,Imbalance,Imbalance,0.9796,1663.4
2D.csv,Imbalance,Imbalance,0.9833,1673.0
2D.csv,Imbalance,Imbalance,0.9539,1673.0
2D.csv,Imbalance,Imbalance,0.9743,1673.0
2D.csv,Imbalance,Imbalance,0.9599,1673.0
2D.csv,Imbalance,Imbalance,0.9533,1668.1
2D.csv,Imbalance,Imbalance,0.9659,1668.1
2D.csv,Imbalance,Imbalance,0.9930,1668.1
2D.csv,Imbalance,Imbalance,0.8500,1668.1
2D.csv,Imbalance,Imbalance,0.9307,1663.9
2D.csv,Imbalance,Imbalance,0.9575,1663.9
2D.csv,Imbalance,Imbalance,0.9748,1663.9
2D.csv,Imbalance,Imbalance,0.9870,1663.9
2D.csv,Imbalance,Imbalance,0.9964,1654.9
2D.csv,Imbalance,Imbalance,0.9895,1654.9
2D.csv,Imbalance,Imbalance,0.9942,1654.9
2D.csv,Imbalance,Imbalance,0.9951,1654.9
2D.csv,Imbalance,Imbalance,0.9737,1693.3
2D.csv,Imbalance,Imbalance,0.9774,1693.3
2D.csv,Imbalance,Imbalance,0.9656,1693.3
2D.csv,Imbalance,Imbalance,0.9655,1693.3
2D.csv,Imbalance,Imbalance,0.9830,1675.4
2D.csv,Imbalance,Imbalance,0.9895,1675.4
2D.csv,Imbalance,Imbalance,0.9437,1675.4
2D.csv,Imbalance,Imbalance,0.9751,1675.4
2D.csv,Imbalance,Imbalance,0.9941,1639.3
2D.csv,Imbalance,Imbalance,0.9986,1639.3
2D.csv,Imbalance,Imbalance,0.9916,1639.3
2D.csv,Imbalance,Imbalance,0.9974,1639.3
2D.csv,Imbalance,Imbalance,0.9948,1685.2
2D.csv,Imbalance,Imbalance,0.9793,1685.2
2D.csv,Imbalance,Imbalance,0.9781,1685.2
2D.csv,Imbalance,Imbalance,0.9917,1685.2
2D.csv,Imbalance,Imbalance,0.9738,1688.5
2D.csv,Imbalance,Imbalance,0.9862,1688.5
2D.csv,Imbalance,Imbalance,0.9888,1688.5
2D.csv,Imbalance,Imbalance,0.9814,1688.5
2D.csv,Imbalance,Imbalance,0.9895,1675.0
2D.csv,Imbalance,Imbalance,0.9938,1675.0
2D.csv,Imbalance,Imbalance,0.9900,1675.0
2D.csv,Imbalance,Imbalance,0.9864,1675.0
2D.csv,Imbalance,Imbalance,0.9932,1702.9
2D.csv,Imbalance,Imbalance,0.9712,1702.9
2D.csv,Imbalance,Imbalance,0.9680,1702.9
2D.csv,Imbalance,Imbalance,0.8599,1702.9
2D.csv,Imbalance,Imbalance,0.9748,1704.7
2D.csv,Imbalance,Imbalance,0.9939,1704.7
2D.csv,Imbalance,Imbalance,0.9736,1704.7
2D.csv,Imbalance,Imbalance,0.9718,1704.7
2D.csv,Imbalance,Imbalance,0.9842,1695.7
2D.csv,Imbalance,Imbalance,0.9883,1695.7
2D.csv,Imbalance,Imbalance,0.9909,1695.7
2D.csv,Imbalance,Imbalance,0.9773,1695.7
2D.csv,Imbalance,Imbalance,0.9753,1690.1
2D.csv,Imbalance,Imbalance,0.9705,1690.1
2D.csv,Imbalance,Imbalance,0.9582,1690.1
2D.csv,Imbalance,Imbalance,0.9957,1690.1
2D.csv,Imbalance,Imbalance,0.9850,1698.8
2D.csv,Imbalance,Imbalance,0.9742,1698.8
2D.csv,Imbalance,Imbalance,0.9344,1698.8
2D.csv,Imbalance,Imbalance,0.9656,1698.8
2D.csv,Imbalance,Imbalance,0.9869,1716.2
2D.csv,Imbalance,Imbalance,0.9669,1716.2
2D.csv,Imbalance,Imbalance,0.9849,1716.2
2D.csv,Imbalance,Imbalance,0.9730,1716.2
2D.csv,Imbalance,Imbalance,0.9863,1700.9
2D.csv,Imbalance,Imbalance,0.9793,1700.9
2D.csv,Imbalance,Imbalance,0.9800,1700.9
2D.csv,Imbalance,Imbalance,0.9707,1700.9
2D.csv,Imbalance,Imbalance,0.9676,1719.3
2D.csv,Imbalance,Imbalance,0.9767,1719.3
2D.csv,Imbalance,Imbalance,0.9795,1719.3
2D.csv,Imbalance,Imbalance,0.9377,1719.3
2D.csv,Imbalance,Imbalance,0.9939,1698.2
2D.csv,Imbalance,Imbalance,0.9758,1698.2
2D.csv,Imbalance,Imbalance,0.9316,1698.2
2D.csv,Imbalance,Imbalance,0.9395,1698.2
2D.csv,Imbalance,Imbalance,0.9970,1725.7
2D.csv,Imbalance,Imbalance,0.9937,1725.7
2D.csv,Imbalance,Imbalance,0.9834,1725.7
2D.csv,Imbalance,Imbalance,0.8459,1725.7
2D.csv,Imbalance,Imbalance,0.9716,1716.4
2D.csv,Imbalance,Imbalance,0.9374,1716.4
2D.csv,Imbalance,Imbalance,0.9439,1716.4
2D.csv,Imbalance,Imbalance,0.9773,1716.4
2D.csv,Imbalance,Imbalance,0.9665,1716.4
2D.csv,Imbalance,Imbalance,0.9892,1716.4
2D.csv,Imbalance,Imbalance,0.9693,1716.4
2D.csv,Imbalance,Imbalance,0.9849,1716.4
2D.csv,Imbalance,Imbalance,0.9802,1705.6
2D.csv,Imbalance,Imbalance,0.9866,1705.6
2D.csv,Imbalance,Imbalance,0.9949,1705.6
2D.csv,Imbalance,Imbalance,0.9890,1705.6
2D.csv,Imbalance,Imbalance,0.9760,1725.9
2D.csv,Imbalance,Imbalance,0.9683,1725.9
2D.csv,Imbalance,Imbalance,0.9493,1725.9
2D.csv,Imbalance,Imbalance,0.9802,1725.9
2D.csv,Imbalance,Imbalance,0.9521,1726.8
2D.csv,Imbalance,Imbalance,0.9783,1726.8
2D.csv,Imbalance,Imbalance,0.9701,1726.8
2D.csv,Imbalance,Imbalance,0.9880,1726.8
2D.csv,Imbalance,Imbalance,0.9018,1726.8
2D.csv,Imbalance,Imbalance,0.9731,1726.8
2D.csv,Imbalance,Imbalance,0.9954,1726.8
2D.csv,Imbalance,Imbalance,0.8701,1726.8
2D.csv,Imbalance,Imbalance,0.8343,1751.2
2D.csv,Imbalance,Imbalance,0.8666,1751.2
2D.csv,Imbalance,Imbalance,0.9628,1751.2
2D.csv,Imbalance,Imbalance,0.9511,1751.2
2D.csv,Imbalance,Imbalance,0.9834,1718.3
2D.csv,Imbalance,Imbalance,0.9870,1718.3
2D.csv,Imbalance,Imbalance,0.9115,1718.3
2D.csv,Imbalance,Imbalance,0.9292,1718.3
2D.csv,Imbalance,Imbalance,0.9729,1698.0
2D.csv,Imbalance,Imbalance,0.9839,1698.0
2D.csv,Imbalance,Imbalance,0.9870,1698.0
2D.csv,Imbalance,Imbalance,0.9817,1698.0
2D.csv,Imbalance,Imbalance,0.9874,1697.6
2D.csv,Imbalance,Imbalance,0.9941,1697.6
2D.csv,Imbalance,Imbalance,0.9868,1697.6
2D.csv,Imbalance,Imbalance,0.9867,1697.6
2D.csv,Imbalance,Imbalance,0.9898,1702.0
2D.csv,Imbalance,Imbalance,0.9790,1702.0
2D.csv,Imbalance,Imbalance,0.9460,1702.0
2D.csv,Imbalance,Imbalance,0.9643,1702.0
2D.csv,Imbalance,Imbalance,0.8914,1757.4
2D.csv,Imbalance,Imbalance,0.9394,1757.4
2D.csv,Imbalance,Imbalance,0.9269,1757.4
2D.csv,Imbalance,Imbalance,0.9659,1757.4
2D.csv,Imbalance,Imbalance,0.9756,1743.2
2D.csv,Imbalance,Imbalance,0.9885,1743.2
2D.csv,Imbalance,Imbalance,0.9598,1743.2
2D.csv,Imbalance,Imbalance,0.9695,1743.2
2D.csv,Imbalance,Imbalance,0.7993,1743.5
2D.csv,Imbalance,Imbalance,0.9145,1743.5
2D.csv,Imbalance,Imbalance,0.9307,1743.5
2D.csv,Imbalance,Imbalance,0.9689,1743.5
2D.csv,Imbalance,Imbalance,0.9404,1752.0
2D.csv,Imbalance,Imbalance,0.9490,1752.0
2D.csv,Imbalance,Imbalance,0.8269,1752.0
2D.csv,Imbalance,Imbalance,0.7646,1752.0
2D.csv,Imbalance,Imbalance,0.8645,1758.0
2D.csv,Imbalance,Imbalance,0.8786,1758.0
2D.csv,Imbalance,Imbalance,0.9566,1758.0
2D.csv,Imbalance,Imbalance,0.8191,1758.0
2D.csv,Imbalance,Imbalance,0.6876,1767.9
2D.csv,Imbalance,Imbalance,0.9046,1767.9
2D.csv,Imbalance,Imbalance,0.9576,1767.9
2D.csv,Imbalance,Imbalance,0.7041,1767.9
2D.csv,Imbalance,Imbalance,0.9683,1754.6
2D.csv,Imbalance,Imbalance,0.9486,1754.6
2D.csv,Imbalance,Imbalance,0.9434,1754.6
2D.csv,Imbalance,Imbalance,0.9826,1754.6
2D.csv,Imbalance,Imbalance,0.7073,1758.4
2D.csv,Imbalance,Imbalance,0.8661,1758.4
2D.csv,Imbalance,Imbalance,0.8750,1758.4
2D.csv,Imbalance,Imbalance,0.9801,1758.4
2D.csv,Imbalance,Imbalance,0.8762,1749.1
2D.csv,Imbalance,Imbalance,0.9464,1749.1
2D.csv,Imbalance,Imbalance,0.9625,1749.1
2D.csv,Imbalance,Imbalance,0.6430,1749.1
2D.csv,Imbalance,Imbalance,0.7968,1759.8
2D.csv,Imbalance,Imbalance,0.9691,1759.8
2D.csv,Imbalance,Imbalance,0.7896,1759.8
2D.csv,Imbalance,Imbalance,0.9669,1759.8
2D.csv,Imbalance,Imbalance,0.8159,1749.6
2D.csv,Imbalance,Imbalance,0.9175,1749.6
2D.csv,Imbalance,Imbalance,0.8183,1749.6
2D.csv,Imbalance,Imbalance,0.9318,1749.6
2D.csv,Imbalance,Imbalance,0.8847,1777.6
2D.csv,Imbalance,Imbalance,0.7501,1777.6
2D.csv,Imbalance,Imbalance,0.7751,1777.6
2D.csv,Imbalance,Imbalance,0.9217,1777.6
2D.csv,Imbalance,Imbalance,0.8581,1790.5
2D.csv,Imbalance,Imbalance,0.7424,1790.5
2D.csv,Imbalance,Imbalance,0.9003,1790.5
2D.csv,Imbalance,Imbalance,0.6765,1790.5
2D.csv,Imbalance,Imbalance,0.7975,1779.7
2D.csv,Imbalance,Imbalance,0.8553,1779.7
2D.csv,Imbalance,Imbalance,0.7618,1779.7
2D.csv,Imbalance,Imbalance,0.9584,1779.7
2D.csv,Imbalance,Imbalance,0.6859,1775.6
2D.csv,Imbalance,Imbalance,0.6705,1775.6
2D.csv,Imbalance,Imbalance,0.5314,1775.6
2D.csv,Imbalance,Imbalance,0.6243,1775.6
2D.csv,Imbalance,Bearing,0.5792,1784.6
2D.csv,Imbalance,Imbalance,0.9535,1784.6
2D.csv,Imbalance,Imbalance,0.5903,1784.6
2D.csv,Imbalance,Imbalance,0.9464,1784.6
2D.csv,Imbalance,Bearing,0.5198,1801.2
2D.csv,Imbalance,Bearing,0.5568,1801.2
2D.csv,Imbalance,Imbalance,0.7485,1801.2
2D.csv,Imbalance,Imbalance,0.8663,1801.2
2D.csv,Imbalance,Imbalance,0.9186,1805.8
2D.csv,Imbalance,Bearing,0.6088,1805.8
2D.csv,Imbalance,Imbalance,0.6170,1805.8
2D.csv,Imbalance,Imbalance,0.8814,1805.8
2D.csv,Imbalance,Imbalance,0.8336,1776.3
2D.csv,Imbalance,Imbalance,0.7616,1776.3
2D.csv,Imbalance,Imbalance,0.8031,1776.3
2D.csv,Imbalance,Imbalance,0.8163,1776.3
2D.csv,Imbalance,Imbalance,0.8363,1810.6
2D.csv,Imbalance,Imbalance,0.9220,1810.6
2D.csv,Imbalance,Imbalance,0.9385,1810.6
2D.csv,Imbalance,Imbalance,0.9705,1810.6
2D.csv,Imbalance,Bearing,0.5068,1811.9
2D.csv,Imbalance,Imbalance,0.5331,1811.9
2D.csv,Imbalance,Imbalance,0.6498,1811.9
2D.csv,Imbalance,Imbalance,0.6725,1811.9
2D.csv,Imbalance,Bearing,0.7923,1835.6
2D.csv,Imbalance,Imbalance,0.7166,1835.6
2D.csv,Imbalance,Imbalance,0.5226,1835.6
2D.csv,Imbalance,Bearing,0.7186,1835.6
2D.csv,Imbalance,Bearing,0.6107,1821.4
2D.csv,Imbalance,Bearing,0.7876,1821.4
2D.csv,Imbalance,Imbalance,0.9048,1821.4
2D.csv,Imbalance,Bearing,0.7651,1821.4
2D.csv,Imbalance,Imbalance,0.6485,1774.2
2D.csv,Imbalance,Bearing,0.5105,1774.2
2D.csv,Imbalance,Imbalance,0.8060,1774.2
2D.csv,Imbalance,Imbalance,0.7711,1774.2
2D.csv,Imbalance,Bearing,0.7069,1811.1
2D.csv,Imbalance,Imbalance,0.8241,1811.1
2D.csv,Imbalance,Imbalance,0.8010,1811.1
2D.csv,Imbalance,Imbalance,0.9484,1811.1
2D.csv,Imbalance,Bearing,0.8267,1821.3
2D.csv,Imbalance,Bearing,0.6671,1821.3
2D.csv,Imbalance,Imbalance,0.6482,1821.3
2D.csv,Imbalance,Bearing,0.6870,1821.3
2D.csv,Imbalance,Imbalance,0.6631,1812.0
2D.csv,Imbalance,Imbalance,0.6921,1812.0
2D.csv,Imbalance,Bearing,0.7144,1812.0
2D.csv,Imbalance,Imbalance,0.7116,1812.0
2D.csv,Imbalance,Imbalance,0.9170,1800.2
2D.csv,Imbalance,Bearing,0.5420,1800.2
2D.csv,Imbalance,Imbalance,0.8852,1800.2
2D.csv,Imbalance,Bearing,0.6419,1800.2
2D.csv,Imbalance,Bearing,0.5864,1832.9
2D.csv,Imbalance,Bearing,0.8663,1832.9
2D.csv,Imbalance,Bearing,0.5416,1832.9
2D.csv,Imbalance,Imbalance,0.5052,1832.9
2D.csv,Imbalance,Bearing,0.8318,1832.9
2D.csv,Imbalance,Bearing,0.9239,1832.9
2D.csv,Imbalance,Bearing,0.6820,1832.9
2D.csv,Imbalance,Imbalance,0.5099,1832.9
2D.csv,Imbalance,Bearing,0.8175,1832.4
2D.csv,Imbalance,Imbalance,0.5216,1832.4
2D.csv,Imbalance,Bearing,0.6902,1832.4
2D.csv,Imbalance,Bearing,0.6102,1832.4
2D.csv,Imbalance,Bearing,0.7806,1810.0
2D.csv,Imbalance,Imbalance,0.6952,1810.0
2D.csv,Imbalance,Imbalance,0.7056,1810.0
2D.csv,Imbalance,Imbalance,0.5604,1810.0
2D.csv,Imbalance,Bearing,0.8253,1849.1
2D.csv,Imbalance,Bearing,0.7475,1849.1
2D.csv,Imbalance,Bearing,0.9041,1849.1
2D.csv,Imbalance,Bearing,0.8798,1849.1
2D.csv,Imbalance,Imbalance,0.6796,1833.2
2D.csv,Imbalance,Bearing,0.5292,1833.2
2D.csv,Imbalance,Imbalance,0.5123,1833.2
2D.csv,Imbalance,Bearing,0.8256,1833.2
2D.csv,Imbalance,Bearing,0.6148,1844.1
2D.csv,Imbalance,Bearing,0.9277,1844.1
2D.csv,Imbalance,Bearing,0.6328,1844.1
2D.csv,Imbalance,Bearing,0.7036,1844.1
2D.csv,Imbalance,Bearing,0.7645,1837.1
2D.csv,Imbalance,Bearing,0.8684,1837.1
2D.csv,Imbalance,Bearing,0.5420,1837.1
2D.csv,Imbalance,Imbalance,0.7732,1837.1
2D.csv,Imbalance,Imbalance,0.6783,1837.3
2D.csv,Imbalance,Bearing,0.5871,1837.3
2D.csv,Imbalance,Bearing,0.7316,1837.3
2D.csv,Imbalance,Imbalance,0.5103,1837.3
2D.csv,Imbalance,Bearing,0.5206,1828.2
2D.csv,Imbalance,Imbalance,0.7306,1828.2
2D.csv,Imbalance,Imbalance,0.5073,1828.2
2D.csv,Imbalance,Bearing,0.5115,1828.2
2D.csv,Imbalance,Bearing,0.7937,1858.8
2D.csv,Imbalance,Bearing,0.9739,1858.8
2D.csv,Imbalance,Bearing,0.9744,1858.8
2D.csv,Imbalance,Bearing,0.6982,1858.8
2D.csv,Imbalance,Bearing,0.6146,1846.7
2D.csv,Imbalance,Bearing,0.9492,1846.7
2D.csv,Imbalance,Bearing,0.9632,1846.7
2D.csv,Imbalance,Bearing,0.7232,1846.7
2D.csv,Imbalance,Bearing,0.7610,1879.2
2D.csv,Imbalance,Bearing,0.9693,1879.2
2D.csv,Imbalance,Bearing,0.9496,1879.2
2D.csv,Imbalance,Bearing,0.9807,1879.2
2D.csv,Imbalance,Bearing,0.9833,1844.7
2D.csv,Imbalance,Bearing,0.9155,1844.7
2D.csv,Imbalance,Bearing,0.9661,1844.7
2D.csv,Imbalance,Bearing,0.7909,1844.7
2D.csv,Imbalance,Bearing,0.8125,1858.7
2D.csv,Imbalance,Bearing,0.8074,1858.7
2D.csv,Imbalance,Bearing,0.8656,1858.7
2D.csv,Imbalance,Bearing,0.9157,1858.7
2D.csv,Imbalance,Bearing,0.9646,1878.5
2D.csv,Imbalance,Bearing,0.9713,1878.5
2D.csv,Imbalance,Bearing,0.9519,1878.5
2D.csv,Imbalance,Bearing,0.9834,1878.5
2D.csv,Imbalance,Bearing,0.9982,1870.3
2D.csv,Imbalance,Bearing,0.9404,1870.3
2D.csv,Imbalance,Bearing,0.9712,1870.3
2D.csv,Imbalance,Bearing,0.9461,1870.3
2D.csv,Imbalance,Bearing,0.9902,1870.2
2D.csv,Imbalance,Bearing,0.9577,1870.2
2D.csv,Imbalance,Bearing,0.9407,1870.2
2D.csv,Imbalance,Bearing,0.9922,1870.2
2D.csv,Imbalance,Bearing,0.9452,1869.0
2D.csv,Imbalance,Bearing,0.9856,1869.0
2D.csv,Imbalance,Bearing,0.9925,1869.0
2D.csv,Imbalance,Bearing,0.9955,1869.0
2D.csv,Imbalance,Bearing,0.9866,1877.7
2D.csv,Imbalance,Bearing,0.9996,1877.7
2D.csv,Imbalance,Bearing,0.9934,1877.7
2D.csv,Imbalance,Bearing,0.9989,1877.7
2D.csv,Imbalance,Bearing,0.9544,1859.5
2D.csv,Imbalance,Bearing,0.9875,1859.5
2D.csv,Imbalance,Bearing,0.9898,1859.5
2D.csv,Imbalance,Bearing,0.9866,1859.5
2D.csv,Imbalance,Bearing,0.9943,1886.7
2D.csv,Imbalance,Bearing,0.9980,1886.7
2D.csv,Imbalance,Bearing,0.9832,1886.7
2D.csv,Imbalance,Bearing,0.7955,1886.7
2D.csv,Imbalance,Bearing,0.9038,1874.5
2D.csv,Imbalance,Bearing,0.6273,1874.5
2D.csv,Imbalance,Bearing,0.8847,1874.5
2D.csv,Imbalance,Bearing,0.9552,1874.5
2D.csv,Imbalance,Bearing,0.9925,1881.2
2D.csv,Imbalance,Bearing,0.9955,1881.2
2D.csv,Imbalance,Bearing,0.9673,1881.2
2D.csv,Imbalance,Bearing,0.9847,1881.2
2D.csv,Imbalance,Bearing,0.9971,1880.9
2D.csv,Imbalance,Bearing,0.8833,1880.9
2D.csv,Imbalance,Bearing,0.9911,1880.9
2D.csv,Imbalance,Bearing,0.9903,1880.9
2D.csv,Imbalance,Bearing,0.9716,1886.7
2D.csv,Imbalance,Bearing,0.9784,1886.7
2D.csv,Imbalance,Bearing,0.9816,1886.7
2D.csv,Imbalance,Bearing,0.9822,1886.7
2D.csv,Imbalance,Bearing,0.9460,1880.7
2D.csv,Imbalance,Bearing,0.9773,1880.7
2D.csv,Imbalance,Bearing,0.9785,1880.7
2D.csv,Imbalance,Bearing,0.9765,1880.7
2D.csv,Imbalance,Bearing,0.9970,1900.7
2D.csv,Imbalance,Bearing,0.9894,1900.7
2D.csv,Imbalance,Bearing,0.9936,1900.7
2D.csv,Imbalance,Bearing,0.9306,1900.7
2D.csv,Imbalance,Bearing,0.9891,1891.7
2D.csv,Imbalance,Bearing,0.9275,1891.7
2D.csv,Imbalance,Bearing,0.9889,1891.7
2D.csv,Imbalance,Bearing,0.9856,1891.7
2D.csv,Imbalance,Bearing,0.9856,1895.8
2D.csv,Imbalance,Bearing,0.9975,1895.8
2D.csv,Imbalance,Bearing,0.9522,1895.8
2D.csv,Imbalance,Bearing,0.9970,1895.8
2D.csv,Imbalance,Bearing,0.9820,1907.5
2D.csv,Imbalance,Bearing,0.9747,1907.5
2D.csv,Imbalance,Bearing,0.9380,1907.5
2D.csv,Imbalance,Bearing,0.9754,1907.5
2D.csv,Imbalance,Bearing,0.9943,1900.3
2D.csv,Imbalance,Bearing,0.9977,1900.3
2D.csv,Imbalance,Bearing,0.9844,1900.3
2D.csv,Imbalance,Bearing,0.8466,1900.3
2D.csv,Imbalance,Bearing,0.9914,1906.0
2D.csv,Imbalance,Bearing,0.9530,1906.0
2D.csv,Imbalance,Bearing,0.9865,1906.0
2D.csv,Imbalance,Bearing,0.9937,1906.0
2D.csv,Imbalance,Bearing,0.9583,1908.2
2D.csv,Imbalance,Bearing,0.9890,1908.2
2D.csv,Imbalance,Bearing,0.9585,1908.2
2D.csv,Imbalance,Bearing,0.7924,1908.2
2D.csv,Imbalance,Bearing,0.9894,1916.9
2D.csv,Imbalance,Bearing,0.9299,1916.9
2D.csv,Imbalance,Bearing,0.9506,1916.9
2D.csv,Imbalance,Bearing,0.9805,1916.9
2D.csv,Imbalance,Imbalance,0.5537,1905.9
2D.csv,Imbalance,Bearing,0.9518,1905.9
2D.csv,Imbalance,Bearing,0.9954,1905.9
2D.csv,Imbalance,Bearing,0.8989,1905.9
2D.csv,Imbalance,Bearing,0.7367,1874.4
2D.csv,Imbalance,Bearing,0.8263,1874.4
2D.csv,Imbalance,Bearing,0.9608,1874.4
2D.csv,Imbalance,Bearing,0.6848,1874.4
2D.csv,Imbalance,Bearing,0.7851,1874.4
2D.csv,Imbalance,Bearing,0.8985,1874.4
2D.csv,Imbalance,Bearing,0.6542,1874.4
2D.csv,Imbalance,Bearing,0.5472,1874.4
2D.csv,Imbalance,Imbalance,0.5427,1874.5
2D.csv,Imbalance,Bearing,0.9142,1874.5
2D.csv,Imbalance,Bearing,0.6053,1874.5
2D.csv,Imbalance,Bearing,0.5489,1874.5
2D.csv,Imbalance,Bearing,0.8619,1927.1
2D.csv,Imbalance,Bearing,0.9745,1927.1
2D.csv,Imbalance,Bearing,0.9453,1927.1
2D.csv,Imbalance,Bearing,0.9617,1927.1
2D.csv,Imbalance,Bearing,0.9011,1953.9
2D.csv,Imbalance,Bearing,0.9577,1953.9
2D.csv,Imbalance,Bearing,0.8187,1953.9
2D.csv,Imbalance,Bearing,0.9636,1953.9
2D.csv,Imbalance,Bearing,0.9740,1924.2
2D.csv,Imbalance,Bearing,0.9639,1924.2
2D.csv,Imbalance,Bearing,0.9224,1924.2
2D.csv,Imbalance,Bearing,0.9669,1924.2
2D.csv,Imbalance,Bearing,0.8718,1922.2
2D.csv,Imbalance,Bearing,0.6110,1922.2
2D.csv,Imbalance,Bearing,0.9570,1922.2
2D.csv,Imbalance,Bearing,0.9365,1922.2
2D.csv,Imbalance,Bearing,0.9892,1933.3
2D.csv,Imbalance,Bearing,0.9386,1933.3
2D.csv,Imbalance,Bearing,0.8705,1933.3
2D.csv,Imbalance,Bearing,0.9629,1933.3
2D.csv,Imbalance,Bearing,0.9505,1954.4
2D.csv,Imbalance,Bearing,0.9288,1954.4
2D.csv,Imbalance,Bearing,0.9451,1954.4
2D.csv,Imbalance,Bearing,0.5111,1954.4
2D.csv,Imbalance,Bearing,0.7318,1937.8
2D.csv,Imbalance,Bearing,0.9154,1937.8
2D.csv,Imbalance,Bearing,0.8302,1937.8
2D.csv,Imbalance,Bearing,0.9149,1937.8
2D.csv,Imbalance,Bearing,0.9283,1950.3
2D.csv,Imbalance,Bearing,0.9862,1950.3
2D.csv,Imbalance,Bearing,0.9853,1950.3
2D.csv,Imbalance,Bearing,0.9767,1950.3
2D.csv,Imbalance,Bearing,0.8117,1937.9
2D.csv,Imbalance,Bearing,0.8554,1937.9
2D.csv,Imbalance,Bearing,0.9888,1937.9
2D.csv,Imbalance,Bearing,0.9512,1937.9
2D.csv,Imbalance,Bearing,0.9915,1937.5
2D.csv,Imbalance,Bearing,0.9122,1937.5
2D.csv,Imbalance,Bearing,0.8782,1937.5
2D.csv,Imbalance,Bearing,0.8779,1937.5
2D.csv,Imbalance,Bearing,0.9906,1955.6
2D.csv,Imbalance,Bearing,0.9893,1955.6
2D.csv,Imbalance,Bearing,0.9948,1955.6
2D.csv,Imbalance,Bearing,0.9744,1955.6
2D.csv,Imbalance,Bearing,0.9850,1949.7
2D.csv,Imbalance,Bearing,0.9797,1949.7
2D.csv,Imbalance,Bearing,0.9608,1949.7
2D.csv,Imbalance,Bearing,0.8455,1949.7
2D.csv,Imbalance,Bearing,0.9568,1964.0
2D.csv,Imbalance,Bearing,0.9374,1964.0
2D.csv,Imbalance,Bearing,0.9496,1964.0
2D.csv,Imbalance,Bearing,0.9513,1964.0
2D.csv,Imbalance,Bearing,0.9928,1970.1
2D.csv,Imbalance,Bearing,0.8922,1970.1
2D.csv,Imbalance,Bearing,0.9246,1970.1
2D.csv,Imbalance,Bearing,0.9816,1970.1
2D.csv,Imbalance,Bearing,0.9585,1944.2
2D.csv,Imbalance,Bearing,0.7969,1944.2
2D.csv,Imbalance,Bearing,0.8318,1944.2
2D.csv,Imbalance,Bearing,0.9788,1944.2
2D.csv,Imbalance,Bearing,0.9845,1970.7
2D.csv,Imbalance,Bearing,0.9374,1970.7
2D.csv,Imbalance,Bearing,0.9740,1970.7
2D.csv,Imbalance,Bearing,0.9797,1970.7
2D.csv,Imbalance,Bearing,0.9607,1957.7
2D.csv,Imbalance,Bearing,0.9902,1957.7
2D.csv,Imbalance,Bearing,0.9528,1957.7
2D.csv,Imbalance,Bearing,0.9630,1957.7
2D.csv,Imbalance,Bearing,0.9354,1986.7
2D.csv,Imbalance,Bearing,0.8987,1986.7
2D.csv,Imbalance,Bearing,0.9877,1986.7
2D.csv,Imbalance,Bearing,0.9385,1986.7
2D.csv,Imbalance,Bearing,0.9583,1952.9
2D.csv,Imbalance,Bearing,0.9019,1952.9
2D.csv,Imbalance,Bearing,0.9746,1952.9
2D.csv,Imbalance,Bearing,0.9352,1952.9
2D.csv,Imbalance,Bearing,0.9919,1983.0
2D.csv,Imbalance,Bearing,0.7060,1983.0
2D.csv,Imbalance,Bearing,0.9488,1983.0
2D.csv,Imbalance,Bearing,0.8469,1983.0
2D.csv,Imbalance,Bearing,0.7291,1997.6
2D.csv,Imbalance,Bearing,0.8763,1997.6
2D.csv,Imbalance,Bearing,0.9628,1997.6
2D.csv,Imbalance,Bearing,0.9572,1997.6
2D.csv,Imbalance,Bearing,0.8299,1987.3
2D.csv,Imbalance,Bearing,0.9811,1987.3
2D.csv,Imbalance,Bearing,0.9753,1987.3
2D.csv,Imbalance,Bearing,0.9860,1987.3
2D.csv,Imbalance,Bearing,0.9432,1937.0
2D.csv,Imbalance,Bearing,0.9388,1937.0
2D.csv,Imbalance,Bearing,0.9273,1937.0
2D.csv,Imbalance,Bearing,0.9743,1937.0
2D.csv,Imbalance,Bearing,0.9870,1994.5
2D.csv,Imbalance,Bearing,0.9471,1994.5
2D.csv,Imbalance,Bearing,0.9732,1994.5
2D.csv,Imbalance,Bearing,0.8710,1994.5
2D.csv,Imbalance,Bearing,0.9670,1996.4
2D.csv,Imbalance,Bearing,0.9935,1996.4
2D.csv,Imbalance,Bearing,0.9653,1996.4
2D.csv,Imbalance,Bearing,0.9732,1996.4
2D.csv,Imbalance,Bearing,0.9324,1992.2
2D.csv,Imbalance,Bearing,0.9385,1992.2
2D.csv,Imbalance,Bearing,0.9882,1992.2
2D.csv,Imbalance,Bearing,0.8574,1992.2
2D.csv,Imbalance,Bearing,0.9872,1987.0
2D.csv,Imbalance,Bearing,0.9038,1987.0
2D.csv,Imbalance,Bearing,0.9308,1987.0
2D.csv,Imbalance,Bearing,0.8163,1987.0
2D.csv,Imbalance,Bearing,0.9569,2003.2
2D.csv,Imbalance,Bearing,0.9629,2003.2
2D.csv,Imbalance,Bearing,0.9725,2003.2
2D.csv,Imbalance,Bearing,0.9474,2003.2
2D.csv,Imbalance,Bearing,0.9872,1997.3
2D.csv,Imbalance,Bearing,0.9409,1997.3
2D.csv,Imbalance,Bearing,0.8523,1997.3
2D.csv,Imbalance,Bearing,0.9012,1997.3
2D.csv,Imbalance,Bearing,0.6896,2002.5
2D.csv,Imbalance,Bearing,0.8408,2002.5
2D.csv,Imbalance,Bearing,0.9814,2002.5
2D.csv,Imbalance,Bearing,0.7553,2002.5
2D.csv,Imbalance,Bearing,0.9930,2003.0
2D.csv,Imbalance,Bearing,0.9743,2003.0
2D.csv,Imbalance,Bearing,0.9065,2003.0
2D.csv,Imbalance,Bearing,0.9963,2003.0
2D.csv,Imbalance,Bearing,0.9196,1996.5
2D.csv,Imbalance,Bearing,0.9941,1996.5
2D.csv,Imbalance,Bearing,0.9677,1996.5
2D.csv,Imbalance,Bearing,0.9911,1996.5
2D.csv,Imbalance,Bearing,0.9282,2016.7
2D.csv,Imbalance,Bearing,0.8723,2016.7
2D.csv,Imbalance,Bearing,0.9941,2016.7
2D.csv,Imbalance,Bearing,0.8458,2016.7
2D.csv,Imbalance,Bearing,0.9935,2007.9
2D.csv,Imbalance,Bearing,0.9689,2007.9
2D.csv,Imbalance,Bearing,0.9761,2007.9
2D.csv,Imbalance,Bearing,0.8997,2007.9
2D.csv,Imbalance,Bearing,0.6013,2023.4
2D.csv,Imbalance,Bearing,0.9662,2023.4
2D.csv,Imbalance,Bearing,0.9641,2023.4
2D.csv,Imbalance,Bearing,0.9219,2023.4
2D.csv,Imbalance,Bearing,0.9782,2024.8
2D.csv,Imbalance,Bearing,0.9090,2024.8
2D.csv,Imbalance,Bearing,0.9615,2024.8
2D.csv,Imbalance,Bearing,0.9141,2024.8
2D.csv,Imbalance,Bearing,0.9986,2022.0
2D.csv,Imbalance,Bearing,0.9731,2022.0
2D.csv,Imbalance,Bearing,0.9915,2022.0
2D.csv,Imbalance,Bearing,0.9698,2022.0
2D.csv,Imbalance,Bearing,0.9680,2035.8
2D.csv,Imbalance,Bearing,0.9896,2035.8
2D.csv,Imbalance,Bearing,0.9758,2035.8
2D.csv,Imbalance,Bearing,0.9726,2035.8
2D.csv,Imbalance,Bearing,0.9767,2023.8
2D.csv,Imbalance,Bearing,0.9925,2023.8
2D.csv,Imbalance,Bearing,0.9821,2023.8
2D.csv,Imbalance,Bearing,0.9944,2023.8
2D.csv,Imbalance,Bearing,0.9629,2040.4
2D.csv,Imbalance,Bearing,0.9884,2040.4
2D.csv,Imbalance,Bearing,0.9776,2040.4
2D.csv,Imbalance,Bearing,0.9738,2040.4
2D.csv,Imbalance,Bearing,0.9863,2011.2
2D.csv,Imbalance,Bearing,0.9813,2011.2
2D.csv,Imbalance,Bearing,0.9142,2011.2
2D.csv,Imbalance,Bearing,0.9718,2011.2
2D.csv,Imbalance,Bearing,0.9981,2067.9
2D.csv,Imbalance,Bearing,0.9906,2067.9
2D.csv,Imbalance,Bearing,0.9181,2067.9
2D.csv,Imbalance,Bearing,0.9923,2067.9
2D.csv,Imbalance,Bearing,0.9725,2035.4
2D.csv,Imbalance,Bearing,0.9910,2035.4
2D.csv,Imbalance,Bearing,0.9937,2035.4
2D.csv,Imbalance,Bearing,0.9384,2035.4
2D.csv,Imbalance,Bearing,0.9707,2005.6
2D.csv,Imbalance,Bearing,0.9554,2005.6
2D.csv,Imbalance,Bearing,0.9636,2005.6
2D.csv,Imbalance,Bearing,0.7884,2005.6
2D.csv,Imbalance,Bearing,0.9890,2079.5
2D.csv,Imbalance,Bearing,0.7193,2079.5
2D.csv,Imbalance,Bearing,0.9639,2079.5
2D.csv,Imbalance,Bearing,0.9947,2079.5
2D.csv,Imbalance,Bearing,0.8965,2026.9
2D.csv,Imbalance,Bearing,0.9970,2026.9
2D.csv,Imbalance,Bearing,0.9748,2026.9
2D.csv,Imbalance,Bearing,0.9753,2026.9
2D.csv,Imbalance,Bearing,0.9942,2073.6
2D.csv,Imbalance,Bearing,0.9623,2073.6
2D.csv,Imbalance,Bearing,0.9840,2073.6
2D.csv,Imbalance,Bearing,0.9968,2073.6
2D.csv,Imbalance,Bearing,0.9951,2022.3
2D.csv,Imbalance,Imbalance,0.5508,2022.3
2D.csv,Imbalance,Bearing,0.9550,2022.3
2D.csv,Imbalance,Bearing,0.9841,2022.3
2D.csv,Imbalance,Bearing,0.9646,2048.6
2D.csv,Imbalance,Bearing,0.9408,2048.6
2D.csv,Imbalance,Bearing,0.9587,2048.6
2D.csv,Imbalance,Bearing,0.9954,2048.6
2D.csv,Imbalance,Bearing,0.9986,2066.5
2D.csv,Imbalance,Bearing,0.9932,2066.5
2D.csv,Imbalance,Bearing,0.9629,2066.5
2D.csv,Imbalance,Bearing,0.9865,2066.5
2D.csv,Imbalance,Bearing,0.9885,2055.2
2D.csv,Imbalance,Bearing,0.9914,2055.2
2D.csv,Imbalance,Bearing,0.9923,2055.2
2D.csv,Imbalance,Bearing,0.9473,2055.2
2D.csv,Imbalance,Bearing,0.9908,2067.9
2D.csv,Imbalance,Bearing,0.9851,2067.9
2D.csv,Imbalance,Bearing,0.9535,2067.9
2D.csv,Imbalance,Bearing,0.9241,2067.9
2D.csv,Imbalance,Bearing,0.9679,2059.4
2D.csv,Imbalance,Bearing,0.9604,2059.4
2D.csv,Imbalance,Bearing,0.9974,2059.4
2D.csv,Imbalance,Bearing,0.9627,2059.4
2D.csv,Imbalance,Bearing,0.9936,2060.8
2D.csv,Imbalance,Bearing,0.9959,2060.8
2D.csv,Imbalance,Bearing,0.9994,2060.8
2D.csv,Imbalance,Bearing,0.9997,2060.8
2D.csv,Imbalance,Bearing,0.9932,2077.4
2D.csv,Imbalance,Bearing,0.9954,2077.4
2D.csv,Imbalance,Bearing,0.9949,2077.4
2D.csv,Imbalance,Bearing,0.9982,2077.4
2D.csv,Imbalance,Bearing,0.9991,2054.6
2D.csv,Imbalance,Bearing,0.9902,2054.6
2D.csv,Imbalance,Bearing,0.9977,2054.6
2D.csv,Imbalance,Bearing,0.9881,2054.6
2D.csv,Imbalance,Bearing,0.9959,2066.2
2D.csv,Imbalance,Bearing,0.9965,2066.2
2D.csv,Imbalance,Bearing,0.9990,2066.2
2D.csv,Imbalance,Bearing,0.9951,2066.2
2D.csv,Imbalance,Bearing,0.9459,2077.8
2D.csv,Imbalance,Bearing,0.9996,2077.8
2D.csv,Imbalance,Bearing,0.9994,2077.8
2D.csv,Imbalance,Bearing,0.9998,2077.8
2D.csv,Imbalance,Bearing,0.9903,2071.2
2D.csv,Imbalance,Bearing,0.9999,2071.2
2D.csv,Imbalance,Bearing,0.9391,2071.2
2D.csv,Imbalance,Bearing,0.9641,2071.2
2D.csv,Imbalance,Bearing,0.9997,2077.1
2D.csv,Imbalance,Bearing,0.9985,2077.1
2D.csv,Imbalance,Bearing,0.9997,2077.1
2D.csv,Imbalance,Bearing,0.9998,2077.1
2D.csv,Imbalance,Bearing,0.9943,2098.3
2D.csv,Imbalance,Bearing,0.9646,2098.3
2D.csv,Imbalance,Bearing,0.9994,2098.3
2D.csv,Imbalance,Bearing,0.9993,2098.3
2D.csv,Imbalance,Bearing,0.9904,2080.6
2D.csv,Imbalance,Bearing,0.9772,2080.6
2D.csv,Imbalance,Bearing,0.9231,2080.6
2D.csv,Imbalance,Bearing,0.9692,2080.6
2D.csv,Imbalance,Bearing,0.9782,2098.6
2D.csv,Imbalance,Bearing,0.9961,2098.6
2D.csv,Imbalance,Bearing,0.9892,2098.6
2D.csv,Imbalance,Bearing,0.9997,2098.6
2D.csv,Imbalance,Bearing,1.0000,2082.8
2D.csv,Imbalance,Bearing,0.9999,2082.8
2D.csv,Imbalance,Bearing,0.9992,2082.8
2D.csv,Imbalance,Bearing,0.9907,2082.8
2D.csv,Imbalance,Bearing,0.9994,2114.4
2D.csv,Imbalance,Bearing,0.9999,2114.4
2D.csv,Imbalance,Bearing,0.9991,2114.4
2D.csv,Imbalance,Bearing,0.9998,2114.4
2D.csv,Imbalance,Bearing,0.9994,2110.3
2D.csv,Imbalance,Bearing,0.9995,2110.3
2D.csv,Imbalance,Bearing,0.9994,2110.3
2D.csv,Imbalance,Bearing,0.9982,2110.3
2D.csv,Imbalance,Bearing,0.9994,2110.9
2D.csv,Imbalance,Bearing,0.9998,2110.9
2D.csv,Imbalance,Bearing,0.9980,2110.9
2D.csv,Imbalance,Bearing,0.9995,2110.9
2D.csv,Imbalance,Bearing,0.9996,2111.0
2D.csv,Imbalance,Bearing,0.9951,2111.0
2D.csv,Imbalance,Bearing,0.9977,2111.0
2D.csv,Imbalance,Bearing,0.9998,2111.0
2D.csv,Imbalance,Bearing,0.9998,2114.4
2D.csv,Imbalance,Bearing,0.9962,2114.4
2D.csv,Imbalance,Bearing,0.9987,2114.4
2D.csv,Imbalance,Bearing,0.9967,2114.4
2D.csv,Imbalance,Bearing,0.9970,2108.9
2D.csv,Imbalance,Bearing,0.9992,2108.9
2D.csv,Imbalance,Bearing,0.9999,2108.9
2D.csv,Imbalance,Bearing,0.9998,2108.9
2D.csv,Imbalance,Bearing,0.9992,2110.6
2D.csv,Imbalance,Bearing,0.9994,2110.6
2D.csv,Imbalance,Bearing,0.9975,2110.6
2D.csv,Imbalance,Bearing,0.9991,2110.6
2D.csv,Imbalance,Bearing,0.9999,2107.4
2D.csv,Imbalance,Bearing,0.9983,2107.4
2D.csv,Imbalance,Bearing,0.9997,2107.4
2D.csv,Imbalance,Bearing,0.9996,2107.4
2D.csv,Imbalance,Bearing,0.9999,2124.5
2D.csv,Imbalance,Bearing,0.9998,2124.5
2D.csv,Imbalance,Bearing,1.0000,2124.5
2D.csv,Imbalance,Bearing,1.0000,2124.5
2D.csv,Imbalance,Bearing,0.9998,2120.4
2D.csv,Imbalance,Bearing,1.0000,2120.4
2D.csv,Imbalance,Bearing,0.9999,2120.4
2D.csv,Imbalance,Bearing,1.0000,2120.4
2D.csv,Imbalance,Bearing,1.0000,2132.4
2D.csv,Imbalance,Bearing,0.9999,2132.4
2D.csv,Imbalance,Bearing,0.9998,2132.4
2D.csv,Imbalance,Bearing,0.9984,2132.4
2D.csv,Imbalance,Bearing,0.9913,2113.0
2D.csv,Imbalance,Bearing,0.9997,2113.0
2D.csv,Imbalance,Bearing,0.9996,2113.0
2D.csv,Imbalance,Bearing,1.0000,2113.0
2D.csv,Imbalance,Bearing,0.9998,2116.7
2D.csv,Imbalance,Bearing,0.9999,2116.7
2D.csv,Imbalance,Bearing,0.9998,2116.7
2D.csv,Imbalance,Bearing,0.9999,2116.7
2D.csv,Imbalance,Bearing,0.9998,2113.1
2D.csv,Imbalance,Bearing,0.9997,2113.1
2D.csv,Imbalance,Bearing,0.9999,2113.1
2D.csv,Imbalance,Bearing,0.9998,2113.1
2D.csv,Imbalance,Bearing,0.9998,2147.2
2D.csv,Imbalance,Bearing,0.9999,2147.2
2D.csv,Imbalance,Bearing,0.9999,2147.2
2D.csv,Imbalance,Bearing,0.9999,2147.2
2D.csv,Imbalance,Bearing,1.0000,2154.1
2D.csv,Imbalance,Bearing,0.9999,2154.1
2D.csv,Imbalance,Bearing,0.9994,2154.1
2D.csv,Imbalance,Bearing,0.9992,2154.1
2D.csv,Imbalance,Bearing,0.9964,2128.0
2D.csv,Imbalance,Bearing,0.9994,2128.0
2D.csv,Imbalance,Bearing,0.9991,2128.0
2D.csv,Imbalance,Bearing,0.9999,2128.0
2D.csv,Imbalance,Bearing,0.9942,2139.6
2D.csv,Imbalance,Bearing,0.9996,2139.6
2D.csv,Imbalance,Bearing,0.9975,2139.6
2D.csv,Imbalance,Bearing,0.9989,2139.6
2D.csv,Imbalance,Bearing,0.9997,2147.3
2D.csv,Imbalance,Bearing,0.9999,2147.3
2D.csv,Imbalance,Bearing,0.9998,2147.3
2D.csv,Imbalance,Bearing,0.9996,2147.3
2D.csv,Imbalance,Bearing,1.0000,2140.4
2D.csv,Imbalance,Bearing,0.9996,2140.4
2D.csv,Imbalance,Bearing,0.9999,2140.4
2D.csv,Imbalance,Bearing,0.9980,2140.4
2D.csv,Imbalance,Bearing,0.9999,2162.3
2D.csv,Imbalance,Bearing,0.9997,2162.3
2D.csv,Imbalance,Bearing,0.9989,2162.3
2D.csv,Imbalance,Bearing,0.9984,2162.3
2D.csv,Imbalance,Bearing,0.9999,2139.1
2D.csv,Imbalance,Bearing,0.9998,2139.1
2D.csv,Imbalance,Bearing,0.9899,2139.1
2D.csv,Imbalance,Bearing,1.0000,2139.1
2D.csv,Imbalance,Bearing,0.9997,2169.7
2D.csv,Imbalance,Bearing,1.0000,2169.7
2D.csv,Imbalance,Bearing,0.9921,2169.7
2D.csv,Imbalance,Bearing,0.9999,2169.7
2D.csv,Imbalance,Bearing,0.9985,2129.3
2D.csv,Imbalance,Bearing,0.9873,2129.3
2D.csv,Imbalance,Bearing,0.9844,2129.3
2D.csv,Imbalance,Bearing,0.9987,2129.3
2D.csv,Imbalance,Bearing,0.9990,2185.7
2D.csv,Imbalance,Bearing,0.9999,2185.7
2D.csv,Imbalance,Bearing,1.0000,2185.7
2D.csv,Imbalance,Bearing,0.9999,2185.7
2D.csv,Imbalance,Bearing,0.9999,2205.1
2D.csv,Imbalance,Bearing,0.9999,2205.1
2D.csv,Imbalance,Bearing,1.0000,2205.1
2D.csv,Imbalance,Bearing,0.9999,2205.1
2D.csv,Imbalance,Bearing,0.9990,2114.5
2D.csv,Imbalance,Bearing,0.9999,2114.5
2D.csv,Imbalance,Bearing,0.9998,2114.5
2D.csv,Imbalance,Bearing,0.9997,2114.5
2D.csv,Imbalance,Bearing,0.9999,2174.9
2D.csv,Imbalance,Bearing,0.9999,2174.9
2D.csv,Imbalance,Bearing,0.9981,2174.9
2D.csv,Imbalance,Bearing,0.9999,2174.9
2D.csv,Imbalance,Bearing,1.0000,2184.4
2D.csv,Imbalance,Bearing,0.9999,2184.4
2D.csv,Imbalance,Bearing,0.9999,2184.4
2D.csv,Imbalance,Bearing,0.9998,2184.4
2D.csv,Imbalance,Bearing,0.9999,2179.7
2D.csv,Imbalance,Bearing,0.9999,2179.7
2D.csv,Imbalance,Bearing,1.0000,2179.7
2D.csv,Imbalance,Bearing,0.9999,2179.7
2D.csv,Imbalance,Bearing,0.9998,2166.5
2D.csv,Imbalance,Bearing,0.9999,2166.5
2D.csv,Imbalance,Bearing,0.9992,2166.5
2D.csv,Imbalance,Bearing,0.9999,2166.5
2D.csv,Imbalance,Bearing,0.9996,2191.8
2D.csv,Imbalance,Bearing,1.0000,2191.8
2D.csv,Imbalance,Bearing,1.0000,2191.8
2D.csv,Imbalance,Bearing,1.0000,2191.8
2D.csv,Imbalance,Bearing,0.9998,2176.4
2D.csv,Imbalance,Bearing,0.9998,2176.4
2D.csv,Imbalance,Bearing,0.9999,2176.4
2D.csv,Imbalance,Bearing,1.0000,2176.4
2D.csv,Imbalance,Bearing,0.9999,2195.8
2D.csv,Imbalance,Bearing,0.9998,2195.8
2D.csv,Imbalance,Bearing,0.9998,2195.8
2D.csv,Imbalance,Bearing,0.9993,2195.8
2D.csv,Imbalance,Bearing,1.0000,2177.9
2D.csv,Imbalance,Bearing,0.9991,2177.9
2D.csv,Imbalance,Bearing,0.9997,2177.9
2D.csv,Imbalance,Bearing,0.9996,2177.9
2D.csv,Imbalance,Bearing,0.9997,2196.6
2D.csv,Imbalance,Bearing,0.9999,2196.6
2D.csv,Imbalance,Bearing,1.0000,2196.6
2D.csv,Imbalance,Bearing,0.9996,2196.6
2D.csv,Imbalance,Bearing,1.0000,2187.9
2D.csv,Imbalance,Bearing,0.9994,2187.9
2D.csv,Imbalance,Bearing,0.9960,2187.9
2D.csv,Imbalance,Bearing,0.9992,2187.9
2D.csv,Imbalance,Bearing,0.9993,2193.9
2D.csv,Imbalance,Bearing,0.9998,2193.9
2D.csv,Imbalance,Bearing,0.9987,2193.9
2D.csv,Imbalance,Bearing,0.9998,2193.9
2D.csv,Imbalance,Bearing,0.9998,2193.3
2D.csv,Imbalance,Bearing,1.0000,2193.3
2D.csv,Imbalance,Bearing,0.9999,2193.3
2D.csv,Imbalance,Bearing,0.9998,2193.3
2D.csv,Imbalance,Bearing,0.9998,2189.1
2D.csv,Imbalance,Bearing,0.9994,2189.1
2D.csv,Imbalance,Bearing,0.9994,2189.1
2D.csv,Imbalance,Bearing,0.9999,2189.1
2D.csv,Imbalance,Bearing,0.9992,2199.2
2D.csv,Imbalance,Bearing,0.9999,2199.2
2D.csv,Imbalance,Bearing,0.9994,2199.2
2D.csv,Imbalance,Bearing,0.9989,2199.2
2D.csv,Imbalance,Bearing,1.0000,2216.8
2D.csv,Imbalance,Bearing,0.9991,2216.8
2D.csv,Imbalance,Bearing,0.9999,2216.8
2D.csv,Imbalance,Bearing,1.0000,2216.8
2D.csv,Imbalance,Bearing,0.9993,2197.5
2D.csv,Imbalance,Bearing,0.9975,2197.5
2D.csv,Imbalance,Bearing,0.9991,2197.5
2D.csv,Imbalance,Bearing,0.9995,2197.5
2D.csv,Imbalance,Bearing,0.9999,2216.7
2D.csv,Imbalance,Bearing,0.9999,2216.7
2D.csv,Imbalance,Bearing,1.0000,2216.7
2D.csv,Imbalance,Bearing,0.9991,2216.7
2D.csv,Imbalance,Bearing,0.9998,2202.5
2D.csv,Imbalance,Bearing,0.9997,2202.5
2D.csv,Imbalance,Bearing,0.9999,2202.5
2D.csv,Imbalance,Bearing,0.9998,2202.5
2D.csv,Imbalance,Bearing,0.9999,2229.5
2D.csv,Imbalance,Bearing,0.9999,2229.5
2D.csv,Imbalance,Bearing,0.9999,2229.5
2D.csv,Imbalance,Bearing,0.9998,2229.5
2D.csv,Imbalance,Bearing,0.9997,2166.2
2D.csv,Imbalance,Bearing,1.0000,2166.2
2D.csv,Imbalance,Bearing,0.9999,2166.2
2D.csv,Imbalance,Bearing,0.9998,2166.2
2D.csv,Imbalance,Bearing,1.0000,2221.2
2D.csv,Imbalance,Bearing,0.9999,2221.2
2D.csv,Imbalance,Bearing,1.0000,2221.2
2D.csv,Imbalance,Bearing,1.0000,2221.2
2D.csv,Imbalance,Bearing,0.9997,2263.0
2D.csv,Imbalance,Bearing,0.9986,2263.0
2D.csv,Imbalance,Bearing,0.9996,2263.0
2D.csv,Imbalance,Bearing,0.9995,2263.0
2D.csv,Imbalance,Bearing,0.9983,2202.0
2D.csv,Imbalance,Bearing,0.9987,2202.0
2D.csv,Imbalance,Bearing,0.9990,2202.0
2D.csv,Imbalance,Bearing,0.9999,2202.0
2D.csv,Imbalance,Bearing,0.9964,2233.7
2D.csv,Imbalance,Bearing,0.9992,2233.7
2D.csv,Imbalance,Bearing,0.9999,2233.7
2D.csv,Imbalance,Bearing,0.9998,2233.7
2D.csv,Imbalance,Bearing,0.9991,2252.7
2D.csv,Imbalance,Bearing,0.9980,2252.7
2D.csv,Imbalance,Bearing,0.9998,2252.7
2D.csv,Imbalance,Bearing,0.9999,2252.7
2D.csv,Imbalance,Bearing,0.9994,2229.6
2D.csv,Imbalance,Bearing,0.9999,2229.6
2D.csv,Imbalance,Bearing,1.0000,2229.6
2D.csv,Imbalance,Bearing,0.9999,2229.6
2D.csv,Imbalance,Bearing,0.9999,2236.7
2D.csv,Imbalance,Bearing,1.0000,2236.7
2D.csv,Imbalance,Bearing,0.9997,2236.7
2D.csv,Imbalance,Bearing,0.9999,2236.7
2D.csv,Imbalance,Bearing,0.9999,2250.6
2D.csv,Imbalance,Bearing,0.9997,2250.6
2D.csv,Imbalance,Bearing,1.0000,2250.6
2D.csv,Imbalance,Bearing,1.0000,2250.6
2D.csv,Imbalance,Bearing,1.0000,2231.5
2D.csv,Imbalance,Bearing,1.0000,2231.5
2D.csv,Imbalance,Bearing,0.9999,2231.5
2D.csv,Imbalance,Bearing,1.0000,2231.5
2D.csv,Imbalance,Bearing,1.0000,2228.1
2D.csv,Imbalance,Bearing,0.9997,2228.1
2D.csv,Imbalance,Bearing,0.9997,2228.1
2D.csv,Imbalance,Bearing,0.9999,2228.1
2D.csv,Imbalance,Bearing,0.9999,2239.5
2D.csv,Imbalance,Bearing,1.0000,2239.5
2D.csv,Imbalance,Bearing,1.0000,2239.5
2D.csv,Imbalance,Bearing,1.0000,2239.5
2D.csv,Imbalance,Bearing,1.0000,2222.8
2D.csv,Imbalance,Bearing,0.9999,2222.8
2D.csv,Imbalance,Bearing,1.0000,2222.8
2D.csv,Imbalance,Bearing,1.0000,2222.8
2D.csv,Imbalance,Bearing,1.0000,2236.2
2D.csv,Imbalance,Bearing,1.0000,2236.2
2D.csv,Imbalance,Bearing,1.0000,2236.2
2D.csv,Imbalance,Bearing,1.0000,2236.2
2D.csv,Imbalance,Bearing,1.0000,2265.3
2D.csv,Imbalance,Bearing,1.0000,2265.3
2D.csv,Imbalance,Bearing,1.0000,2265.3
2D.csv,Imbalance,Bearing,1.0000,2265.3
2D.csv,Imbalance,Bearing,1.0000,2270.3
2D.csv,Imbalance,Bearing,1.0000,2270.3
2D.csv,Imbalance,Bearing,1.0000,2270.3
2D.csv,Imbalance,Bearing,1.0000,2270.3
2D.csv,Imbalance,Bearing,0.9999,2258.4
2D.csv,Imbalance,Bearing,1.0000,2258.4
2D.csv,Imbalance,Bearing,1.0000,2258.4
2D.csv,Imbalance,Bearing,0.9999,2258.4
2D.csv,Imbalance,Bearing,1.0000,2251.7
2D.csv,Imbalance,Bearing,0.9999,2251.7
2D.csv,Imbalance,Bearing,0.9997,2251.7
2D.csv,Imbalance,Bearing,0.9998,2251.7
2D.csv,Imbalance,Bearing,0.9999,2280.3
2D.csv,Imbalance,Bearing,1.0000,2280.3
2D.csv,Imbalance,Bearing,1.0000,2280.3
2D.csv,Imbalance,Bearing,1.0000,2280.3
2D.csv,Imbalance,Bearing,1.0000,2263.7
2D.csv,Imbalance,Bearing,0.9999,2263.7
2D.csv,Imbalance,Bearing,1.0000,2263.7
2D.csv,Imbalance,Bearing,1.0000,2263.7
2D.csv,Imbalance,Bearing,1.0000,2265.5
2D.csv,Imbalance,Bearing,1.0000,2265.5
2D.csv,Imbalance,Bearing,1.0000,2265.5
2D.csv,Imbalance,Bearing,1.0000,2265.5
2D.csv,Imbalance,Bearing,1.0000,2282.6
2D.csv,Imbalance,Bearing,0.9999,2282.6
2D.csv,Imbalance,Bearing,1.0000,2282.6
2D.csv,Imbalance,Bearing,1.0000,2282.6
2D.csv,Imbalance,Bearing,1.0000,2279.2
2D.csv,Imbalance,Bearing,1.0000,2279.2
2D.csv,Imbalance,Bearing,1.0000,2279.2
2D.csv,Imbalance,Bearing,1.0000,2279.2
2D.csv,Imbalance,Bearing,1.0000,2323.1
2D.csv,Imbalance,Bearing,0.9999,2323.1
2D.csv,Imbalance,Bearing,0.9999,2323.1
2D.csv,Imbalance,Bearing,1.0000,2323.1
2D.csv,Imbalance,Bearing,1.0000,2248.4
2D.csv,Imbalance,Bearing,1.0000,2248.4
2D.csv,Imbalance,Bearing,1.0000,2248.4
2D.csv,Imbalance,Bearing,1.0000,2248.4
2D.csv,Imbalance,Bearing,1.0000,2228.2
2D.csv,Imbalance,Bearing,1.0000,2228.2
2D.csv,Imbalance,Bearing,1.0000,2228.2
2D.csv,Imbalance,Bearing,1.0000,2228.2
2D.csv,Imbalance,Bearing,1.0000,2258.3
2D.csv,Imbalance,Bearing,1.0000,2258.3
2D.csv,Imbalance,Bearing,1.0000,2258.3
2D.csv,Imbalance,Bearing,1.0000,2258.3
2D.csv,Imbalance,Bearing,1.0000,2304.3
2D.csv,Imbalance,Bearing,1.0000,2304.3
2D.csv,Imbalance,Bearing,1.0000,2304.3
2D.csv,Imbalance,Bearing,1.0000,2304.3
2D.csv,Imbalance,Bearing,1.0000,2302.8
2D.csv,Imbalance,Bearing,1.0000,2302.8
2D.csv,Imbalance,Bearing,1.0000,2302.8
2D.csv,Imbalance,Bearing,1.0000,2302.8
2D.csv,Imbalance,Bearing,1.0000,2303.7
2D.csv,Imbalance,Bearing,1.0000,2303.7
2D.csv,Imbalance,Bearing,1.0000,2303.7
2D.csv,Imbalance,Bearing,1.0000,2303.7
2D.csv,Imbalance,Bearing,1.0000,2314.8
2D.csv,Imbalance,Bearing,1.0000,2314.8
2D.csv,Imbalance,Bearing,1.0000,2314.8
2D.csv,Imbalance,Bearing,1.0000,2314.8
2D.csv,Imbalance,Bearing,0.9997,2314.4
2D.csv,Imbalance,Bearing,1.0000,2314.4
2D.csv,Imbalance,Bearing,1.0000,2314.4
2D.csv,Imbalance,Bearing,1.0000,2314.4
2D.csv,Imbalance,Bearing,0.9999,2301.9
2D.csv,Imbalance,Bearing,1.0000,2301.9
2D.csv,Imbalance,Bearing,1.0000,2301.9
2D.csv,Imbalance,Bearing,1.0000,2301.9
2D.csv,Imbalance,Bearing,1.0000,2294.3
2D.csv,Imbalance,Bearing,0.9996,2294.3
2D.csv,Imbalance,Bearing,1.0000,2294.3
2D.csv,Imbalance,Bearing,1.0000,2294.3
2D.csv,Imbalance,Bearing,1.0000,2312.2
2D.csv,Imbalance,Bearing,1.0000,2312.2
2D.csv,Imbalance,Bearing,1.0000,2312.2
2D.csv,Imbalance,Bearing,0.9998,2312.2
2D.csv,Imbalance,Bearing,1.0000,2325.5
2D.csv,Imbalance,Bearing,1.0000,2325.5
2D.csv,Imbalance,Bearing,1.0000,2325.5
2D.csv,Imbalance,Bearing,0.9999,2325.5
2D.csv,Imbalance,Bearing,0.9998,2291.9
2D.csv,Imbalance,Bearing,1.0000,2291.9
2D.csv,Imbalance,Bearing,1.0000,2291.9
2D.csv,Imbalance,Bearing,1.0000,2291.9
