path,original_path,label,label_name,rpm
4k_mafulda_structured_v3\horizontal-misalignment\0.5mm\12.288.npz,C:\dev_work\personal\Ai-Driven-Vibrations-motor\data\raw_mafulda\horizontal-misalignment\0.5mm\12.288.csv,2,Misalignment,716.5788823798515
4k_mafulda_structured_v3\horizontal-misalignment\0.5mm\13.5168.npz,C:\dev_work\personal\Ai-Driven-Vibrations-motor\data\raw_mafulda\horizontal-misalignment\0.5mm\13.5168.csv,2,Misalignment,796.1133338776843
4k_mafulda_structured_v3\horizontal-misalignment\0.5mm\14.5408.npz,C:\dev_work\personal\Ai-Driven-Vibrations-motor\data\raw_mafulda\horizontal-misalignment\0.5mm\14.5408.csv,2,Misalignment,851.2535722248119
4k_mafulda_structured_v3\horizontal-misalignment\0.5mm\15.36.npz,C:\dev_work\personal\Ai-Driven-Vibrations-motor\data\raw_mafulda\horizontal-misalignment\0.5mm\15.36.csv,2,Misalignment,902.0576666775023
4k_mafulda_structured_v3\horizontal-misalignment\0.5mm\16.384.npz,C:\dev_work\personal\Ai-Driven-Vibrations-motor\data\raw_mafulda\horizontal-misalignment\0.5mm\16.384.csv,2,Misalignment,962.5850892726594
4k_mafulda_structured_v3\horizontal-misalignment\0.5mm\17.408.npz,C:\dev_work\personal\Ai-Driven-Vibrations-motor\data\raw_mafulda\horizontal-misalignment\0.5mm\17.408.csv,2,Misalignment,1015.5229943420861
4k_mafulda_structured_v3\horizontal-misalignment\0.5mm\18.8416.npz,C:\dev_work\personal\Ai-Driven-Vibrations-motor\data\raw_mafulda\horizontal-misalignment\0.5mm\18.8416.csv,2,Misalignment,1103.7259848631866
4k_mafulda_structured_v3\horizontal-misalignment\0.5mm\19.6608.npz,C:\dev_work\personal\Ai-Driven-Vibrations-motor\data\raw_mafulda\horizontal-misalignment\0.5mm\19.6608.csv,2,Misalignment,1148.2598976338518
4k_mafulda_structured_v3\horizontal-misalignment\0.5mm\20.48.npz,C:\dev_work\personal\Ai-Driven-Vibrations-motor\data\raw_mafulda\horizontal-misalignment\0.5mm\20.48.csv,2,Misalignment,1197.1751503523
4k_mafulda_structured_v3\horizontal-misalignment\0.5mm\21.504.npz,C:\dev_work\personal\Ai-Driven-Vibrations-motor\data\raw_mafulda\horizontal-misalignment\0.5mm\21.504.csv,2,Misalignment,1264.3392121761888
4k_mafulda_structured_v3\horizontal-misalignment\0.5mm\22.528.npz,C:\dev_work\personal\Ai-Driven-Vibrations-motor\data\raw_mafulda\horizontal-misalignment\0.5mm\22.528.csv,2,Misalignment,1317.5814523212803
4k_mafulda_structured_v3\horizontal-misalignment\0.5mm\23.552.npz,C:\dev_work\personal\Ai-Driven-Vibrations-motor\data\raw_mafulda\horizontal-misalignment\0.5mm\23.552.csv,2,Misalignment,1379.7165529678025
4k_mafulda_structured_v3\horizontal-misalignment\0.5mm\24.3712.npz,C:\dev_work\personal\Ai-Driven-Vibrations-motor\data\raw_mafulda\horizontal-misalignment\0.5mm\24.3712.csv,2,Misalignment,1428.611784836537
4k_mafulda_structured_v3\horizontal-misalignment\0.5mm\24.7808.npz,C:\dev_work\personal\Ai-Driven-Vibrations-motor\data\raw_mafulda\horizontal-misalignment\0.5mm\24.7808.csv,2,Misalignment,1457.5665925736982
4k_mafulda_structured_v3\horizontal-misalignment\0.5mm\25.8048.npz,C:\dev_work\personal\Ai-Driven-Vibrations-motor\data\raw_mafulda\horizontal-misalignment\0.5mm\25.8048.csv,2,Misalignment,1513.0546353941809
4k_mafulda_structured_v3\horizontal-misalignment\0.5mm\26.8288.npz,C:\dev_work\personal\Ai-Driven-Vibrations-motor\data\raw_mafulda\horizontal-misalignment\0.5mm\26.8288.csv,2,Misalignment,1576.8661604521967
4k_mafulda_structured_v3\horizontal-misalignment\0.5mm\28.672.npz,C:\dev_work\personal\Ai-Driven-Vibrations-motor\data\raw_mafulda\horizontal-misalignment\0.5mm\28.672.csv,2,Misalignment,1682.8878355257623
4k_mafulda_structured_v3\horizontal-misalignment\0.5mm\29.2864.npz,C:\dev_work\personal\Ai-Driven-Vibrations-motor\data\raw_mafulda\horizontal-misalignment\0.5mm\29.2864.csv,2,Misalignment,1720.9356434253439
4k_mafulda_structured_v3\horizontal-misalignment\0.5mm\30.3104.npz,C:\dev_work\personal\Ai-Driven-Vibrations-motor\data\raw_mafulda\horizontal-misalignment\0.5mm\30.3104.csv,2,Misalignment,1779.4743085874768
4k_mafulda_structured_v3\horizontal-misalignment\0.5mm\31.5392.npz,C:\dev_work\personal\Ai-Driven-Vibrations-motor\data\raw_mafulda\horizontal-misalignment\0.5mm\31.5392.csv,2,Misalignment,1853.902826599894
4k_mafulda_structured_v3\horizontal-misalignment\0.5mm\32.3584.npz,C:\dev_work\personal\Ai-Driven-Vibrations-motor\data\raw_mafulda\horizontal-misalignment\0.5mm\32.3584.csv,2,Misalignment,1894.5297477603663
4k_mafulda_structured_v3\horizontal-misalignment\0.5mm\33.1776.npz,C:\dev_work\personal\Ai-Driven-Vibrations-motor\data\raw_mafulda\horizontal-misalignment\0.5mm\33.1776.csv,2,Misalignment,1945.078709240936
4k_mafulda_structured_v3\horizontal-misalignment\0.5mm\34.2016.npz,C:\dev_work\personal\Ai-Driven-Vibrations-motor\data\raw_mafulda\horizontal-misalignment\0.5mm\34.2016.csv,2,Misalignment,1999.221186927181
4k_mafulda_structured_v3\horizontal-misalignment\0.5mm\35.2256.npz,C:\dev_work\personal\Ai-Driven-Vibrations-motor\data\raw_mafulda\horizontal-misalignment\0.5mm\35.2256.csv,2,Misalignment,2065.7329929370453
4k_mafulda_structured_v3\horizontal-misalignment\0.5mm\36.6592.npz,C:\dev_work\personal\Ai-Driven-Vibrations-motor\data\raw_mafulda\horizontal-misalignment\0.5mm\36.6592.csv,2,Misalignment,2144.543862749193
4k_mafulda_structured_v3\horizontal-misalignment\0.5mm\37.888.npz,C:\dev_work\personal\Ai-Driven-Vibrations-motor\data\raw_mafulda\horizontal-misalignment\0.5mm\37.888.csv,2,Misalignment,2216.929793207038
4k_mafulda_structured_v3\horizontal-misalignment\0.5mm\38.5024.npz,C:\dev_work\personal\Ai-Driven-Vibrations-motor\data\raw_mafulda\horizontal-misalignment\0.5mm\38.5024.csv,2,Misalignment,2261.5769762594887
4k_mafulda_structured_v3\horizontal-misalignment\0.5mm\39.1168.npz,C:\dev_work\personal\Ai-Driven-Vibrations-motor\data\raw_mafulda\horizontal-misalignment\0.5mm\39.1168.csv,2,Misalignment,2295.573168374251
4k_mafulda_structured_v3\horizontal-misalignment\0.5mm\40.3456.npz,C:\dev_work\personal\Ai-Driven-Vibrations-motor\data\raw_mafulda\horizontal-misalignment\0.5mm\40.3456.csv,2,Misalignment,2369.5536534648677
4k_mafulda_structured_v3\horizontal-misalignment\0.5mm\41.984.npz,C:\dev_work\personal\Ai-Driven-Vibrations-motor\data\raw_mafulda\horizontal-misalignment\0.5mm\41.984.csv,2,Misalignment,2457.56484236649
4k_mafulda_structured_v3\horizontal-misalignment\0.5mm\42.5984.npz,C:\dev_work\personal\Ai-Driven-Vibrations-motor\data\raw_mafulda\horizontal-misalignment\0.5mm\42.5984.csv,2,Misalignment,2496.1913987916987
4k_mafulda_structured_v3\horizontal-misalignment\0.5mm\43.008.npz,C:\dev_work\personal\Ai-Driven-Vibrations-motor\data\raw_mafulda\horizontal-misalignment\0.5mm\43.008.csv,2,Misalignment,2516.475489448462
4k_mafulda_structured_v3\horizontal-misalignment\0.5mm\44.2368.npz,C:\dev_work\personal\Ai-Driven-Vibrations-motor\data\raw_mafulda\horizontal-misalignment\0.5mm\44.2368.csv,2,Misalignment,2594.4771826793512
4k_mafulda_structured_v3\horizontal-misalignment\0.5mm\44.8512.npz,C:\dev_work\personal\Ai-Driven-Vibrations-motor\data\raw_mafulda\horizontal-misalignment\0.5mm\44.8512.csv,2,Misalignment,2630.24540913588
4k_mafulda_structured_v3\horizontal-misalignment\0.5mm\46.8992.npz,C:\dev_work\personal\Ai-Driven-Vibrations-motor\data\raw_mafulda\horizontal-misalignment\0.5mm\46.8992.csv,2,Misalignment,2743.4182028204264
4k_mafulda_structured_v3\horizontal-misalignment\0.5mm\47.7184.npz,C:\dev_work\personal\Ai-Driven-Vibrations-motor\data\raw_mafulda\horizontal-misalignment\0.5mm\47.7184.csv,2,Misalignment,2790.675295306373
4k_mafulda_structured_v3\horizontal-misalignment\0.5mm\48.3328.npz,C:\dev_work\personal\Ai-Driven-Vibrations-motor\data\raw_mafulda\horizontal-misalignment\0.5mm\48.3328.csv,2,Misalignment,2829.8137942384187
4k_mafulda_structured_v3\horizontal-misalignment\0.5mm\49.5616.npz,C:\dev_work\personal\Ai-Driven-Vibrations-motor\data\raw_mafulda\horizontal-misalignment\0.5mm\49.5616.csv,2,Misalignment,2905.0611549526675
4k_mafulda_structured_v3\horizontal-misalignment\0.5mm\50.176.npz,C:\dev_work\personal\Ai-Driven-Vibrations-motor\data\raw_mafulda\horizontal-misalignment\0.5mm\50.176.csv,2,Misalignment,2935.7503810058556
4k_mafulda_structured_v3\horizontal-misalignment\0.5mm\51.4048.npz,C:\dev_work\personal\Ai-Driven-Vibrations-motor\data\raw_mafulda\horizontal-misalignment\0.5mm\51.4048.csv,2,Misalignment,3017.537930451786
4k_mafulda_structured_v3\horizontal-misalignment\0.5mm\52.224.npz,C:\dev_work\personal\Ai-Driven-Vibrations-motor\data\raw_mafulda\horizontal-misalignment\0.5mm\52.224.csv,2,Misalignment,3057.196045705482
4k_mafulda_structured_v3\horizontal-misalignment\0.5mm\53.248.npz,C:\dev_work\personal\Ai-Driven-Vibrations-motor\data\raw_mafulda\horizontal-misalignment\0.5mm\53.248.csv,2,Misalignment,3114.963900224567
4k_mafulda_structured_v3\horizontal-misalignment\0.5mm\54.4768.npz,C:\dev_work\personal\Ai-Driven-Vibrations-motor\data\raw_mafulda\horizontal-misalignment\0.5mm\54.4768.csv,2,Misalignment,3191.3221825097817
4k_mafulda_structured_v3\horizontal-misalignment\0.5mm\55.0912.npz,C:\dev_work\personal\Ai-Driven-Vibrations-motor\data\raw_mafulda\horizontal-misalignment\0.5mm\55.0912.csv,2,Misalignment,3232.2018624211473
4k_mafulda_structured_v3\horizontal-misalignment\0.5mm\56.1152.npz,C:\dev_work\personal\Ai-Driven-Vibrations-motor\data\raw_mafulda\horizontal-misalignment\0.5mm\56.1152.csv,2,Misalignment,3292.819723145829
4k_mafulda_structured_v3\horizontal-misalignment\0.5mm\57.344.npz,C:\dev_work\personal\Ai-Driven-Vibrations-motor\data\raw_mafulda\horizontal-misalignment\0.5mm\57.344.csv,2,Misalignment,3361.999365357348
4k_mafulda_structured_v3\horizontal-misalignment\0.5mm\58.1632.npz,C:\dev_work\personal\Ai-Driven-Vibrations-motor\data\raw_mafulda\horizontal-misalignment\0.5mm\58.1632.csv,2,Misalignment,3412.31084584313
4k_mafulda_structured_v3\horizontal-misalignment\0.5mm\59.8016.npz,C:\dev_work\personal\Ai-Driven-Vibrations-motor\data\raw_mafulda\horizontal-misalignment\0.5mm\59.8016.csv,2,Misalignment,3503.2524468593124
4k_mafulda_structured_v3\horizontal-misalignment\0.5mm\60.6208.npz,C:\dev_work\personal\Ai-Driven-Vibrations-motor\data\raw_mafulda\horizontal-misalignment\0.5mm\60.6208.csv,2,Misalignment,3547.0975733348346
4k_mafulda_structured_v3\horizontal-misalignment\0.5mm\62.0544.npz,C:\dev_work\personal\Ai-Driven-Vibrations-motor\data\raw_mafulda\horizontal-misalignment\0.5mm\62.0544.csv,2,Misalignment,3635.4589666629213
4k_mafulda_structured_v3\horizontal-misalignment\1.0mm\12.288.npz,C:\dev_work\personal\Ai-Driven-Vibrations-motor\data\raw_mafulda\horizontal-misalignment\1.0mm\12.288.csv,2,Misalignment,721.1097757226377
4k_mafulda_structured_v3\horizontal-misalignment\1.0mm\13.7216.npz,C:\dev_work\personal\Ai-Driven-Vibrations-motor\data\raw_mafulda\horizontal-misalignment\1.0mm\13.7216.csv,2,Misalignment,800.1707030833245
4k_mafulda_structured_v3\horizontal-misalignment\1.0mm\14.336.npz,C:\dev_work\personal\Ai-Driven-Vibrations-motor\data\raw_mafulda\horizontal-misalignment\1.0mm\14.336.csv,2,Misalignment,834.9090194730252
4k_mafulda_structured_v3\horizontal-misalignment\1.0mm\15.9744.npz,C:\dev_work\personal\Ai-Driven-Vibrations-motor\data\raw_mafulda\horizontal-misalignment\1.0mm\15.9744.csv,2,Misalignment,930.9448485703348
4k_mafulda_structured_v3\horizontal-misalignment\1.0mm\16.5888.npz,C:\dev_work\personal\Ai-Driven-Vibrations-motor\data\raw_mafulda\horizontal-misalignment\1.0mm\16.5888.csv,2,Misalignment,966.4286836033293
4k_mafulda_structured_v3\horizontal-misalignment\1.0mm\17.8176.npz,C:\dev_work\personal\Ai-Driven-Vibrations-motor\data\raw_mafulda\horizontal-misalignment\1.0mm\17.8176.csv,2,Misalignment,1039.2121321974503
4k_mafulda_structured_v3\horizontal-misalignment\1.0mm\18.8416.npz,C:\dev_work\personal\Ai-Driven-Vibrations-motor\data\raw_mafulda\horizontal-misalignment\1.0mm\18.8416.csv,2,Misalignment,1106.5803020599417
4k_mafulda_structured_v3\horizontal-misalignment\1.0mm\19.6608.npz,C:\dev_work\personal\Ai-Driven-Vibrations-motor\data\raw_mafulda\horizontal-misalignment\1.0mm\19.6608.csv,2,Misalignment,1147.2968076969526
4k_mafulda_structured_v3\horizontal-misalignment\1.0mm\20.2752.npz,C:\dev_work\personal\Ai-Driven-Vibrations-motor\data\raw_mafulda\horizontal-misalignment\1.0mm\20.2752.csv,2,Misalignment,1185.4695306105168
4k_mafulda_structured_v3\horizontal-misalignment\1.0mm\21.504.npz,C:\dev_work\personal\Ai-Driven-Vibrations-motor\data\raw_mafulda\horizontal-misalignment\1.0mm\21.504.csv,2,Misalignment,1263.4852755369814
4k_mafulda_structured_v3\horizontal-misalignment\1.0mm\22.528.npz,C:\dev_work\personal\Ai-Driven-Vibrations-motor\data\raw_mafulda\horizontal-misalignment\1.0mm\22.528.csv,2,Misalignment,1318.277289750898
4k_mafulda_structured_v3\horizontal-misalignment\1.0mm\23.7568.npz,C:\dev_work\personal\Ai-Driven-Vibrations-motor\data\raw_mafulda\horizontal-misalignment\1.0mm\23.7568.csv,2,Misalignment,1396.139371130266
4k_mafulda_structured_v3\horizontal-misalignment\1.0mm\24.1664.npz,C:\dev_work\personal\Ai-Driven-Vibrations-motor\data\raw_mafulda\horizontal-misalignment\1.0mm\24.1664.csv,2,Misalignment,1415.8249701506986
4k_mafulda_structured_v3\horizontal-misalignment\1.0mm\24.9856.npz,C:\dev_work\personal\Ai-Driven-Vibrations-motor\data\raw_mafulda\horizontal-misalignment\1.0mm\24.9856.csv,2,Misalignment,1462.7070153523796
4k_mafulda_structured_v3\horizontal-misalignment\1.0mm\26.0096.npz,C:\dev_work\personal\Ai-Driven-Vibrations-motor\data\raw_mafulda\horizontal-misalignment\1.0mm\26.0096.csv,2,Misalignment,1522.3949124622925
4k_mafulda_structured_v3\horizontal-misalignment\1.0mm\27.0336.npz,C:\dev_work\personal\Ai-Driven-Vibrations-motor\data\raw_mafulda\horizontal-misalignment\1.0mm\27.0336.csv,2,Misalignment,1579.0044638014233
4k_mafulda_structured_v3\horizontal-misalignment\1.0mm\28.2624.npz,C:\dev_work\personal\Ai-Driven-Vibrations-motor\data\raw_mafulda\horizontal-misalignment\1.0mm\28.2624.csv,2,Misalignment,1659.5667359835254
4k_mafulda_structured_v3\horizontal-misalignment\1.0mm\29.4912.npz,C:\dev_work\personal\Ai-Driven-Vibrations-motor\data\raw_mafulda\horizontal-misalignment\1.0mm\29.4912.csv,2,Misalignment,1729.503966974134
4k_mafulda_structured_v3\horizontal-misalignment\1.0mm\30.5152.npz,C:\dev_work\personal\Ai-Driven-Vibrations-motor\data\raw_mafulda\horizontal-misalignment\1.0mm\30.5152.csv,2,Misalignment,1793.251075344817
4k_mafulda_structured_v3\horizontal-misalignment\1.0mm\31.1296.npz,C:\dev_work\personal\Ai-Driven-Vibrations-motor\data\raw_mafulda\horizontal-misalignment\1.0mm\31.1296.csv,2,Misalignment,1828.5201016913811
4k_mafulda_structured_v3\horizontal-misalignment\1.0mm\32.3584.npz,C:\dev_work\personal\Ai-Driven-Vibrations-motor\data\raw_mafulda\horizontal-misalignment\1.0mm\32.3584.csv,2,Misalignment,1894.1907462146348
4k_mafulda_structured_v3\horizontal-misalignment\1.0mm\33.792.npz,C:\dev_work\personal\Ai-Driven-Vibrations-motor\data\raw_mafulda\horizontal-misalignment\1.0mm\33.792.csv,2,Misalignment,1982.6078546732324
4k_mafulda_structured_v3\horizontal-misalignment\1.0mm\34.6112.npz,C:\dev_work\personal\Ai-Driven-Vibrations-motor\data\raw_mafulda\horizontal-misalignment\1.0mm\34.6112.csv,2,Misalignment,2026.3261581016864
4k_mafulda_structured_v3\horizontal-misalignment\1.0mm\36.0448.npz,C:\dev_work\personal\Ai-Driven-Vibrations-motor\data\raw_mafulda\horizontal-misalignment\1.0mm\36.0448.csv,2,Misalignment,2114.266493681226
4k_mafulda_structured_v3\horizontal-misalignment\1.0mm\36.6592.npz,C:\dev_work\personal\Ai-Driven-Vibrations-motor\data\raw_mafulda\horizontal-misalignment\1.0mm\36.6592.csv,2,Misalignment,2144.5955389199917
4k_mafulda_structured_v3\horizontal-misalignment\1.0mm\37.0688.npz,C:\dev_work\personal\Ai-Driven-Vibrations-motor\data\raw_mafulda\horizontal-misalignment\1.0mm\37.0688.csv,2,Misalignment,2177.2086572267203
4k_mafulda_structured_v3\horizontal-misalignment\1.0mm\38.912.npz,C:\dev_work\personal\Ai-Driven-Vibrations-motor\data\raw_mafulda\horizontal-misalignment\1.0mm\38.912.csv,2,Misalignment,2274.954924430354
4k_mafulda_structured_v3\horizontal-misalignment\1.0mm\39.5264.npz,C:\dev_work\personal\Ai-Driven-Vibrations-motor\data\raw_mafulda\horizontal-misalignment\1.0mm\39.5264.csv,2,Misalignment,2313.457413908056
4k_mafulda_structured_v3\horizontal-misalignment\1.0mm\40.1408.npz,C:\dev_work\personal\Ai-Driven-Vibrations-motor\data\raw_mafulda\horizontal-misalignment\1.0mm\40.1408.csv,2,Misalignment,2357.245608874526
4k_mafulda_structured_v3\horizontal-misalignment\1.0mm\41.5744.npz,C:\dev_work\personal\Ai-Driven-Vibrations-motor\data\raw_mafulda\horizontal-misalignment\1.0mm\41.5744.csv,2,Misalignment,2431.5963068626393
4k_mafulda_structured_v3\horizontal-misalignment\1.0mm\42.3936.npz,C:\dev_work\personal\Ai-Driven-Vibrations-motor\data\raw_mafulda\horizontal-misalignment\1.0mm\42.3936.csv,2,Misalignment,2483.0545588962063
4k_mafulda_structured_v3\horizontal-misalignment\1.0mm\43.4176.npz,C:\dev_work\personal\Ai-Driven-Vibrations-motor\data\raw_mafulda\horizontal-misalignment\1.0mm\43.4176.csv,2,Misalignment,2542.740536024166
4k_mafulda_structured_v3\horizontal-misalignment\1.0mm\44.6464.npz,C:\dev_work\personal\Ai-Driven-Vibrations-motor\data\raw_mafulda\horizontal-misalignment\1.0mm\44.6464.csv,2,Misalignment,2611.913226438366
4k_mafulda_structured_v3\horizontal-misalignment\1.0mm\45.056.npz,C:\dev_work\personal\Ai-Driven-Vibrations-motor\data\raw_mafulda\horizontal-misalignment\1.0mm\45.056.csv,2,Misalignment,2636.3519630188434
4k_mafulda_structured_v3\horizontal-misalignment\1.0mm\46.2848.npz,C:\dev_work\personal\Ai-Driven-Vibrations-motor\data\raw_mafulda\horizontal-misalignment\1.0mm\46.2848.csv,2,Misalignment,2706.3979246939766
4k_mafulda_structured_v3\horizontal-misalignment\1.0mm\46.8992.npz,C:\dev_work\personal\Ai-Driven-Vibrations-motor\data\raw_mafulda\horizontal-misalignment\1.0mm\46.8992.csv,2,Misalignment,2748.32348249551
4k_mafulda_structured_v3\horizontal-misalignment\1.0mm\48.128.npz,C:\dev_work\personal\Ai-Driven-Vibrations-motor\data\raw_mafulda\horizontal-misalignment\1.0mm\48.128.csv,2,Misalignment,2817.2744675471654
4k_mafulda_structured_v3\horizontal-misalignment\1.0mm\49.3568.npz,C:\dev_work\personal\Ai-Driven-Vibrations-motor\data\raw_mafulda\horizontal-misalignment\1.0mm\49.3568.csv,2,Misalignment,2886.801303871922
4k_mafulda_structured_v3\horizontal-misalignment\1.0mm\50.176.npz,C:\dev_work\personal\Ai-Driven-Vibrations-motor\data\raw_mafulda\horizontal-misalignment\1.0mm\50.176.csv,2,Misalignment,2938.130674565903
4k_mafulda_structured_v3\horizontal-misalignment\1.0mm\51.2.npz,C:\dev_work\personal\Ai-Driven-Vibrations-motor\data\raw_mafulda\horizontal-misalignment\1.0mm\51.2.csv,2,Misalignment,2994.083978644606
4k_mafulda_structured_v3\horizontal-misalignment\1.0mm\52.4288.npz,C:\dev_work\personal\Ai-Driven-Vibrations-motor\data\raw_mafulda\horizontal-misalignment\1.0mm\52.4288.csv,2,Misalignment,3068.3951290731443
4k_mafulda_structured_v3\horizontal-misalignment\1.0mm\53.4528.npz,C:\dev_work\personal\Ai-Driven-Vibrations-motor\data\raw_mafulda\horizontal-misalignment\1.0mm\53.4528.csv,2,Misalignment,3132.4420598617708
4k_mafulda_structured_v3\horizontal-misalignment\1.0mm\54.272.npz,C:\dev_work\personal\Ai-Driven-Vibrations-motor\data\raw_mafulda\horizontal-misalignment\1.0mm\54.272.csv,2,Misalignment,3179.2290369585376
4k_mafulda_structured_v3\horizontal-misalignment\1.0mm\55.5008.npz,C:\dev_work\personal\Ai-Driven-Vibrations-motor\data\raw_mafulda\horizontal-misalignment\1.0mm\55.5008.csv,2,Misalignment,3246.0871978665127
4k_mafulda_structured_v3\horizontal-misalignment\1.0mm\56.32.npz,C:\dev_work\personal\Ai-Driven-Vibrations-motor\data\raw_mafulda\horizontal-misalignment\1.0mm\56.32.csv,2,Misalignment,3299.4954421203474
4k_mafulda_structured_v3\horizontal-misalignment\1.0mm\57.1392.npz,C:\dev_work\personal\Ai-Driven-Vibrations-motor\data\raw_mafulda\horizontal-misalignment\1.0mm\57.1392.csv,2,Misalignment,3348.05299076676
4k_mafulda_structured_v3\horizontal-misalignment\1.0mm\58.368.npz,C:\dev_work\personal\Ai-Driven-Vibrations-motor\data\raw_mafulda\horizontal-misalignment\1.0mm\58.368.csv,2,Misalignment,3421.4531538007445
4k_mafulda_structured_v3\horizontal-misalignment\1.0mm\60.0064.npz,C:\dev_work\personal\Ai-Driven-Vibrations-motor\data\raw_mafulda\horizontal-misalignment\1.0mm\60.0064.csv,2,Misalignment,3519.209519081402
4k_mafulda_structured_v3\horizontal-misalignment\1.0mm\60.416.npz,C:\dev_work\personal\Ai-Driven-Vibrations-motor\data\raw_mafulda\horizontal-misalignment\1.0mm\60.416.csv,2,Misalignment,3544.4462305095644
4k_mafulda_structured_v3\horizontal-misalignment\1.5mm\12.288.npz,C:\dev_work\personal\Ai-Driven-Vibrations-motor\data\raw_mafulda\horizontal-misalignment\1.5mm\12.288.csv,2,Misalignment,718.5512059075464
4k_mafulda_structured_v3\horizontal-misalignment\1.5mm\13.9264.npz,C:\dev_work\personal\Ai-Driven-Vibrations-motor\data\raw_mafulda\horizontal-misalignment\1.5mm\13.9264.csv,2,Misalignment,814.4114357952059
4k_mafulda_structured_v3\horizontal-misalignment\1.5mm\14.9504.npz,C:\dev_work\personal\Ai-Driven-Vibrations-motor\data\raw_mafulda\horizontal-misalignment\1.5mm\14.9504.csv,2,Misalignment,879.4227131997734
4k_mafulda_structured_v3\horizontal-misalignment\1.5mm\15.7696.npz,C:\dev_work\personal\Ai-Driven-Vibrations-motor\data\raw_mafulda\horizontal-misalignment\1.5mm\15.7696.csv,2,Misalignment,928.3954638923387
4k_mafulda_structured_v3\horizontal-misalignment\1.5mm\16.7936.npz,C:\dev_work\personal\Ai-Driven-Vibrations-motor\data\raw_mafulda\horizontal-misalignment\1.5mm\16.7936.csv,2,Misalignment,978.0364409133169
4k_mafulda_structured_v3\horizontal-misalignment\1.5mm\17.8176.npz,C:\dev_work\personal\Ai-Driven-Vibrations-motor\data\raw_mafulda\horizontal-misalignment\1.5mm\17.8176.csv,2,Misalignment,1039.6769747817889
4k_mafulda_structured_v3\horizontal-misalignment\1.5mm\19.0464.npz,C:\dev_work\personal\Ai-Driven-Vibrations-motor\data\raw_mafulda\horizontal-misalignment\1.5mm\19.0464.csv,2,Misalignment,1113.226420573715
4k_mafulda_structured_v3\horizontal-misalignment\1.5mm\19.6608.npz,C:\dev_work\personal\Ai-Driven-Vibrations-motor\data\raw_mafulda\horizontal-misalignment\1.5mm\19.6608.csv,2,Misalignment,1147.9280306114142
4k_mafulda_structured_v3\horizontal-misalignment\1.5mm\20.6848.npz,C:\dev_work\personal\Ai-Driven-Vibrations-motor\data\raw_mafulda\horizontal-misalignment\1.5mm\20.6848.csv,2,Misalignment,1216.2342953746609
4k_mafulda_structured_v3\horizontal-misalignment\1.5mm\21.2992.npz,C:\dev_work\personal\Ai-Driven-Vibrations-motor\data\raw_mafulda\horizontal-misalignment\1.5mm\21.2992.csv,2,Misalignment,1242.7909999187718
4k_mafulda_structured_v3\horizontal-misalignment\1.5mm\22.3232.npz,C:\dev_work\personal\Ai-Driven-Vibrations-motor\data\raw_mafulda\horizontal-misalignment\1.5mm\22.3232.csv,2,Misalignment,1309.041997429954
4k_mafulda_structured_v3\horizontal-misalignment\1.5mm\23.552.npz,C:\dev_work\personal\Ai-Driven-Vibrations-motor\data\raw_mafulda\horizontal-misalignment\1.5mm\23.552.csv,2,Misalignment,1376.6453326892888
4k_mafulda_structured_v3\horizontal-misalignment\1.5mm\24.3712.npz,C:\dev_work\personal\Ai-Driven-Vibrations-motor\data\raw_mafulda\horizontal-misalignment\1.5mm\24.3712.csv,2,Misalignment,1432.4734446130499
4k_mafulda_structured_v3\horizontal-misalignment\1.5mm\25.8048.npz,C:\dev_work\personal\Ai-Driven-Vibrations-motor\data\raw_mafulda\horizontal-misalignment\1.5mm\25.8048.csv,2,Misalignment,1510.0528112555762
4k_mafulda_structured_v3\horizontal-misalignment\1.5mm\26.8288.npz,C:\dev_work\personal\Ai-Driven-Vibrations-motor\data\raw_mafulda\horizontal-misalignment\1.5mm\26.8288.csv,2,Misalignment,1574.854023146316
4k_mafulda_structured_v3\horizontal-misalignment\1.5mm\28.2624.npz,C:\dev_work\personal\Ai-Driven-Vibrations-motor\data\raw_mafulda\horizontal-misalignment\1.5mm\28.2624.csv,2,Misalignment,1658.0804189174469
4k_mafulda_structured_v3\horizontal-misalignment\1.5mm\29.696.npz,C:\dev_work\personal\Ai-Driven-Vibrations-motor\data\raw_mafulda\horizontal-misalignment\1.5mm\29.696.csv,2,Misalignment,1740.272400971652
4k_mafulda_structured_v3\horizontal-misalignment\1.5mm\30.5152.npz,C:\dev_work\personal\Ai-Driven-Vibrations-motor\data\raw_mafulda\horizontal-misalignment\1.5mm\30.5152.csv,2,Misalignment,1782.8890834183285
4k_mafulda_structured_v3\horizontal-misalignment\1.5mm\31.744.npz,C:\dev_work\personal\Ai-Driven-Vibrations-motor\data\raw_mafulda\horizontal-misalignment\1.5mm\31.744.csv,2,Misalignment,1863.2187709208818
4k_mafulda_structured_v3\horizontal-misalignment\1.5mm\32.768.npz,C:\dev_work\personal\Ai-Driven-Vibrations-motor\data\raw_mafulda\horizontal-misalignment\1.5mm\32.768.csv,2,Misalignment,1921.2876252159938
4k_mafulda_structured_v3\horizontal-misalignment\1.5mm\33.9968.npz,C:\dev_work\personal\Ai-Driven-Vibrations-motor\data\raw_mafulda\horizontal-misalignment\1.5mm\33.9968.csv,2,Misalignment,1990.1577652337528
4k_mafulda_structured_v3\horizontal-misalignment\1.5mm\34.4064.npz,C:\dev_work\personal\Ai-Driven-Vibrations-motor\data\raw_mafulda\horizontal-misalignment\1.5mm\34.4064.csv,2,Misalignment,2019.7785097179162
4k_mafulda_structured_v3\horizontal-misalignment\1.5mm\35.2256.npz,C:\dev_work\personal\Ai-Driven-Vibrations-motor\data\raw_mafulda\horizontal-misalignment\1.5mm\35.2256.csv,2,Misalignment,2060.5223203168302
4k_mafulda_structured_v3\horizontal-misalignment\1.5mm\36.0448.npz,C:\dev_work\personal\Ai-Driven-Vibrations-motor\data\raw_mafulda\horizontal-misalignment\1.5mm\36.0448.csv,2,Misalignment,2116.807451162228
4k_mafulda_structured_v3\horizontal-misalignment\1.5mm\37.2736.npz,C:\dev_work\personal\Ai-Driven-Vibrations-motor\data\raw_mafulda\horizontal-misalignment\1.5mm\37.2736.csv,2,Misalignment,2178.666720163701
4k_mafulda_structured_v3\horizontal-misalignment\1.5mm\38.7072.npz,C:\dev_work\personal\Ai-Driven-Vibrations-motor\data\raw_mafulda\horizontal-misalignment\1.5mm\38.7072.csv,2,Misalignment,2272.3447231105874
4k_mafulda_structured_v3\horizontal-misalignment\1.5mm\39.7312.npz,C:\dev_work\personal\Ai-Driven-Vibrations-motor\data\raw_mafulda\horizontal-misalignment\1.5mm\39.7312.csv,2,Misalignment,2331.0492539837187
4k_mafulda_structured_v3\horizontal-misalignment\1.5mm\40.5504.npz,C:\dev_work\personal\Ai-Driven-Vibrations-motor\data\raw_mafulda\horizontal-misalignment\1.5mm\40.5504.csv,2,Misalignment,2376.9974219029655
4k_mafulda_structured_v3\horizontal-misalignment\1.5mm\41.3696.npz,C:\dev_work\personal\Ai-Driven-Vibrations-motor\data\raw_mafulda\horizontal-misalignment\1.5mm\41.3696.csv,2,Misalignment,2429.2085131068493
4k_mafulda_structured_v3\horizontal-misalignment\1.5mm\42.3936.npz,C:\dev_work\personal\Ai-Driven-Vibrations-motor\data\raw_mafulda\horizontal-misalignment\1.5mm\42.3936.csv,2,Misalignment,2478.861488600446
4k_mafulda_structured_v3\horizontal-misalignment\1.5mm\43.6224.npz,C:\dev_work\personal\Ai-Driven-Vibrations-motor\data\raw_mafulda\horizontal-misalignment\1.5mm\43.6224.csv,2,Misalignment,2556.629750969791
4k_mafulda_structured_v3\horizontal-misalignment\1.5mm\44.2368.npz,C:\dev_work\personal\Ai-Driven-Vibrations-motor\data\raw_mafulda\horizontal-misalignment\1.5mm\44.2368.csv,2,Misalignment,2596.8588073774945
4k_mafulda_structured_v3\horizontal-misalignment\1.5mm\45.4656.npz,C:\dev_work\personal\Ai-Driven-Vibrations-motor\data\raw_mafulda\horizontal-misalignment\1.5mm\45.4656.csv,2,Misalignment,2661.2259380821433
4k_mafulda_structured_v3\horizontal-misalignment\1.5mm\46.6944.npz,C:\dev_work\personal\Ai-Driven-Vibrations-motor\data\raw_mafulda\horizontal-misalignment\1.5mm\46.6944.csv,2,Misalignment,2731.32686892451
4k_mafulda_structured_v3\horizontal-misalignment\1.5mm\47.7184.npz,C:\dev_work\personal\Ai-Driven-Vibrations-motor\data\raw_mafulda\horizontal-misalignment\1.5mm\47.7184.csv,2,Misalignment,2800.489280885856
4k_mafulda_structured_v3\horizontal-misalignment\1.5mm\48.5376.npz,C:\dev_work\personal\Ai-Driven-Vibrations-motor\data\raw_mafulda\horizontal-misalignment\1.5mm\48.5376.csv,2,Misalignment,2839.41020818314
4k_mafulda_structured_v3\horizontal-misalignment\1.5mm\49.3568.npz,C:\dev_work\personal\Ai-Driven-Vibrations-motor\data\raw_mafulda\horizontal-misalignment\1.5mm\49.3568.csv,2,Misalignment,2887.125425550258
4k_mafulda_structured_v3\horizontal-misalignment\1.5mm\50.5856.npz,C:\dev_work\personal\Ai-Driven-Vibrations-motor\data\raw_mafulda\horizontal-misalignment\1.5mm\50.5856.csv,2,Misalignment,2968.880840101126
4k_mafulda_structured_v3\horizontal-misalignment\1.5mm\51.6096.npz,C:\dev_work\personal\Ai-Driven-Vibrations-motor\data\raw_mafulda\horizontal-misalignment\1.5mm\51.6096.csv,2,Misalignment,3025.773320153338
4k_mafulda_structured_v3\horizontal-misalignment\1.5mm\52.6336.npz,C:\dev_work\personal\Ai-Driven-Vibrations-motor\data\raw_mafulda\horizontal-misalignment\1.5mm\52.6336.csv,2,Misalignment,3080.008020854221
4k_mafulda_structured_v3\horizontal-misalignment\1.5mm\53.8624.npz,C:\dev_work\personal\Ai-Driven-Vibrations-motor\data\raw_mafulda\horizontal-misalignment\1.5mm\53.8624.csv,2,Misalignment,3150.452125953954
4k_mafulda_structured_v3\horizontal-misalignment\1.5mm\54.8864.npz,C:\dev_work\personal\Ai-Driven-Vibrations-motor\data\raw_mafulda\horizontal-misalignment\1.5mm\54.8864.csv,2,Misalignment,3215.20176294209
4k_mafulda_structured_v3\horizontal-misalignment\1.5mm\55.9104.npz,C:\dev_work\personal\Ai-Driven-Vibrations-motor\data\raw_mafulda\horizontal-misalignment\1.5mm\55.9104.csv,2,Misalignment,3270.4058440905414
4k_mafulda_structured_v3\horizontal-misalignment\1.5mm\56.5248.npz,C:\dev_work\personal\Ai-Driven-Vibrations-motor\data\raw_mafulda\horizontal-misalignment\1.5mm\56.5248.csv,2,Misalignment,3314.3045383876815
4k_mafulda_structured_v3\horizontal-misalignment\1.5mm\57.1392.npz,C:\dev_work\personal\Ai-Driven-Vibrations-motor\data\raw_mafulda\horizontal-misalignment\1.5mm\57.1392.csv,2,Misalignment,3353.392254745631
4k_mafulda_structured_v3\horizontal-misalignment\1.5mm\58.368.npz,C:\dev_work\personal\Ai-Driven-Vibrations-motor\data\raw_mafulda\horizontal-misalignment\1.5mm\58.368.csv,2,Misalignment,3414.76756252363
4k_mafulda_structured_v3\horizontal-misalignment\1.5mm\59.392.npz,C:\dev_work\personal\Ai-Driven-Vibrations-motor\data\raw_mafulda\horizontal-misalignment\1.5mm\59.392.csv,2,Misalignment,3477.7795159989887
4k_mafulda_structured_v3\horizontal-misalignment\1.5mm\60.6208.npz,C:\dev_work\personal\Ai-Driven-Vibrations-motor\data\raw_mafulda\horizontal-misalignment\1.5mm\60.6208.csv,2,Misalignment,3551.93449991973
4k_mafulda_structured_v3\horizontal-misalignment\1.5mm\61.44.npz,C:\dev_work\personal\Ai-Driven-Vibrations-motor\data\raw_mafulda\horizontal-misalignment\1.5mm\61.44.csv,2,Misalignment,3604.2334675377897
4k_mafulda_structured_v3\horizontal-misalignment\2.0mm\12.288.npz,C:\dev_work\personal\Ai-Driven-Vibrations-motor\data\raw_mafulda\horizontal-misalignment\2.0mm\12.288.csv,2,Misalignment,721.9097572017636
4k_mafulda_structured_v3\horizontal-misalignment\2.0mm\13.5168.npz,C:\dev_work\personal\Ai-Driven-Vibrations-motor\data\raw_mafulda\horizontal-misalignment\2.0mm\13.5168.csv,2,Misalignment,797.699353249909
4k_mafulda_structured_v3\horizontal-misalignment\2.0mm\14.5408.npz,C:\dev_work\personal\Ai-Driven-Vibrations-motor\data\raw_mafulda\horizontal-misalignment\2.0mm\14.5408.csv,2,Misalignment,851.8855065879146
4k_mafulda_structured_v3\horizontal-misalignment\2.0mm\15.36.npz,C:\dev_work\personal\Ai-Driven-Vibrations-motor\data\raw_mafulda\horizontal-misalignment\2.0mm\15.36.csv,2,Misalignment,905.6788511749347
4k_mafulda_structured_v3\horizontal-misalignment\2.0mm\16.384.npz,C:\dev_work\personal\Ai-Driven-Vibrations-motor\data\raw_mafulda\horizontal-misalignment\2.0mm\16.384.csv,2,Misalignment,962.4368902060016
4k_mafulda_structured_v3\horizontal-misalignment\2.0mm\17.408.npz,C:\dev_work\personal\Ai-Driven-Vibrations-motor\data\raw_mafulda\horizontal-misalignment\2.0mm\17.408.csv,2,Misalignment,1022.8102930432666
4k_mafulda_structured_v3\horizontal-misalignment\2.0mm\18.6368.npz,C:\dev_work\personal\Ai-Driven-Vibrations-motor\data\raw_mafulda\horizontal-misalignment\2.0mm\18.6368.csv,2,Misalignment,1086.5805270119038
4k_mafulda_structured_v3\horizontal-misalignment\2.0mm\19.456.npz,C:\dev_work\personal\Ai-Driven-Vibrations-motor\data\raw_mafulda\horizontal-misalignment\2.0mm\19.456.csv,2,Misalignment,1141.67140693976
4k_mafulda_structured_v3\horizontal-misalignment\2.0mm\20.2752.npz,C:\dev_work\personal\Ai-Driven-Vibrations-motor\data\raw_mafulda\horizontal-misalignment\2.0mm\20.2752.csv,2,Misalignment,1191.5859441494754
4k_mafulda_structured_v3\horizontal-misalignment\2.0mm\21.7088.npz,C:\dev_work\personal\Ai-Driven-Vibrations-motor\data\raw_mafulda\horizontal-misalignment\2.0mm\21.7088.csv,2,Misalignment,1272.2338002229437
4k_mafulda_structured_v3\horizontal-misalignment\2.0mm\22.7328.npz,C:\dev_work\personal\Ai-Driven-Vibrations-motor\data\raw_mafulda\horizontal-misalignment\2.0mm\22.7328.csv,2,Misalignment,1331.0960163926488
4k_mafulda_structured_v3\horizontal-misalignment\2.0mm\23.1424.npz,C:\dev_work\personal\Ai-Driven-Vibrations-motor\data\raw_mafulda\horizontal-misalignment\2.0mm\23.1424.csv,2,Misalignment,1353.1029942990886
4k_mafulda_structured_v3\horizontal-misalignment\2.0mm\24.1664.npz,C:\dev_work\personal\Ai-Driven-Vibrations-motor\data\raw_mafulda\horizontal-misalignment\2.0mm\24.1664.csv,2,Misalignment,1410.231472476172
4k_mafulda_structured_v3\horizontal-misalignment\2.0mm\25.6.npz,C:\dev_work\personal\Ai-Driven-Vibrations-motor\data\raw_mafulda\horizontal-misalignment\2.0mm\25.6.csv,2,Misalignment,1500.9744229116482
4k_mafulda_structured_v3\horizontal-misalignment\2.0mm\26.4192.npz,C:\dev_work\personal\Ai-Driven-Vibrations-motor\data\raw_mafulda\horizontal-misalignment\2.0mm\26.4192.csv,2,Misalignment,1550.9699620739377
4k_mafulda_structured_v3\horizontal-misalignment\2.0mm\27.2384.npz,C:\dev_work\personal\Ai-Driven-Vibrations-motor\data\raw_mafulda\horizontal-misalignment\2.0mm\27.2384.csv,2,Misalignment,1592.14541594799
4k_mafulda_structured_v3\horizontal-misalignment\2.0mm\28.0576.npz,C:\dev_work\personal\Ai-Driven-Vibrations-motor\data\raw_mafulda\horizontal-misalignment\2.0mm\28.0576.csv,2,Misalignment,1649.9132892285952
4k_mafulda_structured_v3\horizontal-misalignment\2.0mm\29.0816.npz,C:\dev_work\personal\Ai-Driven-Vibrations-motor\data\raw_mafulda\horizontal-misalignment\2.0mm\29.0816.csv,2,Misalignment,1702.8505637924857
4k_mafulda_structured_v3\horizontal-misalignment\2.0mm\30.9248.npz,C:\dev_work\personal\Ai-Driven-Vibrations-motor\data\raw_mafulda\horizontal-misalignment\2.0mm\30.9248.csv,2,Misalignment,1817.197961507709
4k_mafulda_structured_v3\horizontal-misalignment\2.0mm\31.5392.npz,C:\dev_work\personal\Ai-Driven-Vibrations-motor\data\raw_mafulda\horizontal-misalignment\2.0mm\31.5392.csv,2,Misalignment,1843.8548215397595
4k_mafulda_structured_v3\horizontal-misalignment\2.0mm\32.1536.npz,C:\dev_work\personal\Ai-Driven-Vibrations-motor\data\raw_mafulda\horizontal-misalignment\2.0mm\32.1536.csv,2,Misalignment,1888.9717737084006
4k_mafulda_structured_v3\horizontal-misalignment\2.0mm\33.5872.npz,C:\dev_work\personal\Ai-Driven-Vibrations-motor\data\raw_mafulda\horizontal-misalignment\2.0mm\33.5872.csv,2,Misalignment,1966.2243667068758
4k_mafulda_structured_v3\horizontal-misalignment\2.0mm\34.2016.npz,C:\dev_work\personal\Ai-Driven-Vibrations-motor\data\raw_mafulda\horizontal-misalignment\2.0mm\34.2016.csv,2,Misalignment,2000.0484860239035
4k_mafulda_structured_v3\horizontal-misalignment\2.0mm\35.84.npz,C:\dev_work\personal\Ai-Driven-Vibrations-motor\data\raw_mafulda\horizontal-misalignment\2.0mm\35.84.csv,2,Misalignment,2099.125364431487
4k_mafulda_structured_v3\horizontal-misalignment\2.0mm\36.2496.npz,C:\dev_work\personal\Ai-Driven-Vibrations-motor\data\raw_mafulda\horizontal-misalignment\2.0mm\36.2496.csv,2,Misalignment,2125.1901064596173
4k_mafulda_structured_v3\horizontal-misalignment\2.0mm\37.6832.npz,C:\dev_work\personal\Ai-Driven-Vibrations-motor\data\raw_mafulda\horizontal-misalignment\2.0mm\37.6832.csv,2,Misalignment,2209.700140873415
4k_mafulda_structured_v3\horizontal-misalignment\2.0mm\39.1168.npz,C:\dev_work\personal\Ai-Driven-Vibrations-motor\data\raw_mafulda\horizontal-misalignment\2.0mm\39.1168.csv,2,Misalignment,2287.7600821988185
4k_mafulda_structured_v3\horizontal-misalignment\2.0mm\39.936.npz,C:\dev_work\personal\Ai-Driven-Vibrations-motor\data\raw_mafulda\horizontal-misalignment\2.0mm\39.936.csv,2,Misalignment,2344.2786710920636
4k_mafulda_structured_v3\horizontal-misalignment\2.0mm\40.7552.npz,C:\dev_work\personal\Ai-Driven-Vibrations-motor\data\raw_mafulda\horizontal-misalignment\2.0mm\40.7552.csv,2,Misalignment,2383.5223966839344
4k_mafulda_structured_v3\horizontal-misalignment\2.0mm\41.5744.npz,C:\dev_work\personal\Ai-Driven-Vibrations-motor\data\raw_mafulda\horizontal-misalignment\2.0mm\41.5744.csv,2,Misalignment,2433.891334382932
4k_mafulda_structured_v3\horizontal-misalignment\2.0mm\42.5984.npz,C:\dev_work\personal\Ai-Driven-Vibrations-motor\data\raw_mafulda\horizontal-misalignment\2.0mm\42.5984.csv,2,Misalignment,2497.0244796860425
4k_mafulda_structured_v3\horizontal-misalignment\2.0mm\43.008.npz,C:\dev_work\personal\Ai-Driven-Vibrations-motor\data\raw_mafulda\horizontal-misalignment\2.0mm\43.008.csv,2,Misalignment,2519.347139516382
4k_mafulda_structured_v3\horizontal-misalignment\2.0mm\44.032.npz,C:\dev_work\personal\Ai-Driven-Vibrations-motor\data\raw_mafulda\horizontal-misalignment\2.0mm\44.032.csv,2,Misalignment,2585.592370488806
4k_mafulda_structured_v3\horizontal-misalignment\2.0mm\45.056.npz,C:\dev_work\personal\Ai-Driven-Vibrations-motor\data\raw_mafulda\horizontal-misalignment\2.0mm\45.056.csv,2,Misalignment,2634.3540619975383
4k_mafulda_structured_v3\horizontal-misalignment\2.0mm\46.4896.npz,C:\dev_work\personal\Ai-Driven-Vibrations-motor\data\raw_mafulda\horizontal-misalignment\2.0mm\46.4896.csv,2,Misalignment,2727.6332074322995
4k_mafulda_structured_v3\horizontal-misalignment\2.0mm\47.5136.npz,C:\dev_work\personal\Ai-Driven-Vibrations-motor\data\raw_mafulda\horizontal-misalignment\2.0mm\47.5136.csv,2,Misalignment,2785.5601065989235
4k_mafulda_structured_v3\horizontal-misalignment\2.0mm\48.128.npz,C:\dev_work\personal\Ai-Driven-Vibrations-motor\data\raw_mafulda\horizontal-misalignment\2.0mm\48.128.csv,2,Misalignment,2821.895011034333
4k_mafulda_structured_v3\horizontal-misalignment\2.0mm\49.5616.npz,C:\dev_work\personal\Ai-Driven-Vibrations-motor\data\raw_mafulda\horizontal-misalignment\2.0mm\49.5616.csv,2,Misalignment,2901.668358972095
4k_mafulda_structured_v3\horizontal-misalignment\2.0mm\50.3808.npz,C:\dev_work\personal\Ai-Driven-Vibrations-motor\data\raw_mafulda\horizontal-misalignment\2.0mm\50.3808.csv,2,Misalignment,2955.878981890717
4k_mafulda_structured_v3\horizontal-misalignment\2.0mm\51.8144.npz,C:\dev_work\personal\Ai-Driven-Vibrations-motor\data\raw_mafulda\horizontal-misalignment\2.0mm\51.8144.csv,2,Misalignment,3038.426448778802
4k_mafulda_structured_v3\horizontal-misalignment\2.0mm\52.6336.npz,C:\dev_work\personal\Ai-Driven-Vibrations-motor\data\raw_mafulda\horizontal-misalignment\2.0mm\52.6336.csv,2,Misalignment,3084.6470529169596
4k_mafulda_structured_v3\horizontal-misalignment\2.0mm\53.6576.npz,C:\dev_work\personal\Ai-Driven-Vibrations-motor\data\raw_mafulda\horizontal-misalignment\2.0mm\53.6576.csv,2,Misalignment,3146.992271179901
4k_mafulda_structured_v3\horizontal-misalignment\2.0mm\54.4768.npz,C:\dev_work\personal\Ai-Driven-Vibrations-motor\data\raw_mafulda\horizontal-misalignment\2.0mm\54.4768.csv,2,Misalignment,3193.450814832073
4k_mafulda_structured_v3\horizontal-misalignment\2.0mm\55.9104.npz,C:\dev_work\personal\Ai-Driven-Vibrations-motor\data\raw_mafulda\horizontal-misalignment\2.0mm\55.9104.csv,2,Misalignment,3275.266918198603
4k_mafulda_structured_v3\horizontal-misalignment\2.0mm\56.32.npz,C:\dev_work\personal\Ai-Driven-Vibrations-motor\data\raw_mafulda\horizontal-misalignment\2.0mm\56.32.csv,2,Misalignment,3301.562820064826
4k_mafulda_structured_v3\horizontal-misalignment\2.0mm\57.344.npz,C:\dev_work\personal\Ai-Driven-Vibrations-motor\data\raw_mafulda\horizontal-misalignment\2.0mm\57.344.csv,2,Misalignment,3360.001926882825
4k_mafulda_structured_v3\horizontal-misalignment\2.0mm\58.368.npz,C:\dev_work\personal\Ai-Driven-Vibrations-motor\data\raw_mafulda\horizontal-misalignment\2.0mm\58.368.csv,2,Misalignment,3423.711303052509
4k_mafulda_structured_v3\horizontal-misalignment\2.0mm\60.0064.npz,C:\dev_work\personal\Ai-Driven-Vibrations-motor\data\raw_mafulda\horizontal-misalignment\2.0mm\60.0064.csv,2,Misalignment,3516.7736902118468
4k_mafulda_structured_v3\horizontal-misalignment\2.0mm\60.8256.npz,C:\dev_work\personal\Ai-Driven-Vibrations-motor\data\raw_mafulda\horizontal-misalignment\2.0mm\60.8256.csv,2,Misalignment,3562.8595960487564
4k_mafulda_structured_v3\imbalance\10g\13.9264.npz,C:\dev_work\personal\Ai-Driven-Vibrations-motor\data\raw_mafulda\imbalance\10g\13.9264.csv,1,Imbalance,814.7276423098764
4k_mafulda_structured_v3\imbalance\10g\14.5408.npz,C:\dev_work\personal\Ai-Driven-Vibrations-motor\data\raw_mafulda\imbalance\10g\14.5408.csv,1,Imbalance,855.7928740176462
4k_mafulda_structured_v3\imbalance\10g\15.7696.npz,C:\dev_work\personal\Ai-Driven-Vibrations-motor\data\raw_mafulda\imbalance\10g\15.7696.csv,1,Imbalance,928.1875915974597
4k_mafulda_structured_v3\imbalance\10g\16.5888.npz,C:\dev_work\personal\Ai-Driven-Vibrations-motor\data\raw_mafulda\imbalance\10g\16.5888.csv,1,Imbalance,968.8240494423208
4k_mafulda_structured_v3\imbalance\10g\17.2032.npz,C:\dev_work\personal\Ai-Driven-Vibrations-motor\data\raw_mafulda\imbalance\10g\17.2032.csv,1,Imbalance,1009.8224496913756
4k_mafulda_structured_v3\imbalance\10g\18.2272.npz,C:\dev_work\personal\Ai-Driven-Vibrations-motor\data\raw_mafulda\imbalance\10g\18.2272.csv,1,Imbalance,1073.8848891927764
4k_mafulda_structured_v3\imbalance\10g\19.2512.npz,C:\dev_work\personal\Ai-Driven-Vibrations-motor\data\raw_mafulda\imbalance\10g\19.2512.csv,1,Imbalance,1127.5597424799041
4k_mafulda_structured_v3\imbalance\10g\20.48.npz,C:\dev_work\personal\Ai-Driven-Vibrations-motor\data\raw_mafulda\imbalance\10g\20.48.csv,1,Imbalance,1199.0746534997234
4k_mafulda_structured_v3\imbalance\10g\21.7088.npz,C:\dev_work\personal\Ai-Driven-Vibrations-motor\data\raw_mafulda\imbalance\10g\21.7088.csv,1,Imbalance,1274.7823764371653
4k_mafulda_structured_v3\imbalance\10g\22.1184.npz,C:\dev_work\personal\Ai-Driven-Vibrations-motor\data\raw_mafulda\imbalance\10g\22.1184.csv,1,Imbalance,1294.5636392966608
4k_mafulda_structured_v3\imbalance\10g\22.9376.npz,C:\dev_work\personal\Ai-Driven-Vibrations-motor\data\raw_mafulda\imbalance\10g\22.9376.csv,1,Imbalance,1340.6120920795188
4k_mafulda_structured_v3\imbalance\10g\24.7808.npz,C:\dev_work\personal\Ai-Driven-Vibrations-motor\data\raw_mafulda\imbalance\10g\24.7808.csv,1,Imbalance,1456.428513633789
4k_mafulda_structured_v3\imbalance\10g\25.6.npz,C:\dev_work\personal\Ai-Driven-Vibrations-motor\data\raw_mafulda\imbalance\10g\25.6.csv,1,Imbalance,1498.71279908788
4k_mafulda_structured_v3\imbalance\10g\26.0096.npz,C:\dev_work\personal\Ai-Driven-Vibrations-motor\data\raw_mafulda\imbalance\10g\26.0096.csv,1,Imbalance,1526.992906095948
4k_mafulda_structured_v3\imbalance\10g\27.648.npz,C:\dev_work\personal\Ai-Driven-Vibrations-motor\data\raw_mafulda\imbalance\10g\27.648.csv,1,Imbalance,1616.1959850289215
4k_mafulda_structured_v3\imbalance\10g\28.672.npz,C:\dev_work\personal\Ai-Driven-Vibrations-motor\data\raw_mafulda\imbalance\10g\28.672.csv,1,Imbalance,1673.878661860454
4k_mafulda_structured_v3\imbalance\10g\29.4912.npz,C:\dev_work\personal\Ai-Driven-Vibrations-motor\data\raw_mafulda\imbalance\10g\29.4912.csv,1,Imbalance,1727.9226663981474
4k_mafulda_structured_v3\imbalance\10g\30.3104.npz,C:\dev_work\personal\Ai-Driven-Vibrations-motor\data\raw_mafulda\imbalance\10g\30.3104.csv,1,Imbalance,1774.1338525658562
4k_mafulda_structured_v3\imbalance\10g\31.744.npz,C:\dev_work\personal\Ai-Driven-Vibrations-motor\data\raw_mafulda\imbalance\10g\31.744.csv,1,Imbalance,1865.2226233453669
4k_mafulda_structured_v3\imbalance\10g\32.768.npz,C:\dev_work\personal\Ai-Driven-Vibrations-motor\data\raw_mafulda\imbalance\10g\32.768.csv,1,Imbalance,1923.2464399907044
4k_mafulda_structured_v3\imbalance\10g\33.5872.npz,C:\dev_work\personal\Ai-Driven-Vibrations-motor\data\raw_mafulda\imbalance\10g\33.5872.csv,1,Imbalance,1972.3627211345317
4k_mafulda_structured_v3\imbalance\10g\34.4064.npz,C:\dev_work\personal\Ai-Driven-Vibrations-motor\data\raw_mafulda\imbalance\10g\34.4064.csv,1,Imbalance,2015.2937059280205
4k_mafulda_structured_v3\imbalance\10g\36.0448.npz,C:\dev_work\personal\Ai-Driven-Vibrations-motor\data\raw_mafulda\imbalance\10g\36.0448.csv,1,Imbalance,2112.1320867060394
4k_mafulda_structured_v3\imbalance\10g\36.864.npz,C:\dev_work\personal\Ai-Driven-Vibrations-motor\data\raw_mafulda\imbalance\10g\36.864.csv,1,Imbalance,2155.890559447578
4k_mafulda_structured_v3\imbalance\10g\38.5024.npz,C:\dev_work\personal\Ai-Driven-Vibrations-motor\data\raw_mafulda\imbalance\10g\38.5024.csv,1,Imbalance,2259.5911791360386
4k_mafulda_structured_v3\imbalance\10g\39.1168.npz,C:\dev_work\personal\Ai-Driven-Vibrations-motor\data\raw_mafulda\imbalance\10g\39.1168.csv,1,Imbalance,2288.118243528037
4k_mafulda_structured_v3\imbalance\10g\40.5504.npz,C:\dev_work\personal\Ai-Driven-Vibrations-motor\data\raw_mafulda\imbalance\10g\40.5504.csv,1,Imbalance,2370.6948422344703
4k_mafulda_structured_v3\imbalance\10g\41.7792.npz,C:\dev_work\personal\Ai-Driven-Vibrations-motor\data\raw_mafulda\imbalance\10g\41.7792.csv,1,Imbalance,2444.408766155575
4k_mafulda_structured_v3\imbalance\10g\42.1888.npz,C:\dev_work\personal\Ai-Driven-Vibrations-motor\data\raw_mafulda\imbalance\10g\42.1888.csv,1,Imbalance,2474.162103882624
4k_mafulda_structured_v3\imbalance\10g\43.2128.npz,C:\dev_work\personal\Ai-Driven-Vibrations-motor\data\raw_mafulda\imbalance\10g\43.2128.csv,1,Imbalance,2538.0710659898477
4k_mafulda_structured_v3\imbalance\10g\44.6464.npz,C:\dev_work\personal\Ai-Driven-Vibrations-motor\data\raw_mafulda\imbalance\10g\44.6464.csv,1,Imbalance,2610.7042886131585
4k_mafulda_structured_v3\imbalance\10g\45.4656.npz,C:\dev_work\personal\Ai-Driven-Vibrations-motor\data\raw_mafulda\imbalance\10g\45.4656.csv,1,Imbalance,2661.77403425378
4k_mafulda_structured_v3\imbalance\10g\46.08.npz,C:\dev_work\personal\Ai-Driven-Vibrations-motor\data\raw_mafulda\imbalance\10g\46.08.csv,1,Imbalance,2706.0507294310073
4k_mafulda_structured_v3\imbalance\10g\47.5136.npz,C:\dev_work\personal\Ai-Driven-Vibrations-motor\data\raw_mafulda\imbalance\10g\47.5136.csv,1,Imbalance,2785.280216070223
4k_mafulda_structured_v3\imbalance\10g\48.5376.npz,C:\dev_work\personal\Ai-Driven-Vibrations-motor\data\raw_mafulda\imbalance\10g\48.5376.csv,1,Imbalance,2844.3330280094488
4k_mafulda_structured_v3\imbalance\10g\49.9712.npz,C:\dev_work\personal\Ai-Driven-Vibrations-motor\data\raw_mafulda\imbalance\10g\49.9712.csv,1,Imbalance,2926.077410602114
4k_mafulda_structured_v3\imbalance\10g\50.5856.npz,C:\dev_work\personal\Ai-Driven-Vibrations-motor\data\raw_mafulda\imbalance\10g\50.5856.csv,1,Imbalance,2960.8826479438317
4k_mafulda_structured_v3\imbalance\10g\51.4048.npz,C:\dev_work\personal\Ai-Driven-Vibrations-motor\data\raw_mafulda\imbalance\10g\51.4048.csv,1,Imbalance,3009.340994446763
4k_mafulda_structured_v3\imbalance\10g\52.6336.npz,C:\dev_work\personal\Ai-Driven-Vibrations-motor\data\raw_mafulda\imbalance\10g\52.6336.csv,1,Imbalance,3078.378400044893
4k_mafulda_structured_v3\imbalance\10g\53.8624.npz,C:\dev_work\personal\Ai-Driven-Vibrations-motor\data\raw_mafulda\imbalance\10g\53.8624.csv,1,Imbalance,3160.361298592057
4k_mafulda_structured_v3\imbalance\10g\55.0912.npz,C:\dev_work\personal\Ai-Driven-Vibrations-motor\data\raw_mafulda\imbalance\10g\55.0912.csv,1,Imbalance,3222.0832932576704
4k_mafulda_structured_v3\imbalance\10g\55.9104.npz,C:\dev_work\personal\Ai-Driven-Vibrations-motor\data\raw_mafulda\imbalance\10g\55.9104.csv,1,Imbalance,3278.9915493636904
4k_mafulda_structured_v3\imbalance\10g\56.9344.npz,C:\dev_work\personal\Ai-Driven-Vibrations-motor\data\raw_mafulda\imbalance\10g\56.9344.csv,1,Imbalance,3339.874254134796
4k_mafulda_structured_v3\imbalance\10g\57.9584.npz,C:\dev_work\personal\Ai-Driven-Vibrations-motor\data\raw_mafulda\imbalance\10g\57.9584.csv,1,Imbalance,3395.2450516109357
4k_mafulda_structured_v3\imbalance\10g\59.1872.npz,C:\dev_work\personal\Ai-Driven-Vibrations-motor\data\raw_mafulda\imbalance\10g\59.1872.csv,1,Imbalance,3466.246223837664
4k_mafulda_structured_v3\imbalance\10g\60.0064.npz,C:\dev_work\personal\Ai-Driven-Vibrations-motor\data\raw_mafulda\imbalance\10g\60.0064.csv,1,Imbalance,3510.7191545319647
4k_mafulda_structured_v3\imbalance\10g\61.0304.npz,C:\dev_work\personal\Ai-Driven-Vibrations-motor\data\raw_mafulda\imbalance\10g\61.0304.csv,1,Imbalance,3578.9347264757102
4k_mafulda_structured_v3\imbalance\10g\61.8496.npz,C:\dev_work\personal\Ai-Driven-Vibrations-motor\data\raw_mafulda\imbalance\10g\61.8496.csv,1,Imbalance,3619.196216733555
4k_mafulda_structured_v3\imbalance\15g\13.312.npz,C:\dev_work\personal\Ai-Driven-Vibrations-motor\data\raw_mafulda\imbalance\15g\13.312.csv,1,Imbalance,781.145109909558
4k_mafulda_structured_v3\imbalance\15g\14.5408.npz,C:\dev_work\personal\Ai-Driven-Vibrations-motor\data\raw_mafulda\imbalance\15g\14.5408.csv,1,Imbalance,852.0687010821273
4k_mafulda_structured_v3\imbalance\15g\15.5648.npz,C:\dev_work\personal\Ai-Driven-Vibrations-motor\data\raw_mafulda\imbalance\15g\15.5648.csv,1,Imbalance,914.7605766650676
4k_mafulda_structured_v3\imbalance\15g\16.9984.npz,C:\dev_work\personal\Ai-Driven-Vibrations-motor\data\raw_mafulda\imbalance\15g\16.9984.csv,1,Imbalance,994.4416371905002
4k_mafulda_structured_v3\imbalance\15g\17.8176.npz,C:\dev_work\personal\Ai-Driven-Vibrations-motor\data\raw_mafulda\imbalance\15g\17.8176.csv,1,Imbalance,1048.2946927033815
4k_mafulda_structured_v3\imbalance\15g\18.6368.npz,C:\dev_work\personal\Ai-Driven-Vibrations-motor\data\raw_mafulda\imbalance\15g\18.6368.csv,1,Imbalance,1097.8096084479064
4k_mafulda_structured_v3\imbalance\15g\19.6608.npz,C:\dev_work\personal\Ai-Driven-Vibrations-motor\data\raw_mafulda\imbalance\15g\19.6608.csv,1,Imbalance,1153.6873466810239
4k_mafulda_structured_v3\imbalance\15g\20.8896.npz,C:\dev_work\personal\Ai-Driven-Vibrations-motor\data\raw_mafulda\imbalance\15g\20.8896.csv,1,Imbalance,1226.924307273677
4k_mafulda_structured_v3\imbalance\15g\21.0944.npz,C:\dev_work\personal\Ai-Driven-Vibrations-motor\data\raw_mafulda\imbalance\15g\21.0944.csv,1,Imbalance,1242.2864566417668
4k_mafulda_structured_v3\imbalance\15g\22.3232.npz,C:\dev_work\personal\Ai-Driven-Vibrations-motor\data\raw_mafulda\imbalance\15g\22.3232.csv,1,Imbalance,1308.868798022154
4k_mafulda_structured_v3\imbalance\15g\23.3472.npz,C:\dev_work\personal\Ai-Driven-Vibrations-motor\data\raw_mafulda\imbalance\15g\23.3472.csv,1,Imbalance,1371.9253089867177
4k_mafulda_structured_v3\imbalance\15g\24.576.npz,C:\dev_work\personal\Ai-Driven-Vibrations-motor\data\raw_mafulda\imbalance\15g\24.576.csv,1,Imbalance,1441.8940914653601
4k_mafulda_structured_v3\imbalance\15g\25.8048.npz,C:\dev_work\personal\Ai-Driven-Vibrations-motor\data\raw_mafulda\imbalance\15g\25.8048.csv,1,Imbalance,1511.6639994195211
4k_mafulda_structured_v3\imbalance\15g\26.624.npz,C:\dev_work\personal\Ai-Driven-Vibrations-motor\data\raw_mafulda\imbalance\15g\26.624.csv,1,Imbalance,1559.7983144505038
4k_mafulda_structured_v3\imbalance\15g\27.8528.npz,C:\dev_work\personal\Ai-Driven-Vibrations-motor\data\raw_mafulda\imbalance\15g\27.8528.csv,1,Imbalance,1629.1230893000804
4k_mafulda_structured_v3\imbalance\15g\28.672.npz,C:\dev_work\personal\Ai-Driven-Vibrations-motor\data\raw_mafulda\imbalance\15g\28.672.csv,1,Imbalance,1676.826816361326
4k_mafulda_structured_v3\imbalance\15g\29.696.npz,C:\dev_work\personal\Ai-Driven-Vibrations-motor\data\raw_mafulda\imbalance\15g\29.696.csv,1,Imbalance,1742.1954081858987
4k_mafulda_structured_v3\imbalance\15g\30.9248.npz,C:\dev_work\personal\Ai-Driven-Vibrations-motor\data\raw_mafulda\imbalance\15g\30.9248.csv,1,Imbalance,1809.678158793226
4k_mafulda_structured_v3\imbalance\15g\31.744.npz,C:\dev_work\personal\Ai-Driven-Vibrations-motor\data\raw_mafulda\imbalance\15g\31.744.csv,1,Imbalance,1861.1771341094952
4k_mafulda_structured_v3\imbalance\15g\33.5872.npz,C:\dev_work\personal\Ai-Driven-Vibrations-motor\data\raw_mafulda\imbalance\15g\33.5872.csv,1,Imbalance,1971.1854356640329
4k_mafulda_structured_v3\imbalance\15g\34.816.npz,C:\dev_work\personal\Ai-Driven-Vibrations-motor\data\raw_mafulda\imbalance\15g\34.816.csv,1,Imbalance,2040.6520426645202
4k_mafulda_structured_v3\imbalance\15g\36.0448.npz,C:\dev_work\personal\Ai-Driven-Vibrations-motor\data\raw_mafulda\imbalance\15g\36.0448.csv,1,Imbalance,2109.7300751063904
4k_mafulda_structured_v3\imbalance\15g\37.0688.npz,C:\dev_work\personal\Ai-Driven-Vibrations-motor\data\raw_mafulda\imbalance\15g\37.0688.csv,1,Imbalance,2170.313328939119
4k_mafulda_structured_v3\imbalance\15g\37.4784.npz,C:\dev_work\personal\Ai-Driven-Vibrations-motor\data\raw_mafulda\imbalance\15g\37.4784.csv,1,Imbalance,2190.5717151454364
4k_mafulda_structured_v3\imbalance\15g\38.5024.npz,C:\dev_work\personal\Ai-Driven-Vibrations-motor\data\raw_mafulda\imbalance\15g\38.5024.csv,1,Imbalance,2256.7733370879178
4k_mafulda_structured_v3\imbalance\15g\39.3216.npz,C:\dev_work\personal\Ai-Driven-Vibrations-motor\data\raw_mafulda\imbalance\15g\39.3216.csv,1,Imbalance,2302.49014510108
4k_mafulda_structured_v3\imbalance\15g\40.1408.npz,C:\dev_work\personal\Ai-Driven-Vibrations-motor\data\raw_mafulda\imbalance\15g\40.1408.csv,1,Imbalance,2357.6867404178884
4k_mafulda_structured_v3\imbalance\15g\41.7792.npz,C:\dev_work\personal\Ai-Driven-Vibrations-motor\data\raw_mafulda\imbalance\15g\41.7792.csv,1,Imbalance,2442.8391757231775
4k_mafulda_structured_v3\imbalance\15g\42.3936.npz,C:\dev_work\personal\Ai-Driven-Vibrations-motor\data\raw_mafulda\imbalance\15g\42.3936.csv,1,Imbalance,2484.8916177126935
4k_mafulda_structured_v3\imbalance\15g\43.6224.npz,C:\dev_work\personal\Ai-Driven-Vibrations-motor\data\raw_mafulda\imbalance\15g\43.6224.csv,1,Imbalance,2552.738447144603
4k_mafulda_structured_v3\imbalance\15g\44.4416.npz,C:\dev_work\personal\Ai-Driven-Vibrations-motor\data\raw_mafulda\imbalance\15g\44.4416.csv,1,Imbalance,2604.5644187560792
4k_mafulda_structured_v3\imbalance\15g\45.8752.npz,C:\dev_work\personal\Ai-Driven-Vibrations-motor\data\raw_mafulda\imbalance\15g\45.8752.csv,1,Imbalance,2682.16898867395
4k_mafulda_structured_v3\imbalance\15g\46.4896.npz,C:\dev_work\personal\Ai-Driven-Vibrations-motor\data\raw_mafulda\imbalance\15g\46.4896.csv,1,Imbalance,2725.7815515245084
4k_mafulda_structured_v3\imbalance\15g\47.5136.npz,C:\dev_work\personal\Ai-Driven-Vibrations-motor\data\raw_mafulda\imbalance\15g\47.5136.csv,1,Imbalance,2782.5737803653888
4k_mafulda_structured_v3\imbalance\15g\48.5376.npz,C:\dev_work\personal\Ai-Driven-Vibrations-motor\data\raw_mafulda\imbalance\15g\48.5376.csv,1,Imbalance,2849.9392734458606
4k_mafulda_structured_v3\imbalance\15g\49.5616.npz,C:\dev_work\personal\Ai-Driven-Vibrations-motor\data\raw_mafulda\imbalance\15g\49.5616.csv,1,Imbalance,2904.781036560868
4k_mafulda_structured_v3\imbalance\15g\50.7904.npz,C:\dev_work\personal\Ai-Driven-Vibrations-motor\data\raw_mafulda\imbalance\15g\50.7904.csv,1,Imbalance,2978.3915881539597
4k_mafulda_structured_v3\imbalance\15g\51.4048.npz,C:\dev_work\personal\Ai-Driven-Vibrations-motor\data\raw_mafulda\imbalance\15g\51.4048.csv,1,Imbalance,3011.0928661187813
4k_mafulda_structured_v3\imbalance\15g\52.6336.npz,C:\dev_work\personal\Ai-Driven-Vibrations-motor\data\raw_mafulda\imbalance\15g\52.6336.csv,1,Imbalance,3082.8516377649325
4k_mafulda_structured_v3\imbalance\15g\53.8624.npz,C:\dev_work\personal\Ai-Driven-Vibrations-motor\data\raw_mafulda\imbalance\15g\53.8624.csv,1,Imbalance,3161.0956862462285
4k_mafulda_structured_v3\imbalance\15g\54.6816.npz,C:\dev_work\personal\Ai-Driven-Vibrations-motor\data\raw_mafulda\imbalance\15g\54.6816.csv,1,Imbalance,3208.4142472891313
4k_mafulda_structured_v3\imbalance\15g\55.7056.npz,C:\dev_work\personal\Ai-Driven-Vibrations-motor\data\raw_mafulda\imbalance\15g\55.7056.csv,1,Imbalance,3263.7626004118847
4k_mafulda_structured_v3\imbalance\15g\56.9344.npz,C:\dev_work\personal\Ai-Driven-Vibrations-motor\data\raw_mafulda\imbalance\15g\56.9344.csv,1,Imbalance,3339.0524484375564
4k_mafulda_structured_v3\imbalance\15g\58.1632.npz,C:\dev_work\personal\Ai-Driven-Vibrations-motor\data\raw_mafulda\imbalance\15g\58.1632.csv,1,Imbalance,3406.3826543303994
4k_mafulda_structured_v3\imbalance\15g\58.5728.npz,C:\dev_work\personal\Ai-Driven-Vibrations-motor\data\raw_mafulda\imbalance\15g\58.5728.csv,1,Imbalance,3436.522801630238
4k_mafulda_structured_v3\imbalance\15g\59.392.npz,C:\dev_work\personal\Ai-Driven-Vibrations-motor\data\raw_mafulda\imbalance\15g\59.392.csv,1,Imbalance,3481.340496783675
4k_mafulda_structured_v3\imbalance\15g\60.2112.npz,C:\dev_work\personal\Ai-Driven-Vibrations-motor\data\raw_mafulda\imbalance\15g\60.2112.csv,1,Imbalance,3533.2990320609706
4k_mafulda_structured_v3\imbalance\15g\61.44.npz,C:\dev_work\personal\Ai-Driven-Vibrations-motor\data\raw_mafulda\imbalance\15g\61.44.csv,1,Imbalance,3597.021329494372
4k_mafulda_structured_v3\imbalance\20g\13.312.npz,C:\dev_work\personal\Ai-Driven-Vibrations-motor\data\raw_mafulda\imbalance\20g\13.312.csv,1,Imbalance,783.654966764992
4k_mafulda_structured_v3\imbalance\20g\14.336.npz,C:\dev_work\personal\Ai-Driven-Vibrations-motor\data\raw_mafulda\imbalance\20g\14.336.csv,1,Imbalance,838.8853766473763
4k_mafulda_structured_v3\imbalance\20g\14.9504.npz,C:\dev_work\personal\Ai-Driven-Vibrations-motor\data\raw_mafulda\imbalance\20g\14.9504.csv,1,Imbalance,873.5236220472441
4k_mafulda_structured_v3\imbalance\20g\16.1792.npz,C:\dev_work\personal\Ai-Driven-Vibrations-motor\data\raw_mafulda\imbalance\20g\16.1792.csv,1,Imbalance,952.0481085575869
4k_mafulda_structured_v3\imbalance\20g\17.408.npz,C:\dev_work\personal\Ai-Driven-Vibrations-motor\data\raw_mafulda\imbalance\20g\17.408.csv,1,Imbalance,1022.7978391366287
4k_mafulda_structured_v3\imbalance\20g\18.2272.npz,C:\dev_work\personal\Ai-Driven-Vibrations-motor\data\raw_mafulda\imbalance\20g\18.2272.csv,1,Imbalance,1065.7795935504187
4k_mafulda_structured_v3\imbalance\20g\19.456.npz,C:\dev_work\personal\Ai-Driven-Vibrations-motor\data\raw_mafulda\imbalance\20g\19.456.csv,1,Imbalance,1138.0283054274264
4k_mafulda_structured_v3\imbalance\20g\20.6848.npz,C:\dev_work\personal\Ai-Driven-Vibrations-motor\data\raw_mafulda\imbalance\20g\20.6848.csv,1,Imbalance,1210.018956963659
4k_mafulda_structured_v3\imbalance\20g\21.504.npz,C:\dev_work\personal\Ai-Driven-Vibrations-motor\data\raw_mafulda\imbalance\20g\21.504.csv,1,Imbalance,1264.6478239545377
4k_mafulda_structured_v3\imbalance\20g\22.7328.npz,C:\dev_work\personal\Ai-Driven-Vibrations-motor\data\raw_mafulda\imbalance\20g\22.7328.csv,1,Imbalance,1327.3642166741079
4k_mafulda_structured_v3\imbalance\20g\23.552.npz,C:\dev_work\personal\Ai-Driven-Vibrations-motor\data\raw_mafulda\imbalance\20g\23.552.csv,1,Imbalance,1375.4715615221887
4k_mafulda_structured_v3\imbalance\20g\24.7808.npz,C:\dev_work\personal\Ai-Driven-Vibrations-motor\data\raw_mafulda\imbalance\20g\24.7808.csv,1,Imbalance,1450.145215930651
4k_mafulda_structured_v3\imbalance\20g\25.6.npz,C:\dev_work\personal\Ai-Driven-Vibrations-motor\data\raw_mafulda\imbalance\20g\25.6.csv,1,Imbalance,1502.9695769867885
4k_mafulda_structured_v3\imbalance\20g\26.4192.npz,C:\dev_work\personal\Ai-Driven-Vibrations-motor\data\raw_mafulda\imbalance\20g\26.4192.csv,1,Imbalance,1553.0816832676517
4k_mafulda_structured_v3\imbalance\20g\27.4432.npz,C:\dev_work\personal\Ai-Driven-Vibrations-motor\data\raw_mafulda\imbalance\20g\27.4432.csv,1,Imbalance,1610.1305053146414
4k_mafulda_structured_v3\imbalance\20g\28.4672.npz,C:\dev_work\personal\Ai-Driven-Vibrations-motor\data\raw_mafulda\imbalance\20g\28.4672.csv,1,Imbalance,1672.965361192018
4k_mafulda_structured_v3\imbalance\20g\29.4912.npz,C:\dev_work\personal\Ai-Driven-Vibrations-motor\data\raw_mafulda\imbalance\20g\29.4912.csv,1,Imbalance,1729.448189118586
4k_mafulda_structured_v3\imbalance\20g\30.5152.npz,C:\dev_work\personal\Ai-Driven-Vibrations-motor\data\raw_mafulda\imbalance\20g\30.5152.csv,1,Imbalance,1790.9797546680436
4k_mafulda_structured_v3\imbalance\20g\31.5392.npz,C:\dev_work\personal\Ai-Driven-Vibrations-motor\data\raw_mafulda\imbalance\20g\31.5392.csv,1,Imbalance,1850.1797778171908
4k_mafulda_structured_v3\imbalance\20g\32.5632.npz,C:\dev_work\personal\Ai-Driven-Vibrations-motor\data\raw_mafulda\imbalance\20g\32.5632.csv,1,Imbalance,1906.1866615191584
4k_mafulda_structured_v3\imbalance\20g\33.5872.npz,C:\dev_work\personal\Ai-Driven-Vibrations-motor\data\raw_mafulda\imbalance\20g\33.5872.csv,1,Imbalance,1964.4313393083112
4k_mafulda_structured_v3\imbalance\20g\34.6112.npz,C:\dev_work\personal\Ai-Driven-Vibrations-motor\data\raw_mafulda\imbalance\20g\34.6112.csv,1,Imbalance,2034.202039852601
4k_mafulda_structured_v3\imbalance\20g\36.0448.npz,C:\dev_work\personal\Ai-Driven-Vibrations-motor\data\raw_mafulda\imbalance\20g\36.0448.csv,1,Imbalance,2113.4329800210135
4k_mafulda_structured_v3\imbalance\20g\36.4544.npz,C:\dev_work\personal\Ai-Driven-Vibrations-motor\data\raw_mafulda\imbalance\20g\36.4544.csv,1,Imbalance,2135.368702974637
4k_mafulda_structured_v3\imbalance\20g\37.888.npz,C:\dev_work\personal\Ai-Driven-Vibrations-motor\data\raw_mafulda\imbalance\20g\37.888.csv,1,Imbalance,2216.6805209199224
4k_mafulda_structured_v3\imbalance\20g\38.7072.npz,C:\dev_work\personal\Ai-Driven-Vibrations-motor\data\raw_mafulda\imbalance\20g\38.7072.csv,1,Imbalance,2269.7912516449946
4k_mafulda_structured_v3\imbalance\20g\39.936.npz,C:\dev_work\personal\Ai-Driven-Vibrations-motor\data\raw_mafulda\imbalance\20g\39.936.csv,1,Imbalance,2341.2043927752525
4k_mafulda_structured_v3\imbalance\20g\40.7552.npz,C:\dev_work\personal\Ai-Driven-Vibrations-motor\data\raw_mafulda\imbalance\20g\40.7552.csv,1,Imbalance,2393.375909100066
4k_mafulda_structured_v3\imbalance\20g\41.5744.npz,C:\dev_work\personal\Ai-Driven-Vibrations-motor\data\raw_mafulda\imbalance\20g\41.5744.csv,1,Imbalance,2438.062745918458
4k_mafulda_structured_v3\imbalance\20g\42.3936.npz,C:\dev_work\personal\Ai-Driven-Vibrations-motor\data\raw_mafulda\imbalance\20g\42.3936.csv,1,Imbalance,2487.4120047816273
4k_mafulda_structured_v3\imbalance\20g\43.6224.npz,C:\dev_work\personal\Ai-Driven-Vibrations-motor\data\raw_mafulda\imbalance\20g\43.6224.csv,1,Imbalance,2551.0923753370225
4k_mafulda_structured_v3\imbalance\20g\44.4416.npz,C:\dev_work\personal\Ai-Driven-Vibrations-motor\data\raw_mafulda\imbalance\20g\44.4416.csv,1,Imbalance,2601.6991343729424
4k_mafulda_structured_v3\imbalance\20g\45.4656.npz,C:\dev_work\personal\Ai-Driven-Vibrations-motor\data\raw_mafulda\imbalance\20g\45.4656.csv,1,Imbalance,2664.962377001737
4k_mafulda_structured_v3\imbalance\20g\46.4896.npz,C:\dev_work\personal\Ai-Driven-Vibrations-motor\data\raw_mafulda\imbalance\20g\46.4896.csv,1,Imbalance,2725.7925101011115
4k_mafulda_structured_v3\imbalance\20g\47.3088.npz,C:\dev_work\personal\Ai-Driven-Vibrations-motor\data\raw_mafulda\imbalance\20g\47.3088.csv,1,Imbalance,2771.7188272014077
4k_mafulda_structured_v3\imbalance\20g\48.3328.npz,C:\dev_work\personal\Ai-Driven-Vibrations-motor\data\raw_mafulda\imbalance\20g\48.3328.csv,1,Imbalance,2827.8629090733307
4k_mafulda_structured_v3\imbalance\20g\49.7664.npz,C:\dev_work\personal\Ai-Driven-Vibrations-motor\data\raw_mafulda\imbalance\20g\49.7664.csv,1,Imbalance,2917.549098011164
4k_mafulda_structured_v3\imbalance\20g\50.7904.npz,C:\dev_work\personal\Ai-Driven-Vibrations-motor\data\raw_mafulda\imbalance\20g\50.7904.csv,1,Imbalance,2979.6730804029194
4k_mafulda_structured_v3\imbalance\20g\51.6096.npz,C:\dev_work\personal\Ai-Driven-Vibrations-motor\data\raw_mafulda\imbalance\20g\51.6096.csv,1,Imbalance,3021.014174598507
4k_mafulda_structured_v3\imbalance\20g\52.224.npz,C:\dev_work\personal\Ai-Driven-Vibrations-motor\data\raw_mafulda\imbalance\20g\52.224.csv,1,Imbalance,3059.7371517139745
4k_mafulda_structured_v3\imbalance\20g\53.6576.npz,C:\dev_work\personal\Ai-Driven-Vibrations-motor\data\raw_mafulda\imbalance\20g\53.6576.csv,1,Imbalance,3148.979296366005
4k_mafulda_structured_v3\imbalance\20g\54.8864.npz,C:\dev_work\personal\Ai-Driven-Vibrations-motor\data\raw_mafulda\imbalance\20g\54.8864.csv,1,Imbalance,3219.0781621113297
4k_mafulda_structured_v3\imbalance\20g\55.0912.npz,C:\dev_work\personal\Ai-Driven-Vibrations-motor\data\raw_mafulda\imbalance\20g\55.0912.csv,1,Imbalance,3229.2398835224417
4k_mafulda_structured_v3\imbalance\20g\56.7296.npz,C:\dev_work\personal\Ai-Driven-Vibrations-motor\data\raw_mafulda\imbalance\20g\56.7296.csv,1,Imbalance,3325.648461285114
4k_mafulda_structured_v3\imbalance\20g\57.5488.npz,C:\dev_work\personal\Ai-Driven-Vibrations-motor\data\raw_mafulda\imbalance\20g\57.5488.csv,1,Imbalance,3367.4082982561636
4k_mafulda_structured_v3\imbalance\20g\58.5728.npz,C:\dev_work\personal\Ai-Driven-Vibrations-motor\data\raw_mafulda\imbalance\20g\58.5728.csv,1,Imbalance,3428.681421358881
4k_mafulda_structured_v3\imbalance\20g\59.5968.npz,C:\dev_work\personal\Ai-Driven-Vibrations-motor\data\raw_mafulda\imbalance\20g\59.5968.csv,1,Imbalance,3494.677646113678
4k_mafulda_structured_v3\imbalance\20g\61.0304.npz,C:\dev_work\personal\Ai-Driven-Vibrations-motor\data\raw_mafulda\imbalance\20g\61.0304.csv,1,Imbalance,3577.130373197931
4k_mafulda_structured_v3\imbalance\20g\61.2352.npz,C:\dev_work\personal\Ai-Driven-Vibrations-motor\data\raw_mafulda\imbalance\20g\61.2352.csv,1,Imbalance,3592.6266762577206
4k_mafulda_structured_v3\imbalance\25g\12.288.npz,C:\dev_work\personal\Ai-Driven-Vibrations-motor\data\raw_mafulda\imbalance\25g\12.288.csv,1,Imbalance,715.7960557169067
4k_mafulda_structured_v3\imbalance\25g\13.7216.npz,C:\dev_work\personal\Ai-Driven-Vibrations-motor\data\raw_mafulda\imbalance\25g\13.7216.csv,1,Imbalance,809.032180160599
4k_mafulda_structured_v3\imbalance\25g\15.1552.npz,C:\dev_work\personal\Ai-Driven-Vibrations-motor\data\raw_mafulda\imbalance\25g\15.1552.csv,1,Imbalance,883.1285647116545
4k_mafulda_structured_v3\imbalance\25g\15.7696.npz,C:\dev_work\personal\Ai-Driven-Vibrations-motor\data\raw_mafulda\imbalance\25g\15.7696.csv,1,Imbalance,925.7304337940332
4k_mafulda_structured_v3\imbalance\25g\16.9984.npz,C:\dev_work\personal\Ai-Driven-Vibrations-motor\data\raw_mafulda\imbalance\25g\16.9984.csv,1,Imbalance,996.6090983118415
4k_mafulda_structured_v3\imbalance\25g\17.6128.npz,C:\dev_work\personal\Ai-Driven-Vibrations-motor\data\raw_mafulda\imbalance\25g\17.6128.csv,1,Imbalance,1026.4626085836426
4k_mafulda_structured_v3\imbalance\25g\18.432.npz,C:\dev_work\personal\Ai-Driven-Vibrations-motor\data\raw_mafulda\imbalance\25g\18.432.csv,1,Imbalance,1085.6890104145725
4k_mafulda_structured_v3\imbalance\25g\19.2512.npz,C:\dev_work\personal\Ai-Driven-Vibrations-motor\data\raw_mafulda\imbalance\25g\19.2512.csv,1,Imbalance,1125.3639084377828
4k_mafulda_structured_v3\imbalance\25g\20.6848.npz,C:\dev_work\personal\Ai-Driven-Vibrations-motor\data\raw_mafulda\imbalance\25g\20.6848.csv,1,Imbalance,1214.1177613287305
4k_mafulda_structured_v3\imbalance\25g\21.504.npz,C:\dev_work\personal\Ai-Driven-Vibrations-motor\data\raw_mafulda\imbalance\25g\21.504.csv,1,Imbalance,1258.9274906185692
4k_mafulda_structured_v3\imbalance\25g\22.1184.npz,C:\dev_work\personal\Ai-Driven-Vibrations-motor\data\raw_mafulda\imbalance\25g\22.1184.csv,1,Imbalance,1299.2111643117619
4k_mafulda_structured_v3\imbalance\25g\22.9376.npz,C:\dev_work\personal\Ai-Driven-Vibrations-motor\data\raw_mafulda\imbalance\25g\22.9376.csv,1,Imbalance,1346.3248969030485
4k_mafulda_structured_v3\imbalance\25g\23.9616.npz,C:\dev_work\personal\Ai-Driven-Vibrations-motor\data\raw_mafulda\imbalance\25g\23.9616.csv,1,Imbalance,1405.97539543058
4k_mafulda_structured_v3\imbalance\25g\25.3952.npz,C:\dev_work\personal\Ai-Driven-Vibrations-motor\data\raw_mafulda\imbalance\25g\25.3952.csv,1,Imbalance,1491.168162549453
4k_mafulda_structured_v3\imbalance\25g\26.0096.npz,C:\dev_work\personal\Ai-Driven-Vibrations-motor\data\raw_mafulda\imbalance\25g\26.0096.csv,1,Imbalance,1529.7518670199952
4k_mafulda_structured_v3\imbalance\25g\27.2384.npz,C:\dev_work\personal\Ai-Driven-Vibrations-motor\data\raw_mafulda\imbalance\25g\27.2384.csv,1,Imbalance,1597.8566125439816
4k_mafulda_structured_v3\imbalance\25g\28.672.npz,C:\dev_work\personal\Ai-Driven-Vibrations-motor\data\raw_mafulda\imbalance\25g\28.672.csv,1,Imbalance,1675.3783663252966
4k_mafulda_structured_v3\imbalance\25g\29.0816.npz,C:\dev_work\personal\Ai-Driven-Vibrations-motor\data\raw_mafulda\imbalance\25g\29.0816.csv,1,Imbalance,1704.4080909017648
4k_mafulda_structured_v3\imbalance\25g\30.1056.npz,C:\dev_work\personal\Ai-Driven-Vibrations-motor\data\raw_mafulda\imbalance\25g\30.1056.csv,1,Imbalance,1758.655820948623
4k_mafulda_structured_v3\imbalance\25g\31.3344.npz,C:\dev_work\personal\Ai-Driven-Vibrations-motor\data\raw_mafulda\imbalance\25g\31.3344.csv,1,Imbalance,1832.9816098884537
4k_mafulda_structured_v3\imbalance\25g\32.3584.npz,C:\dev_work\personal\Ai-Driven-Vibrations-motor\data\raw_mafulda\imbalance\25g\32.3584.csv,1,Imbalance,1901.8162142955202
4k_mafulda_structured_v3\imbalance\25g\33.3824.npz,C:\dev_work\personal\Ai-Driven-Vibrations-motor\data\raw_mafulda\imbalance\25g\33.3824.csv,1,Imbalance,1960.4679306171843
4k_mafulda_structured_v3\imbalance\25g\34.6112.npz,C:\dev_work\personal\Ai-Driven-Vibrations-motor\data\raw_mafulda\imbalance\25g\34.6112.csv,1,Imbalance,2026.5678596854573
4k_mafulda_structured_v3\imbalance\25g\35.4304.npz,C:\dev_work\personal\Ai-Driven-Vibrations-motor\data\raw_mafulda\imbalance\25g\35.4304.csv,1,Imbalance,2072.6803854542827
4k_mafulda_structured_v3\imbalance\25g\36.2496.npz,C:\dev_work\personal\Ai-Driven-Vibrations-motor\data\raw_mafulda\imbalance\25g\36.2496.csv,1,Imbalance,2120.081751637241
4k_mafulda_structured_v3\imbalance\25g\37.6832.npz,C:\dev_work\personal\Ai-Driven-Vibrations-motor\data\raw_mafulda\imbalance\25g\37.6832.csv,1,Imbalance,2209.2999859152096
4k_mafulda_structured_v3\imbalance\25g\38.7072.npz,C:\dev_work\personal\Ai-Driven-Vibrations-motor\data\raw_mafulda\imbalance\25g\38.7072.csv,1,Imbalance,2266.4710964656715
4k_mafulda_structured_v3\imbalance\25g\39.5264.npz,C:\dev_work\personal\Ai-Driven-Vibrations-motor\data\raw_mafulda\imbalance\25g\39.5264.csv,1,Imbalance,2321.47868970771
4k_mafulda_structured_v3\imbalance\25g\40.3456.npz,C:\dev_work\personal\Ai-Driven-Vibrations-motor\data\raw_mafulda\imbalance\25g\40.3456.csv,1,Imbalance,2362.9871388870934
4k_mafulda_structured_v3\imbalance\25g\41.1648.npz,C:\dev_work\personal\Ai-Driven-Vibrations-motor\data\raw_mafulda\imbalance\25g\41.1648.csv,1,Imbalance,2415.9257827599536
4k_mafulda_structured_v3\imbalance\25g\42.5984.npz,C:\dev_work\personal\Ai-Driven-Vibrations-motor\data\raw_mafulda\imbalance\25g\42.5984.csv,1,Imbalance,2492.930645701308
4k_mafulda_structured_v3\imbalance\25g\43.008.npz,C:\dev_work\personal\Ai-Driven-Vibrations-motor\data\raw_mafulda\imbalance\25g\43.008.csv,1,Imbalance,2522.4790296300766
4k_mafulda_structured_v3\imbalance\25g\43.8272.npz,C:\dev_work\personal\Ai-Driven-Vibrations-motor\data\raw_mafulda\imbalance\25g\43.8272.csv,1,Imbalance,2572.1875212846517
4k_mafulda_structured_v3\imbalance\25g\45.6704.npz,C:\dev_work\personal\Ai-Driven-Vibrations-motor\data\raw_mafulda\imbalance\25g\45.6704.csv,1,Imbalance,2670.8670045199287
4k_mafulda_structured_v3\imbalance\25g\45.8752.npz,C:\dev_work\personal\Ai-Driven-Vibrations-motor\data\raw_mafulda\imbalance\25g\45.8752.csv,1,Imbalance,2692.998204667864
4k_mafulda_structured_v3\imbalance\25g\47.104.npz,C:\dev_work\personal\Ai-Driven-Vibrations-motor\data\raw_mafulda\imbalance\25g\47.104.csv,1,Imbalance,2765.800693261833
4k_mafulda_structured_v3\imbalance\25g\48.3328.npz,C:\dev_work\personal\Ai-Driven-Vibrations-motor\data\raw_mafulda\imbalance\25g\48.3328.csv,1,Imbalance,2830.143233348321
4k_mafulda_structured_v3\imbalance\25g\48.9472.npz,C:\dev_work\personal\Ai-Driven-Vibrations-motor\data\raw_mafulda\imbalance\25g\48.9472.csv,1,Imbalance,2873.5400887014334
4k_mafulda_structured_v3\imbalance\25g\50.3808.npz,C:\dev_work\personal\Ai-Driven-Vibrations-motor\data\raw_mafulda\imbalance\25g\50.3808.csv,1,Imbalance,2954.0850776502366
4k_mafulda_structured_v3\imbalance\25g\51.4048.npz,C:\dev_work\personal\Ai-Driven-Vibrations-motor\data\raw_mafulda\imbalance\25g\51.4048.csv,1,Imbalance,3008.4597889264614
4k_mafulda_structured_v3\imbalance\25g\52.4288.npz,C:\dev_work\personal\Ai-Driven-Vibrations-motor\data\raw_mafulda\imbalance\25g\52.4288.csv,1,Imbalance,3074.066930272929
4k_mafulda_structured_v3\imbalance\25g\53.4528.npz,C:\dev_work\personal\Ai-Driven-Vibrations-motor\data\raw_mafulda\imbalance\25g\53.4528.csv,1,Imbalance,3129.7523081923273
4k_mafulda_structured_v3\imbalance\25g\54.4768.npz,C:\dev_work\personal\Ai-Driven-Vibrations-motor\data\raw_mafulda\imbalance\25g\54.4768.csv,1,Imbalance,3186.0329464770602
4k_mafulda_structured_v3\imbalance\25g\55.296.npz,C:\dev_work\personal\Ai-Driven-Vibrations-motor\data\raw_mafulda\imbalance\25g\55.296.csv,1,Imbalance,3242.656808775666
4k_mafulda_structured_v3\imbalance\25g\56.32.npz,C:\dev_work\personal\Ai-Driven-Vibrations-motor\data\raw_mafulda\imbalance\25g\56.32.csv,1,Imbalance,3296.570600547416
4k_mafulda_structured_v3\imbalance\25g\57.344.npz,C:\dev_work\personal\Ai-Driven-Vibrations-motor\data\raw_mafulda\imbalance\25g\57.344.csv,1,Imbalance,3354.4136388775337
4k_mafulda_structured_v3\imbalance\25g\59.1872.npz,C:\dev_work\personal\Ai-Driven-Vibrations-motor\data\raw_mafulda\imbalance\25g\59.1872.csv,1,Imbalance,3465.1094467495986
4k_mafulda_structured_v3\imbalance\30g\12.0832.npz,C:\dev_work\personal\Ai-Driven-Vibrations-motor\data\raw_mafulda\imbalance\30g\12.0832.csv,1,Imbalance,706.8773795104771
4k_mafulda_structured_v3\imbalance\30g\13.1072.npz,C:\dev_work\personal\Ai-Driven-Vibrations-motor\data\raw_mafulda\imbalance\30g\13.1072.csv,1,Imbalance,773.1452694963511
4k_mafulda_structured_v3\imbalance\30g\14.336.npz,C:\dev_work\personal\Ai-Driven-Vibrations-motor\data\raw_mafulda\imbalance\30g\14.336.csv,1,Imbalance,845.2809231937736
4k_mafulda_structured_v3\imbalance\30g\14.9504.npz,C:\dev_work\personal\Ai-Driven-Vibrations-motor\data\raw_mafulda\imbalance\30g\14.9504.csv,1,Imbalance,878.984935174861
4k_mafulda_structured_v3\imbalance\30g\16.5888.npz,C:\dev_work\personal\Ai-Driven-Vibrations-motor\data\raw_mafulda\imbalance\30g\16.5888.csv,1,Imbalance,973.9943508327651
4k_mafulda_structured_v3\imbalance\30g\17.2032.npz,C:\dev_work\personal\Ai-Driven-Vibrations-motor\data\raw_mafulda\imbalance\30g\17.2032.csv,1,Imbalance,1010.5519480519481
4k_mafulda_structured_v3\imbalance\30g\18.2272.npz,C:\dev_work\personal\Ai-Driven-Vibrations-motor\data\raw_mafulda\imbalance\30g\18.2272.csv,1,Imbalance,1067.4127774161334
4k_mafulda_structured_v3\imbalance\30g\19.456.npz,C:\dev_work\personal\Ai-Driven-Vibrations-motor\data\raw_mafulda\imbalance\30g\19.456.csv,1,Imbalance,1142.5885708729054
4k_mafulda_structured_v3\imbalance\30g\21.0944.npz,C:\dev_work\personal\Ai-Driven-Vibrations-motor\data\raw_mafulda\imbalance\30g\21.0944.csv,1,Imbalance,1240.0574680354118
4k_mafulda_structured_v3\imbalance\30g\21.504.npz,C:\dev_work\personal\Ai-Driven-Vibrations-motor\data\raw_mafulda\imbalance\30g\21.504.csv,1,Imbalance,1265.5532476506914
4k_mafulda_structured_v3\imbalance\30g\22.7328.npz,C:\dev_work\personal\Ai-Driven-Vibrations-motor\data\raw_mafulda\imbalance\30g\22.7328.csv,1,Imbalance,1328.6949799487847
4k_mafulda_structured_v3\imbalance\30g\23.3472.npz,C:\dev_work\personal\Ai-Driven-Vibrations-motor\data\raw_mafulda\imbalance\30g\23.3472.csv,1,Imbalance,1367.1763738901864
4k_mafulda_structured_v3\imbalance\30g\23.7568.npz,C:\dev_work\personal\Ai-Driven-Vibrations-motor\data\raw_mafulda\imbalance\30g\23.7568.csv,1,Imbalance,1394.0057751667828
4k_mafulda_structured_v3\imbalance\30g\25.8048.npz,C:\dev_work\personal\Ai-Driven-Vibrations-motor\data\raw_mafulda\imbalance\30g\25.8048.csv,1,Imbalance,1509.8934550989345
4k_mafulda_structured_v3\imbalance\30g\26.2144.npz,C:\dev_work\personal\Ai-Driven-Vibrations-motor\data\raw_mafulda\imbalance\30g\26.2144.csv,1,Imbalance,1539.0262009826413
4k_mafulda_structured_v3\imbalance\30g\26.8288.npz,C:\dev_work\personal\Ai-Driven-Vibrations-motor\data\raw_mafulda\imbalance\30g\26.8288.csv,1,Imbalance,1575.2065057309342
4k_mafulda_structured_v3\imbalance\30g\28.672.npz,C:\dev_work\personal\Ai-Driven-Vibrations-motor\data\raw_mafulda\imbalance\30g\28.672.csv,1,Imbalance,1681.9044333275833
4k_mafulda_structured_v3\imbalance\30g\29.0816.npz,C:\dev_work\personal\Ai-Driven-Vibrations-motor\data\raw_mafulda\imbalance\30g\29.0816.csv,1,Imbalance,1708.4428763498413
4k_mafulda_structured_v3\imbalance\30g\30.1056.npz,C:\dev_work\personal\Ai-Driven-Vibrations-motor\data\raw_mafulda\imbalance\30g\30.1056.csv,1,Imbalance,1765.464509154956
4k_mafulda_structured_v3\imbalance\30g\31.5392.npz,C:\dev_work\personal\Ai-Driven-Vibrations-motor\data\raw_mafulda\imbalance\30g\31.5392.csv,1,Imbalance,1844.6066313187255
4k_mafulda_structured_v3\imbalance\30g\32.768.npz,C:\dev_work\personal\Ai-Driven-Vibrations-motor\data\raw_mafulda\imbalance\30g\32.768.csv,1,Imbalance,1922.7949647068679
4k_mafulda_structured_v3\imbalance\30g\33.9968.npz,C:\dev_work\personal\Ai-Driven-Vibrations-motor\data\raw_mafulda\imbalance\30g\33.9968.csv,1,Imbalance,1994.3431674133412
4k_mafulda_structured_v3\imbalance\30g\34.816.npz,C:\dev_work\personal\Ai-Driven-Vibrations-motor\data\raw_mafulda\imbalance\30g\34.816.csv,1,Imbalance,2034.4599341338521
4k_mafulda_structured_v3\imbalance\30g\35.2256.npz,C:\dev_work\personal\Ai-Driven-Vibrations-motor\data\raw_mafulda\imbalance\30g\35.2256.csv,1,Imbalance,2067.7911125527085
4k_mafulda_structured_v3\imbalance\30g\36.864.npz,C:\dev_work\personal\Ai-Driven-Vibrations-motor\data\raw_mafulda\imbalance\30g\36.864.csv,1,Imbalance,2155.0397143033065
4k_mafulda_structured_v3\imbalance\30g\38.0928.npz,C:\dev_work\personal\Ai-Driven-Vibrations-motor\data\raw_mafulda\imbalance\30g\38.0928.csv,1,Imbalance,2234.3112492714204
4k_mafulda_structured_v3\imbalance\30g\38.7072.npz,C:\dev_work\personal\Ai-Driven-Vibrations-motor\data\raw_mafulda\imbalance\30g\38.7072.csv,1,Imbalance,2278.152757413085
4k_mafulda_structured_v3\imbalance\30g\39.7312.npz,C:\dev_work\personal\Ai-Driven-Vibrations-motor\data\raw_mafulda\imbalance\30g\39.7312.csv,1,Imbalance,2333.012325880319
4k_mafulda_structured_v3\imbalance\30g\40.7552.npz,C:\dev_work\personal\Ai-Driven-Vibrations-motor\data\raw_mafulda\imbalance\30g\40.7552.csv,1,Imbalance,2389.056423772526
4k_mafulda_structured_v3\imbalance\30g\41.3696.npz,C:\dev_work\personal\Ai-Driven-Vibrations-motor\data\raw_mafulda\imbalance\30g\41.3696.csv,1,Imbalance,2423.8996505544674
4k_mafulda_structured_v3\imbalance\30g\42.5984.npz,C:\dev_work\personal\Ai-Driven-Vibrations-motor\data\raw_mafulda\imbalance\30g\42.5984.csv,1,Imbalance,2502.3976273563235
4k_mafulda_structured_v3\imbalance\30g\43.6224.npz,C:\dev_work\personal\Ai-Driven-Vibrations-motor\data\raw_mafulda\imbalance\30g\43.6224.csv,1,Imbalance,2557.0511892700342
4k_mafulda_structured_v3\imbalance\30g\44.6464.npz,C:\dev_work\personal\Ai-Driven-Vibrations-motor\data\raw_mafulda\imbalance\30g\44.6464.csv,1,Imbalance,2615.707908598889
4k_mafulda_structured_v3\imbalance\30g\45.4656.npz,C:\dev_work\personal\Ai-Driven-Vibrations-motor\data\raw_mafulda\imbalance\30g\45.4656.csv,1,Imbalance,2666.034002991749
4k_mafulda_structured_v3\imbalance\30g\46.4896.npz,C:\dev_work\personal\Ai-Driven-Vibrations-motor\data\raw_mafulda\imbalance\30g\46.4896.csv,1,Imbalance,2726.7023792288014
4k_mafulda_structured_v3\imbalance\30g\47.7184.npz,C:\dev_work\personal\Ai-Driven-Vibrations-motor\data\raw_mafulda\imbalance\30g\47.7184.csv,1,Imbalance,2793.5651671322607
4k_mafulda_structured_v3\imbalance\30g\48.5376.npz,C:\dev_work\personal\Ai-Driven-Vibrations-motor\data\raw_mafulda\imbalance\30g\48.5376.csv,1,Imbalance,2847.0208821743518
4k_mafulda_structured_v3\imbalance\30g\49.9712.npz,C:\dev_work\personal\Ai-Driven-Vibrations-motor\data\raw_mafulda\imbalance\30g\49.9712.csv,1,Imbalance,2923.0621180772746
4k_mafulda_structured_v3\imbalance\30g\50.5856.npz,C:\dev_work\personal\Ai-Driven-Vibrations-motor\data\raw_mafulda\imbalance\30g\50.5856.csv,1,Imbalance,2964.391155028017
4k_mafulda_structured_v3\imbalance\30g\51.6096.npz,C:\dev_work\personal\Ai-Driven-Vibrations-motor\data\raw_mafulda\imbalance\30g\51.6096.csv,1,Imbalance,3024.290717475822
4k_mafulda_structured_v3\imbalance\30g\52.6336.npz,C:\dev_work\personal\Ai-Driven-Vibrations-motor\data\raw_mafulda\imbalance\30g\52.6336.csv,1,Imbalance,3078.1487651191424
4k_mafulda_structured_v3\imbalance\30g\53.8624.npz,C:\dev_work\personal\Ai-Driven-Vibrations-motor\data\raw_mafulda\imbalance\30g\53.8624.csv,1,Imbalance,3151.298407110869
4k_mafulda_structured_v3\imbalance\30g\54.0672.npz,C:\dev_work\personal\Ai-Driven-Vibrations-motor\data\raw_mafulda\imbalance\30g\54.0672.csv,1,Imbalance,3170.533726602747
4k_mafulda_structured_v3\imbalance\30g\55.5008.npz,C:\dev_work\personal\Ai-Driven-Vibrations-motor\data\raw_mafulda\imbalance\30g\55.5008.csv,1,Imbalance,3256.57222740728
4k_mafulda_structured_v3\imbalance\30g\57.5488.npz,C:\dev_work\personal\Ai-Driven-Vibrations-motor\data\raw_mafulda\imbalance\30g\57.5488.csv,1,Imbalance,3374.0244146487894
4k_mafulda_structured_v3\imbalance\30g\58.368.npz,C:\dev_work\personal\Ai-Driven-Vibrations-motor\data\raw_mafulda\imbalance\30g\58.368.csv,1,Imbalance,3421.3569776407094
4k_mafulda_structured_v3\imbalance\30g\59.392.npz,C:\dev_work\personal\Ai-Driven-Vibrations-motor\data\raw_mafulda\imbalance\30g\59.392.csv,1,Imbalance,3481.8577940202
4k_mafulda_structured_v3\imbalance\35g\12.0832.npz,C:\dev_work\personal\Ai-Driven-Vibrations-motor\data\raw_mafulda\imbalance\35g\12.0832.csv,1,Imbalance,712.1982366954003
4k_mafulda_structured_v3\imbalance\35g\13.7216.npz,C:\dev_work\personal\Ai-Driven-Vibrations-motor\data\raw_mafulda\imbalance\35g\13.7216.csv,1,Imbalance,800.5628199218845
4k_mafulda_structured_v3\imbalance\35g\14.5408.npz,C:\dev_work\personal\Ai-Driven-Vibrations-motor\data\raw_mafulda\imbalance\35g\14.5408.csv,1,Imbalance,852.009932001493
4k_mafulda_structured_v3\imbalance\35g\15.7696.npz,C:\dev_work\personal\Ai-Driven-Vibrations-motor\data\raw_mafulda\imbalance\35g\15.7696.csv,1,Imbalance,924.6492010706464
4k_mafulda_structured_v3\imbalance\35g\16.5888.npz,C:\dev_work\personal\Ai-Driven-Vibrations-motor\data\raw_mafulda\imbalance\35g\16.5888.csv,1,Imbalance,974.1129483963666
4k_mafulda_structured_v3\imbalance\35g\17.2032.npz,C:\dev_work\personal\Ai-Driven-Vibrations-motor\data\raw_mafulda\imbalance\35g\17.2032.csv,1,Imbalance,1009.3394299056328
4k_mafulda_structured_v3\imbalance\35g\18.432.npz,C:\dev_work\personal\Ai-Driven-Vibrations-motor\data\raw_mafulda\imbalance\35g\18.432.csv,1,Imbalance,1083.911825599805
4k_mafulda_structured_v3\imbalance\35g\19.8656.npz,C:\dev_work\personal\Ai-Driven-Vibrations-motor\data\raw_mafulda\imbalance\35g\19.8656.csv,1,Imbalance,1164.7639280900053
4k_mafulda_structured_v3\imbalance\35g\20.8896.npz,C:\dev_work\personal\Ai-Driven-Vibrations-motor\data\raw_mafulda\imbalance\35g\20.8896.csv,1,Imbalance,1223.6781726405954
4k_mafulda_structured_v3\imbalance\35g\21.504.npz,C:\dev_work\personal\Ai-Driven-Vibrations-motor\data\raw_mafulda\imbalance\35g\21.504.csv,1,Imbalance,1256.0741971909613
4k_mafulda_structured_v3\imbalance\35g\22.1184.npz,C:\dev_work\personal\Ai-Driven-Vibrations-motor\data\raw_mafulda\imbalance\35g\22.1184.csv,1,Imbalance,1297.075054962536
4k_mafulda_structured_v3\imbalance\35g\22.9376.npz,C:\dev_work\personal\Ai-Driven-Vibrations-motor\data\raw_mafulda\imbalance\35g\22.9376.csv,1,Imbalance,1345.6568616154466
4k_mafulda_structured_v3\imbalance\35g\24.1664.npz,C:\dev_work\personal\Ai-Driven-Vibrations-motor\data\raw_mafulda\imbalance\35g\24.1664.csv,1,Imbalance,1415.5007590366388
4k_mafulda_structured_v3\imbalance\35g\25.6.npz,C:\dev_work\personal\Ai-Driven-Vibrations-motor\data\raw_mafulda\imbalance\35g\25.6.csv,1,Imbalance,1504.9213354963206
4k_mafulda_structured_v3\imbalance\35g\26.0096.npz,C:\dev_work\personal\Ai-Driven-Vibrations-motor\data\raw_mafulda\imbalance\35g\26.0096.csv,1,Imbalance,1526.7859323979903
4k_mafulda_structured_v3\imbalance\35g\26.8288.npz,C:\dev_work\personal\Ai-Driven-Vibrations-motor\data\raw_mafulda\imbalance\35g\26.8288.csv,1,Imbalance,1575.6690438479152
4k_mafulda_structured_v3\imbalance\35g\28.4672.npz,C:\dev_work\personal\Ai-Driven-Vibrations-motor\data\raw_mafulda\imbalance\35g\28.4672.csv,1,Imbalance,1666.2544950356967
4k_mafulda_structured_v3\imbalance\35g\29.9008.npz,C:\dev_work\personal\Ai-Driven-Vibrations-motor\data\raw_mafulda\imbalance\35g\29.9008.csv,1,Imbalance,1747.6982307721532
4k_mafulda_structured_v3\imbalance\35g\30.5152.npz,C:\dev_work\personal\Ai-Driven-Vibrations-motor\data\raw_mafulda\imbalance\35g\30.5152.csv,1,Imbalance,1782.1612978040355
4k_mafulda_structured_v3\imbalance\35g\31.744.npz,C:\dev_work\personal\Ai-Driven-Vibrations-motor\data\raw_mafulda\imbalance\35g\31.744.csv,1,Imbalance,1862.938084704832
4k_mafulda_structured_v3\imbalance\35g\32.9728.npz,C:\dev_work\personal\Ai-Driven-Vibrations-motor\data\raw_mafulda\imbalance\35g\32.9728.csv,1,Imbalance,1932.6550251043834
4k_mafulda_structured_v3\imbalance\35g\33.5872.npz,C:\dev_work\personal\Ai-Driven-Vibrations-motor\data\raw_mafulda\imbalance\35g\33.5872.csv,1,Imbalance,1962.933079637279
4k_mafulda_structured_v3\imbalance\35g\34.4064.npz,C:\dev_work\personal\Ai-Driven-Vibrations-motor\data\raw_mafulda\imbalance\35g\34.4064.csv,1,Imbalance,2018.117661624812
4k_mafulda_structured_v3\imbalance\35g\35.6352.npz,C:\dev_work\personal\Ai-Driven-Vibrations-motor\data\raw_mafulda\imbalance\35g\35.6352.csv,1,Imbalance,2083.75155578753
4k_mafulda_structured_v3\imbalance\35g\36.6592.npz,C:\dev_work\personal\Ai-Driven-Vibrations-motor\data\raw_mafulda\imbalance\35g\36.6592.csv,1,Imbalance,2153.176235670552
4k_mafulda_structured_v3\imbalance\35g\37.4784.npz,C:\dev_work\personal\Ai-Driven-Vibrations-motor\data\raw_mafulda\imbalance\35g\37.4784.csv,1,Imbalance,2203.023238083009
4k_mafulda_structured_v3\imbalance\35g\38.5024.npz,C:\dev_work\personal\Ai-Driven-Vibrations-motor\data\raw_mafulda\imbalance\35g\38.5024.csv,1,Imbalance,2255.4749836296173
4k_mafulda_structured_v3\imbalance\35g\39.1168.npz,C:\dev_work\personal\Ai-Driven-Vibrations-motor\data\raw_mafulda\imbalance\35g\39.1168.csv,1,Imbalance,2295.3697961550542
4k_mafulda_structured_v3\imbalance\35g\40.3456.npz,C:\dev_work\personal\Ai-Driven-Vibrations-motor\data\raw_mafulda\imbalance\35g\40.3456.csv,1,Imbalance,2358.6902616331813
4k_mafulda_structured_v3\imbalance\35g\41.5744.npz,C:\dev_work\personal\Ai-Driven-Vibrations-motor\data\raw_mafulda\imbalance\35g\41.5744.csv,1,Imbalance,2437.4547502212213
4k_mafulda_structured_v3\imbalance\35g\42.5984.npz,C:\dev_work\personal\Ai-Driven-Vibrations-motor\data\raw_mafulda\imbalance\35g\42.5984.csv,1,Imbalance,2497.168674939872
4k_mafulda_structured_v3\imbalance\35g\43.6224.npz,C:\dev_work\personal\Ai-Driven-Vibrations-motor\data\raw_mafulda\imbalance\35g\43.6224.csv,1,Imbalance,2554.976177659224
4k_mafulda_structured_v3\imbalance\35g\44.8512.npz,C:\dev_work\personal\Ai-Driven-Vibrations-motor\data\raw_mafulda\imbalance\35g\44.8512.csv,1,Imbalance,2632.0217292022207
4k_mafulda_structured_v3\imbalance\35g\45.4656.npz,C:\dev_work\personal\Ai-Driven-Vibrations-motor\data\raw_mafulda\imbalance\35g\45.4656.csv,1,Imbalance,2668.3761368644573
4k_mafulda_structured_v3\imbalance\35g\46.6944.npz,C:\dev_work\personal\Ai-Driven-Vibrations-motor\data\raw_mafulda\imbalance\35g\46.6944.csv,1,Imbalance,2736.2364494017247
4k_mafulda_structured_v3\imbalance\35g\47.5136.npz,C:\dev_work\personal\Ai-Driven-Vibrations-motor\data\raw_mafulda\imbalance\35g\47.5136.csv,1,Imbalance,2787.7339705296695
4k_mafulda_structured_v3\imbalance\35g\48.7424.npz,C:\dev_work\personal\Ai-Driven-Vibrations-motor\data\raw_mafulda\imbalance\35g\48.7424.csv,1,Imbalance,2858.847412022374
4k_mafulda_structured_v3\imbalance\35g\49.9712.npz,C:\dev_work\personal\Ai-Driven-Vibrations-motor\data\raw_mafulda\imbalance\35g\49.9712.csv,1,Imbalance,2923.7068913656394
4k_mafulda_structured_v3\imbalance\35g\50.9952.npz,C:\dev_work\personal\Ai-Driven-Vibrations-motor\data\raw_mafulda\imbalance\35g\50.9952.csv,1,Imbalance,2986.5964441839646
4k_mafulda_structured_v3\imbalance\35g\51.8144.npz,C:\dev_work\personal\Ai-Driven-Vibrations-motor\data\raw_mafulda\imbalance\35g\51.8144.csv,1,Imbalance,3040.919677083291
4k_mafulda_structured_v3\imbalance\35g\52.4288.npz,C:\dev_work\personal\Ai-Driven-Vibrations-motor\data\raw_mafulda\imbalance\35g\52.4288.csv,1,Imbalance,3066.6575445007425
4k_mafulda_structured_v3\imbalance\35g\52.8384.npz,C:\dev_work\personal\Ai-Driven-Vibrations-motor\data\raw_mafulda\imbalance\35g\52.8384.csv,1,Imbalance,3103.958549721486
4k_mafulda_structured_v3\imbalance\35g\54.4768.npz,C:\dev_work\personal\Ai-Driven-Vibrations-motor\data\raw_mafulda\imbalance\35g\54.4768.csv,1,Imbalance,3195.783808028706
4k_mafulda_structured_v3\imbalance\35g\55.0912.npz,C:\dev_work\personal\Ai-Driven-Vibrations-motor\data\raw_mafulda\imbalance\35g\55.0912.csv,1,Imbalance,3226.531398484654
4k_mafulda_structured_v3\imbalance\35g\56.7296.npz,C:\dev_work\personal\Ai-Driven-Vibrations-motor\data\raw_mafulda\imbalance\35g\56.7296.csv,1,Imbalance,3320.433902111363
4k_mafulda_structured_v3\imbalance\6g\13.9264.npz,C:\dev_work\personal\Ai-Driven-Vibrations-motor\data\raw_mafulda\imbalance\6g\13.9264.csv,1,Imbalance,821.5768637511427
4k_mafulda_structured_v3\imbalance\6g\14.336.npz,C:\dev_work\personal\Ai-Driven-Vibrations-motor\data\raw_mafulda\imbalance\6g\14.336.csv,1,Imbalance,838.6746509573856
4k_mafulda_structured_v3\imbalance\6g\15.36.npz,C:\dev_work\personal\Ai-Driven-Vibrations-motor\data\raw_mafulda\imbalance\6g\15.36.csv,1,Imbalance,901.347148576115
4k_mafulda_structured_v3\imbalance\6g\16.1792.npz,C:\dev_work\personal\Ai-Driven-Vibrations-motor\data\raw_mafulda\imbalance\6g\16.1792.csv,1,Imbalance,950.7266841300851
4k_mafulda_structured_v3\imbalance\6g\17.408.npz,C:\dev_work\personal\Ai-Driven-Vibrations-motor\data\raw_mafulda\imbalance\6g\17.408.csv,1,Imbalance,1015.9037310273931
4k_mafulda_structured_v3\imbalance\6g\18.432.npz,C:\dev_work\personal\Ai-Driven-Vibrations-motor\data\raw_mafulda\imbalance\6g\18.432.csv,1,Imbalance,1082.3168877917087
4k_mafulda_structured_v3\imbalance\6g\19.6608.npz,C:\dev_work\personal\Ai-Driven-Vibrations-motor\data\raw_mafulda\imbalance\6g\19.6608.csv,1,Imbalance,1149.5504652654251
4k_mafulda_structured_v3\imbalance\6g\20.2752.npz,C:\dev_work\personal\Ai-Driven-Vibrations-motor\data\raw_mafulda\imbalance\6g\20.2752.csv,1,Imbalance,1192.6203572993234
4k_mafulda_structured_v3\imbalance\6g\21.7088.npz,C:\dev_work\personal\Ai-Driven-Vibrations-motor\data\raw_mafulda\imbalance\6g\21.7088.csv,1,Imbalance,1272.3417146319298
4k_mafulda_structured_v3\imbalance\6g\22.7328.npz,C:\dev_work\personal\Ai-Driven-Vibrations-motor\data\raw_mafulda\imbalance\6g\22.7328.csv,1,Imbalance,1326.0286860150607
4k_mafulda_structured_v3\imbalance\6g\23.552.npz,C:\dev_work\personal\Ai-Driven-Vibrations-motor\data\raw_mafulda\imbalance\6g\23.552.csv,1,Imbalance,1382.3167628946114
4k_mafulda_structured_v3\imbalance\6g\24.576.npz,C:\dev_work\personal\Ai-Driven-Vibrations-motor\data\raw_mafulda\imbalance\6g\24.576.csv,1,Imbalance,1436.6081560711787
4k_mafulda_structured_v3\imbalance\6g\25.3952.npz,C:\dev_work\personal\Ai-Driven-Vibrations-motor\data\raw_mafulda\imbalance\6g\25.3952.csv,1,Imbalance,1486.3030527617443
4k_mafulda_structured_v3\imbalance\6g\26.8288.npz,C:\dev_work\personal\Ai-Driven-Vibrations-motor\data\raw_mafulda\imbalance\6g\26.8288.csv,1,Imbalance,1573.9451540650161
4k_mafulda_structured_v3\imbalance\6g\27.648.npz,C:\dev_work\personal\Ai-Driven-Vibrations-motor\data\raw_mafulda\imbalance\6g\27.648.csv,1,Imbalance,1625.8073839755607
4k_mafulda_structured_v3\imbalance\6g\28.8768.npz,C:\dev_work\personal\Ai-Driven-Vibrations-motor\data\raw_mafulda\imbalance\6g\28.8768.csv,1,Imbalance,1689.9980283356335
4k_mafulda_structured_v3\imbalance\6g\29.4912.npz,C:\dev_work\personal\Ai-Driven-Vibrations-motor\data\raw_mafulda\imbalance\6g\29.4912.csv,1,Imbalance,1727.8878685355244
4k_mafulda_structured_v3\imbalance\6g\30.5152.npz,C:\dev_work\personal\Ai-Driven-Vibrations-motor\data\raw_mafulda\imbalance\6g\30.5152.csv,1,Imbalance,1788.0154639175257
4k_mafulda_structured_v3\imbalance\6g\31.5392.npz,C:\dev_work\personal\Ai-Driven-Vibrations-motor\data\raw_mafulda\imbalance\6g\31.5392.csv,1,Imbalance,1851.4858274608828
4k_mafulda_structured_v3\imbalance\6g\32.9728.npz,C:\dev_work\personal\Ai-Driven-Vibrations-motor\data\raw_mafulda\imbalance\6g\32.9728.csv,1,Imbalance,1927.8335515786412
4k_mafulda_structured_v3\imbalance\6g\33.9968.npz,C:\dev_work\personal\Ai-Driven-Vibrations-motor\data\raw_mafulda\imbalance\6g\33.9968.csv,1,Imbalance,1990.1977733908545
4k_mafulda_structured_v3\imbalance\6g\34.816.npz,C:\dev_work\personal\Ai-Driven-Vibrations-motor\data\raw_mafulda\imbalance\6g\34.816.csv,1,Imbalance,2038.453187947796
4k_mafulda_structured_v3\imbalance\6g\35.6352.npz,C:\dev_work\personal\Ai-Driven-Vibrations-motor\data\raw_mafulda\imbalance\6g\35.6352.csv,1,Imbalance,2089.7589730787504
4k_mafulda_structured_v3\imbalance\6g\36.4544.npz,C:\dev_work\personal\Ai-Driven-Vibrations-motor\data\raw_mafulda\imbalance\6g\36.4544.csv,1,Imbalance,2133.859254200025
4k_mafulda_structured_v3\imbalance\6g\37.6832.npz,C:\dev_work\personal\Ai-Driven-Vibrations-motor\data\raw_mafulda\imbalance\6g\37.6832.csv,1,Imbalance,2213.1965855829485
4k_mafulda_structured_v3\imbalance\6g\38.5024.npz,C:\dev_work\personal\Ai-Driven-Vibrations-motor\data\raw_mafulda\imbalance\6g\38.5024.csv,1,Imbalance,2261.4037633628404
4k_mafulda_structured_v3\imbalance\6g\39.3216.npz,C:\dev_work\personal\Ai-Driven-Vibrations-motor\data\raw_mafulda\imbalance\6g\39.3216.csv,1,Imbalance,2304.221591320363
4k_mafulda_structured_v3\imbalance\6g\40.7552.npz,C:\dev_work\personal\Ai-Driven-Vibrations-motor\data\raw_mafulda\imbalance\6g\40.7552.csv,1,Imbalance,2383.8189260775343
4k_mafulda_structured_v3\imbalance\6g\41.3696.npz,C:\dev_work\personal\Ai-Driven-Vibrations-motor\data\raw_mafulda\imbalance\6g\41.3696.csv,1,Imbalance,2421.356120047865
4k_mafulda_structured_v3\imbalance\6g\42.5984.npz,C:\dev_work\personal\Ai-Driven-Vibrations-motor\data\raw_mafulda\imbalance\6g\42.5984.csv,1,Imbalance,2493.044766412545
4k_mafulda_structured_v3\imbalance\6g\43.4176.npz,C:\dev_work\personal\Ai-Driven-Vibrations-motor\data\raw_mafulda\imbalance\6g\43.4176.csv,1,Imbalance,2547.98093643331
4k_mafulda_structured_v3\imbalance\6g\44.4416.npz,C:\dev_work\personal\Ai-Driven-Vibrations-motor\data\raw_mafulda\imbalance\6g\44.4416.csv,1,Imbalance,2605.8003184867057
4k_mafulda_structured_v3\imbalance\6g\45.4656.npz,C:\dev_work\personal\Ai-Driven-Vibrations-motor\data\raw_mafulda\imbalance\6g\45.4656.csv,1,Imbalance,2659.8732247452463
4k_mafulda_structured_v3\imbalance\6g\46.6944.npz,C:\dev_work\personal\Ai-Driven-Vibrations-motor\data\raw_mafulda\imbalance\6g\46.6944.csv,1,Imbalance,2735.5439956616924
4k_mafulda_structured_v3\imbalance\6g\47.3088.npz,C:\dev_work\personal\Ai-Driven-Vibrations-motor\data\raw_mafulda\imbalance\6g\47.3088.csv,1,Imbalance,2767.884482119547
4k_mafulda_structured_v3\imbalance\6g\48.128.npz,C:\dev_work\personal\Ai-Driven-Vibrations-motor\data\raw_mafulda\imbalance\6g\48.128.csv,1,Imbalance,2824.6768923725676
4k_mafulda_structured_v3\imbalance\6g\49.152.npz,C:\dev_work\personal\Ai-Driven-Vibrations-motor\data\raw_mafulda\imbalance\6g\49.152.csv,1,Imbalance,2877.4149015578973
4k_mafulda_structured_v3\imbalance\6g\50.5856.npz,C:\dev_work\personal\Ai-Driven-Vibrations-motor\data\raw_mafulda\imbalance\6g\50.5856.csv,1,Imbalance,2969.749434905978
4k_mafulda_structured_v3\imbalance\6g\51.8144.npz,C:\dev_work\personal\Ai-Driven-Vibrations-motor\data\raw_mafulda\imbalance\6g\51.8144.csv,1,Imbalance,3039.2081978219003
4k_mafulda_structured_v3\imbalance\6g\52.224.npz,C:\dev_work\personal\Ai-Driven-Vibrations-motor\data\raw_mafulda\imbalance\6g\52.224.csv,1,Imbalance,3054.3285687945427
4k_mafulda_structured_v3\imbalance\6g\53.6576.npz,C:\dev_work\personal\Ai-Driven-Vibrations-motor\data\raw_mafulda\imbalance\6g\53.6576.csv,1,Imbalance,3148.131023363716
4k_mafulda_structured_v3\imbalance\6g\54.4768.npz,C:\dev_work\personal\Ai-Driven-Vibrations-motor\data\raw_mafulda\imbalance\6g\54.4768.csv,1,Imbalance,3186.6354440769624
4k_mafulda_structured_v3\imbalance\6g\55.296.npz,C:\dev_work\personal\Ai-Driven-Vibrations-motor\data\raw_mafulda\imbalance\6g\55.296.csv,1,Imbalance,3238.986642692011
4k_mafulda_structured_v3\imbalance\6g\56.1152.npz,C:\dev_work\personal\Ai-Driven-Vibrations-motor\data\raw_mafulda\imbalance\6g\56.1152.csv,1,Imbalance,3288.8264230498944
4k_mafulda_structured_v3\imbalance\6g\58.1632.npz,C:\dev_work\personal\Ai-Driven-Vibrations-motor\data\raw_mafulda\imbalance\6g\58.1632.csv,1,Imbalance,3405.603802723681
4k_mafulda_structured_v3\imbalance\6g\58.7776.npz,C:\dev_work\personal\Ai-Driven-Vibrations-motor\data\raw_mafulda\imbalance\6g\58.7776.csv,1,Imbalance,3445.7554557794715
4k_mafulda_structured_v3\imbalance\6g\59.392.npz,C:\dev_work\personal\Ai-Driven-Vibrations-motor\data\raw_mafulda\imbalance\6g\59.392.csv,1,Imbalance,3482.869884785063
4k_mafulda_structured_v3\imbalance\6g\60.2112.npz,C:\dev_work\personal\Ai-Driven-Vibrations-motor\data\raw_mafulda\imbalance\6g\60.2112.csv,1,Imbalance,3530.049597397643
4k_mafulda_structured_v3\imbalance\6g\62.0544.npz,C:\dev_work\personal\Ai-Driven-Vibrations-motor\data\raw_mafulda\imbalance\6g\62.0544.csv,1,Imbalance,3631.0119787205813
4k_mafulda_structured_v3\normal\12.288.npz,C:\dev_work\personal\Ai-Driven-Vibrations-motor\data\raw_mafulda\normal\12.288.csv,0,Normal,725.169103699182
4k_mafulda_structured_v3\normal\13.1072.npz,C:\dev_work\personal\Ai-Driven-Vibrations-motor\data\raw_mafulda\normal\13.1072.csv,0,Normal,772.6700175862916
4k_mafulda_structured_v3\normal\14.336.npz,C:\dev_work\personal\Ai-Driven-Vibrations-motor\data\raw_mafulda\normal\14.336.csv,0,Normal,846.200071129861
4k_mafulda_structured_v3\normal\15.1552.npz,C:\dev_work\personal\Ai-Driven-Vibrations-motor\data\raw_mafulda\normal\15.1552.csv,0,Normal,892.4823643039657
4k_mafulda_structured_v3\normal\16.1792.npz,C:\dev_work\personal\Ai-Driven-Vibrations-motor\data\raw_mafulda\normal\16.1792.csv,0,Normal,952.2375547841799
4k_mafulda_structured_v3\normal\17.2032.npz,C:\dev_work\personal\Ai-Driven-Vibrations-motor\data\raw_mafulda\normal\17.2032.csv,0,Normal,1012.6891166422644
4k_mafulda_structured_v3\normal\18.432.npz,C:\dev_work\personal\Ai-Driven-Vibrations-motor\data\raw_mafulda\normal\18.432.csv,0,Normal,1084.6383523246604
4k_mafulda_structured_v3\normal\19.6608.npz,C:\dev_work\personal\Ai-Driven-Vibrations-motor\data\raw_mafulda\normal\19.6608.csv,0,Normal,1151.12377437974
4k_mafulda_structured_v3\normal\20.2752.npz,C:\dev_work\personal\Ai-Driven-Vibrations-motor\data\raw_mafulda\normal\20.2752.csv,0,Normal,1189.075069463824
4k_mafulda_structured_v3\normal\21.7088.npz,C:\dev_work\personal\Ai-Driven-Vibrations-motor\data\raw_mafulda\normal\21.7088.csv,0,Normal,1269.2502961584025
4k_mafulda_structured_v3\normal\22.3232.npz,C:\dev_work\personal\Ai-Driven-Vibrations-motor\data\raw_mafulda\normal\22.3232.csv,0,Normal,1305.8987122387698
4k_mafulda_structured_v3\normal\23.552.npz,C:\dev_work\personal\Ai-Driven-Vibrations-motor\data\raw_mafulda\normal\23.552.csv,0,Normal,1378.816658057536
4k_mafulda_structured_v3\normal\24.576.npz,C:\dev_work\personal\Ai-Driven-Vibrations-motor\data\raw_mafulda\normal\24.576.csv,0,Normal,1446.3044288515453
4k_mafulda_structured_v3\normal\25.6.npz,C:\dev_work\personal\Ai-Driven-Vibrations-motor\data\raw_mafulda\normal\25.6.csv,0,Normal,1500.8533077273773
4k_mafulda_structured_v3\normal\26.624.npz,C:\dev_work\personal\Ai-Driven-Vibrations-motor\data\raw_mafulda\normal\26.624.csv,0,Normal,1555.8789711096995
4k_mafulda_structured_v3\normal\27.4432.npz,C:\dev_work\personal\Ai-Driven-Vibrations-motor\data\raw_mafulda\normal\27.4432.csv,0,Normal,1613.614212746339
4k_mafulda_structured_v3\normal\28.8768.npz,C:\dev_work\personal\Ai-Driven-Vibrations-motor\data\raw_mafulda\normal\28.8768.csv,0,Normal,1693.9992094670358
4k_mafulda_structured_v3\normal\29.4912.npz,C:\dev_work\personal\Ai-Driven-Vibrations-motor\data\raw_mafulda\normal\29.4912.csv,0,Normal,1731.5982369181588
4k_mafulda_structured_v3\normal\30.72.npz,C:\dev_work\personal\Ai-Driven-Vibrations-motor\data\raw_mafulda\normal\30.72.csv,0,Normal,1796.609352014855
4k_mafulda_structured_v3\normal\31.744.npz,C:\dev_work\personal\Ai-Driven-Vibrations-motor\data\raw_mafulda\normal\31.744.csv,0,Normal,1859.9707718878703
4k_mafulda_structured_v3\normal\32.9728.npz,C:\dev_work\personal\Ai-Driven-Vibrations-motor\data\raw_mafulda\normal\32.9728.csv,0,Normal,1926.2687326605528
4k_mafulda_structured_v3\normal\33.5872.npz,C:\dev_work\personal\Ai-Driven-Vibrations-motor\data\raw_mafulda\normal\33.5872.csv,0,Normal,1962.8306506643119
4k_mafulda_structured_v3\normal\34.2016.npz,C:\dev_work\personal\Ai-Driven-Vibrations-motor\data\raw_mafulda\normal\34.2016.csv,0,Normal,2009.3041271429552
4k_mafulda_structured_v3\normal\35.4304.npz,C:\dev_work\personal\Ai-Driven-Vibrations-motor\data\raw_mafulda\normal\35.4304.csv,0,Normal,2077.135806842472
4k_mafulda_structured_v3\normal\36.4544.npz,C:\dev_work\personal\Ai-Driven-Vibrations-motor\data\raw_mafulda\normal\36.4544.csv,0,Normal,2133.018401802822
4k_mafulda_structured_v3\normal\37.6832.npz,C:\dev_work\personal\Ai-Driven-Vibrations-motor\data\raw_mafulda\normal\37.6832.csv,0,Normal,2202.9790375910884
4k_mafulda_structured_v3\normal\38.2976.npz,C:\dev_work\personal\Ai-Driven-Vibrations-motor\data\raw_mafulda\normal\38.2976.csv,0,Normal,2246.847166073413
4k_mafulda_structured_v3\normal\39.3216.npz,C:\dev_work\personal\Ai-Driven-Vibrations-motor\data\raw_mafulda\normal\39.3216.csv,0,Normal,2300.492789771283
4k_mafulda_structured_v3\normal\40.3456.npz,C:\dev_work\personal\Ai-Driven-Vibrations-motor\data\raw_mafulda\normal\40.3456.csv,0,Normal,2368.7041013225266
4k_mafulda_structured_v3\normal\41.7792.npz,C:\dev_work\personal\Ai-Driven-Vibrations-motor\data\raw_mafulda\normal\41.7792.csv,0,Normal,2443.4770397416096
4k_mafulda_structured_v3\normal\42.3936.npz,C:\dev_work\personal\Ai-Driven-Vibrations-motor\data\raw_mafulda\normal\42.3936.csv,0,Normal,2489.1874666805625
4k_mafulda_structured_v3\normal\43.6224.npz,C:\dev_work\personal\Ai-Driven-Vibrations-motor\data\raw_mafulda\normal\43.6224.csv,0,Normal,2559.2531487666492
4k_mafulda_structured_v3\normal\44.6464.npz,C:\dev_work\personal\Ai-Driven-Vibrations-motor\data\raw_mafulda\normal\44.6464.csv,0,Normal,2619.20590803143
4k_mafulda_structured_v3\normal\45.4656.npz,C:\dev_work\personal\Ai-Driven-Vibrations-motor\data\raw_mafulda\normal\45.4656.csv,0,Normal,2661.036881248721
4k_mafulda_structured_v3\normal\46.2848.npz,C:\dev_work\personal\Ai-Driven-Vibrations-motor\data\raw_mafulda\normal\46.2848.csv,0,Normal,2716.822565324489
4k_mafulda_structured_v3\normal\47.7184.npz,C:\dev_work\personal\Ai-Driven-Vibrations-motor\data\raw_mafulda\normal\47.7184.csv,0,Normal,2792.119483457896
4k_mafulda_structured_v3\normal\48.9472.npz,C:\dev_work\personal\Ai-Driven-Vibrations-motor\data\raw_mafulda\normal\48.9472.csv,0,Normal,2870.074847049933
4k_mafulda_structured_v3\normal\49.5616.npz,C:\dev_work\personal\Ai-Driven-Vibrations-motor\data\raw_mafulda\normal\49.5616.csv,0,Normal,2898.9110038331382
4k_mafulda_structured_v3\normal\51.8144.npz,C:\dev_work\personal\Ai-Driven-Vibrations-motor\data\raw_mafulda\normal\51.8144.csv,0,Normal,3032.223389833228
4k_mafulda_structured_v3\normal\52.4288.npz,C:\dev_work\personal\Ai-Driven-Vibrations-motor\data\raw_mafulda\normal\52.4288.csv,0,Normal,3077.207745714033
4k_mafulda_structured_v3\normal\53.8624.npz,C:\dev_work\personal\Ai-Driven-Vibrations-motor\data\raw_mafulda\normal\53.8624.csv,0,Normal,3156.892749990963
4k_mafulda_structured_v3\normal\54.6816.npz,C:\dev_work\personal\Ai-Driven-Vibrations-motor\data\raw_mafulda\normal\54.6816.csv,0,Normal,3209.160329810335
4k_mafulda_structured_v3\normal\55.7056.npz,C:\dev_work\personal\Ai-Driven-Vibrations-motor\data\raw_mafulda\normal\55.7056.csv,0,Normal,3262.445625906235
4k_mafulda_structured_v3\normal\56.7296.npz,C:\dev_work\personal\Ai-Driven-Vibrations-motor\data\raw_mafulda\normal\56.7296.csv,0,Normal,3324.6870056134208
4k_mafulda_structured_v3\normal\57.9584.npz,C:\dev_work\personal\Ai-Driven-Vibrations-motor\data\raw_mafulda\normal\57.9584.csv,0,Normal,3395.0270478514217
4k_mafulda_structured_v3\normal\58.7776.npz,C:\dev_work\personal\Ai-Driven-Vibrations-motor\data\raw_mafulda\normal\58.7776.csv,0,Normal,3449.9674303774054
4k_mafulda_structured_v3\normal\59.5968.npz,C:\dev_work\personal\Ai-Driven-Vibrations-motor\data\raw_mafulda\normal\59.5968.csv,0,Normal,3487.6728803367405
4k_mafulda_structured_v3\normal\60.416.npz,C:\dev_work\personal\Ai-Driven-Vibrations-motor\data\raw_mafulda\normal\60.416.csv,0,Normal,3542.2113519439995
4k_mafulda_structured_v3\normal\61.44.npz,C:\dev_work\personal\Ai-Driven-Vibrations-motor\data\raw_mafulda\normal\61.44.csv,0,Normal,3602.3517694494867
4k_mafulda_structured_v3\overhang\ball_fault\0g\12.9024.npz,C:\dev_work\personal\Ai-Driven-Vibrations-motor\data\raw_mafulda\overhang\ball_fault\0g\12.9024.csv,3,Bearing,759.8628978556343
4k_mafulda_structured_v3\overhang\ball_fault\0g\14.1312.npz,C:\dev_work\personal\Ai-Driven-Vibrations-motor\data\raw_mafulda\overhang\ball_fault\0g\14.1312.csv,3,Bearing,825.7337494383795
4k_mafulda_structured_v3\overhang\ball_fault\0g\15.7696.npz,C:\dev_work\personal\Ai-Driven-Vibrations-motor\data\raw_mafulda\overhang\ball_fault\0g\15.7696.csv,3,Bearing,925.1857472700934
4k_mafulda_structured_v3\overhang\ball_fault\0g\16.5888.npz,C:\dev_work\personal\Ai-Driven-Vibrations-motor\data\raw_mafulda\overhang\ball_fault\0g\16.5888.csv,3,Bearing,978.0867807496219
4k_mafulda_structured_v3\overhang\ball_fault\0g\17.6128.npz,C:\dev_work\personal\Ai-Driven-Vibrations-motor\data\raw_mafulda\overhang\ball_fault\0g\17.6128.csv,3,Bearing,1030.248916218542
4k_mafulda_structured_v3\overhang\ball_fault\0g\18.6368.npz,C:\dev_work\personal\Ai-Driven-Vibrations-motor\data\raw_mafulda\overhang\ball_fault\0g\18.6368.csv,3,Bearing,1091.1052446609401
4k_mafulda_structured_v3\overhang\ball_fault\0g\19.6608.npz,C:\dev_work\personal\Ai-Driven-Vibrations-motor\data\raw_mafulda\overhang\ball_fault\0g\19.6608.csv,3,Bearing,1156.1021913207148
4k_mafulda_structured_v3\overhang\ball_fault\0g\20.6848.npz,C:\dev_work\personal\Ai-Driven-Vibrations-motor\data\raw_mafulda\overhang\ball_fault\0g\20.6848.csv,3,Bearing,1210.9029703449864
4k_mafulda_structured_v3\overhang\ball_fault\0g\21.504.npz,C:\dev_work\personal\Ai-Driven-Vibrations-motor\data\raw_mafulda\overhang\ball_fault\0g\21.504.csv,3,Bearing,1259.2526819660486
4k_mafulda_structured_v3\overhang\ball_fault\0g\22.3232.npz,C:\dev_work\personal\Ai-Driven-Vibrations-motor\data\raw_mafulda\overhang\ball_fault\0g\22.3232.csv,3,Bearing,1312.6731162940068
4k_mafulda_structured_v3\overhang\ball_fault\0g\23.552.npz,C:\dev_work\personal\Ai-Driven-Vibrations-motor\data\raw_mafulda\overhang\ball_fault\0g\23.552.csv,3,Bearing,1376.9723518446197
4k_mafulda_structured_v3\overhang\ball_fault\0g\24.3712.npz,C:\dev_work\personal\Ai-Driven-Vibrations-motor\data\raw_mafulda\overhang\ball_fault\0g\24.3712.csv,3,Bearing,1427.292740160147
4k_mafulda_structured_v3\overhang\ball_fault\0g\25.8048.npz,C:\dev_work\personal\Ai-Driven-Vibrations-motor\data\raw_mafulda\overhang\ball_fault\0g\25.8048.csv,3,Bearing,1512.0784829215777
4k_mafulda_structured_v3\overhang\ball_fault\0g\26.4192.npz,C:\dev_work\personal\Ai-Driven-Vibrations-motor\data\raw_mafulda\overhang\ball_fault\0g\26.4192.csv,3,Bearing,1546.4789413062913
4k_mafulda_structured_v3\overhang\ball_fault\0g\27.4432.npz,C:\dev_work\personal\Ai-Driven-Vibrations-motor\data\raw_mafulda\overhang\ball_fault\0g\27.4432.csv,3,Bearing,1604.759164552653
4k_mafulda_structured_v3\overhang\ball_fault\0g\28.8768.npz,C:\dev_work\personal\Ai-Driven-Vibrations-motor\data\raw_mafulda\overhang\ball_fault\0g\28.8768.csv,3,Bearing,1687.329760479523
4k_mafulda_structured_v3\overhang\ball_fault\0g\29.2864.npz,C:\dev_work\personal\Ai-Driven-Vibrations-motor\data\raw_mafulda\overhang\ball_fault\0g\29.2864.csv,3,Bearing,1718.4417847591155
4k_mafulda_structured_v3\overhang\ball_fault\0g\30.1056.npz,C:\dev_work\personal\Ai-Driven-Vibrations-motor\data\raw_mafulda\overhang\ball_fault\0g\30.1056.csv,3,Bearing,1758.6487109307093
4k_mafulda_structured_v3\overhang\ball_fault\0g\31.5392.npz,C:\dev_work\personal\Ai-Driven-Vibrations-motor\data\raw_mafulda\overhang\ball_fault\0g\31.5392.csv,3,Bearing,1846.8462959112535
4k_mafulda_structured_v3\overhang\ball_fault\0g\32.768.npz,C:\dev_work\personal\Ai-Driven-Vibrations-motor\data\raw_mafulda\overhang\ball_fault\0g\32.768.csv,3,Bearing,1925.6923465764803
4k_mafulda_structured_v3\overhang\ball_fault\0g\33.5872.npz,C:\dev_work\personal\Ai-Driven-Vibrations-motor\data\raw_mafulda\overhang\ball_fault\0g\33.5872.csv,3,Bearing,1963.3666486220072
4k_mafulda_structured_v3\overhang\ball_fault\0g\34.4064.npz,C:\dev_work\personal\Ai-Driven-Vibrations-motor\data\raw_mafulda\overhang\ball_fault\0g\34.4064.csv,3,Bearing,2020.633857918384
4k_mafulda_structured_v3\overhang\ball_fault\0g\35.6352.npz,C:\dev_work\personal\Ai-Driven-Vibrations-motor\data\raw_mafulda\overhang\ball_fault\0g\35.6352.csv,3,Bearing,2091.215685326435
4k_mafulda_structured_v3\overhang\ball_fault\0g\36.4544.npz,C:\dev_work\personal\Ai-Driven-Vibrations-motor\data\raw_mafulda\overhang\ball_fault\0g\36.4544.csv,3,Bearing,2135.4288150179764
4k_mafulda_structured_v3\overhang\ball_fault\0g\37.4784.npz,C:\dev_work\personal\Ai-Driven-Vibrations-motor\data\raw_mafulda\overhang\ball_fault\0g\37.4784.csv,3,Bearing,2194.242725040489
4k_mafulda_structured_v3\overhang\ball_fault\0g\38.2976.npz,C:\dev_work\personal\Ai-Driven-Vibrations-motor\data\raw_mafulda\overhang\ball_fault\0g\38.2976.csv,3,Bearing,2248.648997175084
4k_mafulda_structured_v3\overhang\ball_fault\0g\39.5264.npz,C:\dev_work\personal\Ai-Driven-Vibrations-motor\data\raw_mafulda\overhang\ball_fault\0g\39.5264.csv,3,Bearing,2317.310632271769
4k_mafulda_structured_v3\overhang\ball_fault\0g\40.3456.npz,C:\dev_work\personal\Ai-Driven-Vibrations-motor\data\raw_mafulda\overhang\ball_fault\0g\40.3456.csv,3,Bearing,2367.2004550151805
4k_mafulda_structured_v3\overhang\ball_fault\0g\41.3696.npz,C:\dev_work\personal\Ai-Driven-Vibrations-motor\data\raw_mafulda\overhang\ball_fault\0g\41.3696.csv,3,Bearing,2428.614367297866
4k_mafulda_structured_v3\overhang\ball_fault\0g\42.3936.npz,C:\dev_work\personal\Ai-Driven-Vibrations-motor\data\raw_mafulda\overhang\ball_fault\0g\42.3936.csv,3,Bearing,2487.902673891515
4k_mafulda_structured_v3\overhang\ball_fault\0g\43.4176.npz,C:\dev_work\personal\Ai-Driven-Vibrations-motor\data\raw_mafulda\overhang\ball_fault\0g\43.4176.csv,3,Bearing,2540.127087768718
4k_mafulda_structured_v3\overhang\ball_fault\0g\44.032.npz,C:\dev_work\personal\Ai-Driven-Vibrations-motor\data\raw_mafulda\overhang\ball_fault\0g\44.032.csv,3,Bearing,2586.112028172114
4k_mafulda_structured_v3\overhang\ball_fault\0g\45.2608.npz,C:\dev_work\personal\Ai-Driven-Vibrations-motor\data\raw_mafulda\overhang\ball_fault\0g\45.2608.csv,3,Bearing,3739.2339472025765
4k_mafulda_structured_v3\overhang\ball_fault\0g\46.4896.npz,C:\dev_work\personal\Ai-Driven-Vibrations-motor\data\raw_mafulda\overhang\ball_fault\0g\46.4896.csv,3,Bearing,2738.265442120823
4k_mafulda_structured_v3\overhang\ball_fault\0g\47.5136.npz,C:\dev_work\personal\Ai-Driven-Vibrations-motor\data\raw_mafulda\overhang\ball_fault\0g\47.5136.csv,3,Bearing,2804.3623414199865
4k_mafulda_structured_v3\overhang\ball_fault\0g\48.5376.npz,C:\dev_work\personal\Ai-Driven-Vibrations-motor\data\raw_mafulda\overhang\ball_fault\0g\48.5376.csv,3,Bearing,2898.714729039812
4k_mafulda_structured_v3\overhang\ball_fault\0g\49.5616.npz,C:\dev_work\personal\Ai-Driven-Vibrations-motor\data\raw_mafulda\overhang\ball_fault\0g\49.5616.csv,3,Bearing,2933.0689950164983
4k_mafulda_structured_v3\overhang\ball_fault\0g\50.9952.npz,C:\dev_work\personal\Ai-Driven-Vibrations-motor\data\raw_mafulda\overhang\ball_fault\0g\50.9952.csv,3,Bearing,2985.7415607100784
4k_mafulda_structured_v3\overhang\ball_fault\0g\51.8144.npz,C:\dev_work\personal\Ai-Driven-Vibrations-motor\data\raw_mafulda\overhang\ball_fault\0g\51.8144.csv,3,Bearing,3033.3792570033597
4k_mafulda_structured_v3\overhang\ball_fault\0g\52.4288.npz,C:\dev_work\personal\Ai-Driven-Vibrations-motor\data\raw_mafulda\overhang\ball_fault\0g\52.4288.csv,3,Bearing,3069.6100547856913
4k_mafulda_structured_v3\overhang\ball_fault\0g\53.0432.npz,C:\dev_work\personal\Ai-Driven-Vibrations-motor\data\raw_mafulda\overhang\ball_fault\0g\53.0432.csv,3,Bearing,3114.3873428723177
4k_mafulda_structured_v3\overhang\ball_fault\0g\54.6816.npz,C:\dev_work\personal\Ai-Driven-Vibrations-motor\data\raw_mafulda\overhang\ball_fault\0g\54.6816.csv,3,Bearing,3204.7549245999076
4k_mafulda_structured_v3\overhang\ball_fault\0g\55.7056.npz,C:\dev_work\personal\Ai-Driven-Vibrations-motor\data\raw_mafulda\overhang\ball_fault\0g\55.7056.csv,3,Bearing,3271.0900817168995
4k_mafulda_structured_v3\overhang\ball_fault\0g\56.32.npz,C:\dev_work\personal\Ai-Driven-Vibrations-motor\data\raw_mafulda\overhang\ball_fault\0g\56.32.csv,3,Bearing,3313.602764167776
4k_mafulda_structured_v3\overhang\ball_fault\0g\58.1632.npz,C:\dev_work\personal\Ai-Driven-Vibrations-motor\data\raw_mafulda\overhang\ball_fault\0g\58.1632.csv,3,Bearing,3440.073193046661
4k_mafulda_structured_v3\overhang\ball_fault\0g\58.7776.npz,C:\dev_work\personal\Ai-Driven-Vibrations-motor\data\raw_mafulda\overhang\ball_fault\0g\58.7776.csv,3,Bearing,3464.0074286406393
4k_mafulda_structured_v3\overhang\ball_fault\0g\59.8016.npz,C:\dev_work\personal\Ai-Driven-Vibrations-motor\data\raw_mafulda\overhang\ball_fault\0g\59.8016.csv,3,Bearing,3514.4503085711526
4k_mafulda_structured_v3\overhang\ball_fault\0g\60.416.npz,C:\dev_work\personal\Ai-Driven-Vibrations-motor\data\raw_mafulda\overhang\ball_fault\0g\60.416.csv,3,Bearing,3542.2255779209304
4k_mafulda_structured_v3\overhang\ball_fault\0g\61.44.npz,C:\dev_work\personal\Ai-Driven-Vibrations-motor\data\raw_mafulda\overhang\ball_fault\0g\61.44.csv,3,Bearing,3614.1347148494533
4k_mafulda_structured_v3\overhang\ball_fault\20g\12.288.npz,C:\dev_work\personal\Ai-Driven-Vibrations-motor\data\raw_mafulda\overhang\ball_fault\20g\12.288.csv,3,Bearing,714.6964593773105
4k_mafulda_structured_v3\overhang\ball_fault\20g\13.5168.npz,C:\dev_work\personal\Ai-Driven-Vibrations-motor\data\raw_mafulda\overhang\ball_fault\20g\13.5168.csv,3,Bearing,789.2180670228266
4k_mafulda_structured_v3\overhang\ball_fault\20g\14.5408.npz,C:\dev_work\personal\Ai-Driven-Vibrations-motor\data\raw_mafulda\overhang\ball_fault\20g\14.5408.csv,3,Bearing,849.4217864553628
4k_mafulda_structured_v3\overhang\ball_fault\20g\15.5648.npz,C:\dev_work\personal\Ai-Driven-Vibrations-motor\data\raw_mafulda\overhang\ball_fault\20g\15.5648.csv,3,Bearing,908.9122531197798
4k_mafulda_structured_v3\overhang\ball_fault\20g\16.1792.npz,C:\dev_work\personal\Ai-Driven-Vibrations-motor\data\raw_mafulda\overhang\ball_fault\20g\16.1792.csv,3,Bearing,950.253807106599
4k_mafulda_structured_v3\overhang\ball_fault\20g\16.9984.npz,C:\dev_work\personal\Ai-Driven-Vibrations-motor\data\raw_mafulda\overhang\ball_fault\20g\16.9984.csv,3,Bearing,996.2539232560492
4k_mafulda_structured_v3\overhang\ball_fault\20g\17.8176.npz,C:\dev_work\personal\Ai-Driven-Vibrations-motor\data\raw_mafulda\overhang\ball_fault\20g\17.8176.csv,3,Bearing,1046.76765367632
4k_mafulda_structured_v3\overhang\ball_fault\20g\19.6608.npz,C:\dev_work\personal\Ai-Driven-Vibrations-motor\data\raw_mafulda\overhang\ball_fault\20g\19.6608.csv,3,Bearing,1154.7344110854503
4k_mafulda_structured_v3\overhang\ball_fault\20g\20.2752.npz,C:\dev_work\personal\Ai-Driven-Vibrations-motor\data\raw_mafulda\overhang\ball_fault\20g\20.2752.csv,3,Bearing,1194.0466522469785
4k_mafulda_structured_v3\overhang\ball_fault\20g\21.2992.npz,C:\dev_work\personal\Ai-Driven-Vibrations-motor\data\raw_mafulda\overhang\ball_fault\20g\21.2992.csv,3,Bearing,1253.6665729095512
4k_mafulda_structured_v3\overhang\ball_fault\20g\22.1184.npz,C:\dev_work\personal\Ai-Driven-Vibrations-motor\data\raw_mafulda\overhang\ball_fault\20g\22.1184.csv,3,Bearing,1296.3097574568098
4k_mafulda_structured_v3\overhang\ball_fault\20g\23.7568.npz,C:\dev_work\personal\Ai-Driven-Vibrations-motor\data\raw_mafulda\overhang\ball_fault\20g\23.7568.csv,3,Bearing,1394.0351458484017
4k_mafulda_structured_v3\overhang\ball_fault\20g\24.3712.npz,C:\dev_work\personal\Ai-Driven-Vibrations-motor\data\raw_mafulda\overhang\ball_fault\20g\24.3712.csv,3,Bearing,1433.1996483241196
4k_mafulda_structured_v3\overhang\ball_fault\20g\25.8048.npz,C:\dev_work\personal\Ai-Driven-Vibrations-motor\data\raw_mafulda\overhang\ball_fault\20g\25.8048.csv,3,Bearing,1512.67622678042
4k_mafulda_structured_v3\overhang\ball_fault\20g\26.4192.npz,C:\dev_work\personal\Ai-Driven-Vibrations-motor\data\raw_mafulda\overhang\ball_fault\20g\26.4192.csv,3,Bearing,1544.7618894368861
4k_mafulda_structured_v3\overhang\ball_fault\20g\27.648.npz,C:\dev_work\personal\Ai-Driven-Vibrations-motor\data\raw_mafulda\overhang\ball_fault\20g\27.648.csv,3,Bearing,1622.5641356818805
4k_mafulda_structured_v3\overhang\ball_fault\20g\28.4672.npz,C:\dev_work\personal\Ai-Driven-Vibrations-motor\data\raw_mafulda\overhang\ball_fault\20g\28.4672.csv,3,Bearing,1672.368225805805
4k_mafulda_structured_v3\overhang\ball_fault\20g\29.2864.npz,C:\dev_work\personal\Ai-Driven-Vibrations-motor\data\raw_mafulda\overhang\ball_fault\20g\29.2864.csv,3,Bearing,1721.4555593720324
4k_mafulda_structured_v3\overhang\ball_fault\20g\30.3104.npz,C:\dev_work\personal\Ai-Driven-Vibrations-motor\data\raw_mafulda\overhang\ball_fault\20g\30.3104.csv,3,Bearing,1776.642588660911
4k_mafulda_structured_v3\overhang\ball_fault\20g\31.744.npz,C:\dev_work\personal\Ai-Driven-Vibrations-motor\data\raw_mafulda\overhang\ball_fault\20g\31.744.csv,3,Bearing,1857.159510706806
4k_mafulda_structured_v3\overhang\ball_fault\20g\32.1536.npz,C:\dev_work\personal\Ai-Driven-Vibrations-motor\data\raw_mafulda\overhang\ball_fault\20g\32.1536.csv,3,Bearing,1886.9369932384757
4k_mafulda_structured_v3\overhang\ball_fault\20g\33.3824.npz,C:\dev_work\personal\Ai-Driven-Vibrations-motor\data\raw_mafulda\overhang\ball_fault\20g\33.3824.csv,3,Bearing,1960.9662802567816
4k_mafulda_structured_v3\overhang\ball_fault\20g\34.4064.npz,C:\dev_work\personal\Ai-Driven-Vibrations-motor\data\raw_mafulda\overhang\ball_fault\20g\34.4064.csv,3,Bearing,2010.3748259088065
4k_mafulda_structured_v3\overhang\ball_fault\20g\35.2256.npz,C:\dev_work\personal\Ai-Driven-Vibrations-motor\data\raw_mafulda\overhang\ball_fault\20g\35.2256.csv,3,Bearing,2062.8204084954023
4k_mafulda_structured_v3\overhang\ball_fault\20g\36.0448.npz,C:\dev_work\personal\Ai-Driven-Vibrations-motor\data\raw_mafulda\overhang\ball_fault\20g\36.0448.csv,3,Bearing,2993.8044879346908
4k_mafulda_structured_v3\overhang\ball_fault\35g\12.288.npz,C:\dev_work\personal\Ai-Driven-Vibrations-motor\data\raw_mafulda\overhang\ball_fault\35g\12.288.csv,3,Bearing,714.2563934157055
4k_mafulda_structured_v3\overhang\ball_fault\35g\13.312.npz,C:\dev_work\personal\Ai-Driven-Vibrations-motor\data\raw_mafulda\overhang\ball_fault\35g\13.312.csv,3,Bearing,781.5616578876668
4k_mafulda_structured_v3\overhang\ball_fault\35g\14.7456.npz,C:\dev_work\personal\Ai-Driven-Vibrations-motor\data\raw_mafulda\overhang\ball_fault\35g\14.7456.csv,3,Bearing,860.6825657230137
4k_mafulda_structured_v3\overhang\ball_fault\35g\15.7696.npz,C:\dev_work\personal\Ai-Driven-Vibrations-motor\data\raw_mafulda\overhang\ball_fault\35g\15.7696.csv,3,Bearing,928.5312324141812
4k_mafulda_structured_v3\overhang\ball_fault\35g\17.6128.npz,C:\dev_work\personal\Ai-Driven-Vibrations-motor\data\raw_mafulda\overhang\ball_fault\35g\17.6128.csv,3,Bearing,1028.6488797812003
4k_mafulda_structured_v3\overhang\ball_fault\35g\17.8176.npz,C:\dev_work\personal\Ai-Driven-Vibrations-motor\data\raw_mafulda\overhang\ball_fault\35g\17.8176.csv,3,Bearing,1047.932769832534
4k_mafulda_structured_v3\overhang\ball_fault\35g\19.456.npz,C:\dev_work\personal\Ai-Driven-Vibrations-motor\data\raw_mafulda\overhang\ball_fault\35g\19.456.csv,3,Bearing,1136.7392513644902
4k_mafulda_structured_v3\overhang\ball_fault\35g\20.48.npz,C:\dev_work\personal\Ai-Driven-Vibrations-motor\data\raw_mafulda\overhang\ball_fault\35g\20.48.csv,3,Bearing,1203.7596209575765
4k_mafulda_structured_v3\overhang\ball_fault\35g\21.0944.npz,C:\dev_work\personal\Ai-Driven-Vibrations-motor\data\raw_mafulda\overhang\ball_fault\35g\21.0944.csv,3,Bearing,1229.9573777146336
4k_mafulda_structured_v3\overhang\ball_fault\35g\21.9136.npz,C:\dev_work\personal\Ai-Driven-Vibrations-motor\data\raw_mafulda\overhang\ball_fault\35g\21.9136.csv,3,Bearing,1280.9095677845144
4k_mafulda_structured_v3\overhang\ball_fault\35g\23.3472.npz,C:\dev_work\personal\Ai-Driven-Vibrations-motor\data\raw_mafulda\overhang\ball_fault\35g\23.3472.csv,3,Bearing,1369.0442536487656
4k_mafulda_structured_v3\overhang\ball_fault\35g\24.3712.npz,C:\dev_work\personal\Ai-Driven-Vibrations-motor\data\raw_mafulda\overhang\ball_fault\35g\24.3712.csv,3,Bearing,1430.5978201568807
4k_mafulda_structured_v3\overhang\ball_fault\35g\25.6.npz,C:\dev_work\personal\Ai-Driven-Vibrations-motor\data\raw_mafulda\overhang\ball_fault\35g\25.6.csv,3,Bearing,1495.8711523883267
4k_mafulda_structured_v3\overhang\ball_fault\35g\26.4192.npz,C:\dev_work\personal\Ai-Driven-Vibrations-motor\data\raw_mafulda\overhang\ball_fault\35g\26.4192.csv,3,Bearing,1550.8446853279593
4k_mafulda_structured_v3\overhang\ball_fault\35g\27.8528.npz,C:\dev_work\personal\Ai-Driven-Vibrations-motor\data\raw_mafulda\overhang\ball_fault\35g\27.8528.csv,3,Bearing,1626.2709005926854
4k_mafulda_structured_v3\overhang\ball_fault\35g\28.672.npz,C:\dev_work\personal\Ai-Driven-Vibrations-motor\data\raw_mafulda\overhang\ball_fault\35g\28.672.csv,3,Bearing,1681.1872326529294
4k_mafulda_structured_v3\overhang\ball_fault\35g\29.4912.npz,C:\dev_work\personal\Ai-Driven-Vibrations-motor\data\raw_mafulda\overhang\ball_fault\35g\29.4912.csv,3,Bearing,1723.0922476914982
4k_mafulda_structured_v3\overhang\ball_fault\35g\30.3104.npz,C:\dev_work\personal\Ai-Driven-Vibrations-motor\data\raw_mafulda\overhang\ball_fault\35g\30.3104.csv,3,Bearing,1774.8907295163121
4k_mafulda_structured_v3\overhang\ball_fault\35g\31.1296.npz,C:\dev_work\personal\Ai-Driven-Vibrations-motor\data\raw_mafulda\overhang\ball_fault\35g\31.1296.csv,3,Bearing,1827.3718520191856
4k_mafulda_structured_v3\overhang\ball_fault\35g\32.1536.npz,C:\dev_work\personal\Ai-Driven-Vibrations-motor\data\raw_mafulda\overhang\ball_fault\35g\32.1536.csv,3,Bearing,1885.0748793632636
4k_mafulda_structured_v3\overhang\ball_fault\6g\12.6976.npz,C:\dev_work\personal\Ai-Driven-Vibrations-motor\data\raw_mafulda\overhang\ball_fault\6g\12.6976.csv,3,Bearing,748.6377247958633
4k_mafulda_structured_v3\overhang\ball_fault\6g\13.9264.npz,C:\dev_work\personal\Ai-Driven-Vibrations-motor\data\raw_mafulda\overhang\ball_fault\6g\13.9264.csv,3,Bearing,816.5188672730301
4k_mafulda_structured_v3\overhang\ball_fault\6g\15.36.npz,C:\dev_work\personal\Ai-Driven-Vibrations-motor\data\raw_mafulda\overhang\ball_fault\6g\15.36.csv,3,Bearing,903.941183560323
4k_mafulda_structured_v3\overhang\ball_fault\6g\15.9744.npz,C:\dev_work\personal\Ai-Driven-Vibrations-motor\data\raw_mafulda\overhang\ball_fault\6g\15.9744.csv,3,Bearing,933.8049519959576
4k_mafulda_structured_v3\overhang\ball_fault\6g\16.9984.npz,C:\dev_work\personal\Ai-Driven-Vibrations-motor\data\raw_mafulda\overhang\ball_fault\6g\16.9984.csv,3,Bearing,991.1361804995971
4k_mafulda_structured_v3\overhang\ball_fault\6g\18.432.npz,C:\dev_work\personal\Ai-Driven-Vibrations-motor\data\raw_mafulda\overhang\ball_fault\6g\18.432.csv,3,Bearing,1079.9703918229657
4k_mafulda_structured_v3\overhang\ball_fault\6g\19.2512.npz,C:\dev_work\personal\Ai-Driven-Vibrations-motor\data\raw_mafulda\overhang\ball_fault\6g\19.2512.csv,3,Bearing,1128.5312105620812
4k_mafulda_structured_v3\overhang\ball_fault\6g\20.0704.npz,C:\dev_work\personal\Ai-Driven-Vibrations-motor\data\raw_mafulda\overhang\ball_fault\6g\20.0704.csv,3,Bearing,1172.8054231167605
4k_mafulda_structured_v3\overhang\ball_fault\6g\21.7088.npz,C:\dev_work\personal\Ai-Driven-Vibrations-motor\data\raw_mafulda\overhang\ball_fault\6g\21.7088.csv,3,Bearing,1267.421974334705
4k_mafulda_structured_v3\overhang\ball_fault\6g\22.528.npz,C:\dev_work\personal\Ai-Driven-Vibrations-motor\data\raw_mafulda\overhang\ball_fault\6g\22.528.csv,3,Bearing,1315.196756652402
4k_mafulda_structured_v3\overhang\ball_fault\6g\23.3472.npz,C:\dev_work\personal\Ai-Driven-Vibrations-motor\data\raw_mafulda\overhang\ball_fault\6g\23.3472.csv,3,Bearing,1366.9299720565643
4k_mafulda_structured_v3\overhang\ball_fault\6g\24.7808.npz,C:\dev_work\personal\Ai-Driven-Vibrations-motor\data\raw_mafulda\overhang\ball_fault\6g\24.7808.csv,3,Bearing,1447.9113878230653
4k_mafulda_structured_v3\overhang\ball_fault\6g\25.6.npz,C:\dev_work\personal\Ai-Driven-Vibrations-motor\data\raw_mafulda\overhang\ball_fault\6g\25.6.csv,3,Bearing,1499.2987151171226
4k_mafulda_structured_v3\overhang\ball_fault\6g\26.4192.npz,C:\dev_work\personal\Ai-Driven-Vibrations-motor\data\raw_mafulda\overhang\ball_fault\6g\26.4192.csv,3,Bearing,1547.8877781360852
4k_mafulda_structured_v3\overhang\ball_fault\6g\27.4432.npz,C:\dev_work\personal\Ai-Driven-Vibrations-motor\data\raw_mafulda\overhang\ball_fault\6g\27.4432.csv,3,Bearing,1604.9879324215608
4k_mafulda_structured_v3\overhang\ball_fault\6g\28.2624.npz,C:\dev_work\personal\Ai-Driven-Vibrations-motor\data\raw_mafulda\overhang\ball_fault\6g\28.2624.csv,3,Bearing,1659.231747441513
4k_mafulda_structured_v3\overhang\ball_fault\6g\29.2864.npz,C:\dev_work\personal\Ai-Driven-Vibrations-motor\data\raw_mafulda\overhang\ball_fault\6g\29.2864.csv,3,Bearing,1714.0236100716993
4k_mafulda_structured_v3\overhang\ball_fault\6g\29.9008.npz,C:\dev_work\personal\Ai-Driven-Vibrations-motor\data\raw_mafulda\overhang\ball_fault\6g\29.9008.csv,3,Bearing,1758.1111945121243
4k_mafulda_structured_v3\overhang\ball_fault\6g\31.1296.npz,C:\dev_work\personal\Ai-Driven-Vibrations-motor\data\raw_mafulda\overhang\ball_fault\6g\31.1296.csv,3,Bearing,1828.7070677711572
4k_mafulda_structured_v3\overhang\ball_fault\6g\32.1536.npz,C:\dev_work\personal\Ai-Driven-Vibrations-motor\data\raw_mafulda\overhang\ball_fault\6g\32.1536.csv,3,Bearing,1882.3075159573827
4k_mafulda_structured_v3\overhang\ball_fault\6g\33.792.npz,C:\dev_work\personal\Ai-Driven-Vibrations-motor\data\raw_mafulda\overhang\ball_fault\6g\33.792.csv,3,Bearing,1980.4610609957856
4k_mafulda_structured_v3\overhang\ball_fault\6g\33.9968.npz,C:\dev_work\personal\Ai-Driven-Vibrations-motor\data\raw_mafulda\overhang\ball_fault\6g\33.9968.csv,3,Bearing,1997.5706312726747
4k_mafulda_structured_v3\overhang\ball_fault\6g\35.6352.npz,C:\dev_work\personal\Ai-Driven-Vibrations-motor\data\raw_mafulda\overhang\ball_fault\6g\35.6352.csv,3,Bearing,2093.2162950071574
4k_mafulda_structured_v3\overhang\ball_fault\6g\36.6592.npz,C:\dev_work\personal\Ai-Driven-Vibrations-motor\data\raw_mafulda\overhang\ball_fault\6g\36.6592.csv,3,Bearing,2145.7319734268676
4k_mafulda_structured_v3\overhang\ball_fault\6g\37.4784.npz,C:\dev_work\personal\Ai-Driven-Vibrations-motor\data\raw_mafulda\overhang\ball_fault\6g\37.4784.csv,3,Bearing,2192.982456140351
4k_mafulda_structured_v3\overhang\ball_fault\6g\38.7072.npz,C:\dev_work\personal\Ai-Driven-Vibrations-motor\data\raw_mafulda\overhang\ball_fault\6g\38.7072.csv,3,Bearing,2270.94211539479
4k_mafulda_structured_v3\overhang\ball_fault\6g\39.7312.npz,C:\dev_work\personal\Ai-Driven-Vibrations-motor\data\raw_mafulda\overhang\ball_fault\6g\39.7312.csv,3,Bearing,2330.1580402525747
4k_mafulda_structured_v3\overhang\ball_fault\6g\40.5504.npz,C:\dev_work\personal\Ai-Driven-Vibrations-motor\data\raw_mafulda\overhang\ball_fault\6g\40.5504.csv,3,Bearing,2381.057365845055
4k_mafulda_structured_v3\overhang\ball_fault\6g\41.5744.npz,C:\dev_work\personal\Ai-Driven-Vibrations-motor\data\raw_mafulda\overhang\ball_fault\6g\41.5744.csv,3,Bearing,2430.834102627155
4k_mafulda_structured_v3\overhang\ball_fault\6g\42.3936.npz,C:\dev_work\personal\Ai-Driven-Vibrations-motor\data\raw_mafulda\overhang\ball_fault\6g\42.3936.csv,3,Bearing,2480.851678789922
4k_mafulda_structured_v3\overhang\ball_fault\6g\43.4176.npz,C:\dev_work\personal\Ai-Driven-Vibrations-motor\data\raw_mafulda\overhang\ball_fault\6g\43.4176.csv,3,Bearing,2541.9991872519604
4k_mafulda_structured_v3\overhang\ball_fault\6g\44.4416.npz,C:\dev_work\personal\Ai-Driven-Vibrations-motor\data\raw_mafulda\overhang\ball_fault\6g\44.4416.csv,3,Bearing,3916.1146287010943
4k_mafulda_structured_v3\overhang\ball_fault\6g\45.4656.npz,C:\dev_work\personal\Ai-Driven-Vibrations-motor\data\raw_mafulda\overhang\ball_fault\6g\45.4656.csv,3,Bearing,2665.7494195545614
4k_mafulda_structured_v3\overhang\ball_fault\6g\46.08.npz,C:\dev_work\personal\Ai-Driven-Vibrations-motor\data\raw_mafulda\overhang\ball_fault\6g\46.08.csv,3,Bearing,2705.1964937298158
4k_mafulda_structured_v3\overhang\ball_fault\6g\47.104.npz,C:\dev_work\personal\Ai-Driven-Vibrations-motor\data\raw_mafulda\overhang\ball_fault\6g\47.104.csv,3,Bearing,2761.6691674439353
4k_mafulda_structured_v3\overhang\ball_fault\6g\48.5376.npz,C:\dev_work\personal\Ai-Driven-Vibrations-motor\data\raw_mafulda\overhang\ball_fault\6g\48.5376.csv,3,Bearing,2904.2200094831674
4k_mafulda_structured_v3\overhang\ball_fault\6g\49.5616.npz,C:\dev_work\personal\Ai-Driven-Vibrations-motor\data\raw_mafulda\overhang\ball_fault\6g\49.5616.csv,3,Bearing,2912.3188831144203
4k_mafulda_structured_v3\overhang\ball_fault\6g\50.7904.npz,C:\dev_work\personal\Ai-Driven-Vibrations-motor\data\raw_mafulda\overhang\ball_fault\6g\50.7904.csv,3,Bearing,8331.004610870477
4k_mafulda_structured_v3\overhang\ball_fault\6g\50.9952.npz,C:\dev_work\personal\Ai-Driven-Vibrations-motor\data\raw_mafulda\overhang\ball_fault\6g\50.9952.csv,3,Bearing,4866.908174515672
4k_mafulda_structured_v3\overhang\ball_fault\6g\52.6336.npz,C:\dev_work\personal\Ai-Driven-Vibrations-motor\data\raw_mafulda\overhang\ball_fault\6g\52.6336.csv,3,Bearing,4990.7844029011185
4k_mafulda_structured_v3\overhang\ball_fault\6g\53.248.npz,C:\dev_work\personal\Ai-Driven-Vibrations-motor\data\raw_mafulda\overhang\ball_fault\6g\53.248.csv,3,Bearing,4889.609579643257
4k_mafulda_structured_v3\overhang\ball_fault\6g\54.0672.npz,C:\dev_work\personal\Ai-Driven-Vibrations-motor\data\raw_mafulda\overhang\ball_fault\6g\54.0672.csv,3,Bearing,7812.500000000001
4k_mafulda_structured_v3\overhang\ball_fault\6g\55.296.npz,C:\dev_work\personal\Ai-Driven-Vibrations-motor\data\raw_mafulda\overhang\ball_fault\6g\55.296.csv,3,Bearing,8558.772742060612
4k_mafulda_structured_v3\overhang\cage_fault\0g\13.1072.npz,C:\dev_work\personal\Ai-Driven-Vibrations-motor\data\raw_mafulda\overhang\cage_fault\0g\13.1072.csv,3,Bearing,769.3278354208305
4k_mafulda_structured_v3\overhang\cage_fault\0g\14.1312.npz,C:\dev_work\personal\Ai-Driven-Vibrations-motor\data\raw_mafulda\overhang\cage_fault\0g\14.1312.csv,3,Bearing,824.552255999224
4k_mafulda_structured_v3\overhang\cage_fault\0g\14.9504.npz,C:\dev_work\personal\Ai-Driven-Vibrations-motor\data\raw_mafulda\overhang\cage_fault\0g\14.9504.csv,3,Bearing,878.8490332660634
4k_mafulda_structured_v3\overhang\cage_fault\0g\16.1792.npz,C:\dev_work\personal\Ai-Driven-Vibrations-motor\data\raw_mafulda\overhang\cage_fault\0g\16.1792.csv,3,Bearing,943.3391788111508
4k_mafulda_structured_v3\overhang\cage_fault\0g\17.408.npz,C:\dev_work\personal\Ai-Driven-Vibrations-motor\data\raw_mafulda\overhang\cage_fault\0g\17.408.csv,3,Bearing,1019.9868858828958
4k_mafulda_structured_v3\overhang\cage_fault\0g\18.6368.npz,C:\dev_work\personal\Ai-Driven-Vibrations-motor\data\raw_mafulda\overhang\cage_fault\0g\18.6368.csv,3,Bearing,1090.054664222791
4k_mafulda_structured_v3\overhang\cage_fault\0g\19.456.npz,C:\dev_work\personal\Ai-Driven-Vibrations-motor\data\raw_mafulda\overhang\cage_fault\0g\19.456.csv,3,Bearing,1143.7053620314155
4k_mafulda_structured_v3\overhang\cage_fault\0g\19.8656.npz,C:\dev_work\personal\Ai-Driven-Vibrations-motor\data\raw_mafulda\overhang\cage_fault\0g\19.8656.csv,3,Bearing,1164.9495795260111
4k_mafulda_structured_v3\overhang\cage_fault\0g\21.0944.npz,C:\dev_work\personal\Ai-Driven-Vibrations-motor\data\raw_mafulda\overhang\cage_fault\0g\21.0944.csv,3,Bearing,1239.3982842839437
4k_mafulda_structured_v3\overhang\cage_fault\0g\22.3232.npz,C:\dev_work\personal\Ai-Driven-Vibrations-motor\data\raw_mafulda\overhang\cage_fault\0g\22.3232.csv,3,Bearing,1310.3271410024204
4k_mafulda_structured_v3\overhang\cage_fault\0g\23.1424.npz,C:\dev_work\personal\Ai-Driven-Vibrations-motor\data\raw_mafulda\overhang\cage_fault\0g\23.1424.csv,3,Bearing,1352.3831183599207
4k_mafulda_structured_v3\overhang\cage_fault\0g\24.1664.npz,C:\dev_work\personal\Ai-Driven-Vibrations-motor\data\raw_mafulda\overhang\cage_fault\0g\24.1664.csv,3,Bearing,1415.0715195691087
4k_mafulda_structured_v3\overhang\cage_fault\0g\24.9856.npz,C:\dev_work\personal\Ai-Driven-Vibrations-motor\data\raw_mafulda\overhang\cage_fault\0g\24.9856.csv,3,Bearing,1461.0115190494973
4k_mafulda_structured_v3\overhang\cage_fault\0g\26.8288.npz,C:\dev_work\personal\Ai-Driven-Vibrations-motor\data\raw_mafulda\overhang\cage_fault\0g\26.8288.csv,3,Bearing,1573.2594304800862
4k_mafulda_structured_v3\overhang\cage_fault\0g\27.0336.npz,C:\dev_work\personal\Ai-Driven-Vibrations-motor\data\raw_mafulda\overhang\cage_fault\0g\27.0336.csv,3,Bearing,1587.4811158416883
4k_mafulda_structured_v3\overhang\cage_fault\0g\28.0576.npz,C:\dev_work\personal\Ai-Driven-Vibrations-motor\data\raw_mafulda\overhang\cage_fault\0g\28.0576.csv,3,Bearing,1639.3245018743746
4k_mafulda_structured_v3\overhang\cage_fault\0g\29.4912.npz,C:\dev_work\personal\Ai-Driven-Vibrations-motor\data\raw_mafulda\overhang\cage_fault\0g\29.4912.csv,3,Bearing,1732.1086100736854
4k_mafulda_structured_v3\overhang\cage_fault\0g\30.72.npz,C:\dev_work\personal\Ai-Driven-Vibrations-motor\data\raw_mafulda\overhang\cage_fault\0g\30.72.csv,3,Bearing,1797.01382132778
4k_mafulda_structured_v3\overhang\cage_fault\0g\31.1296.npz,C:\dev_work\personal\Ai-Driven-Vibrations-motor\data\raw_mafulda\overhang\cage_fault\0g\31.1296.csv,3,Bearing,1828.5741965172322
4k_mafulda_structured_v3\overhang\cage_fault\0g\31.9488.npz,C:\dev_work\personal\Ai-Driven-Vibrations-motor\data\raw_mafulda\overhang\cage_fault\0g\31.9488.csv,3,Bearing,1875.1814691744362
4k_mafulda_structured_v3\overhang\cage_fault\0g\33.5872.npz,C:\dev_work\personal\Ai-Driven-Vibrations-motor\data\raw_mafulda\overhang\cage_fault\0g\33.5872.csv,3,Bearing,1969.1143012463
4k_mafulda_structured_v3\overhang\cage_fault\0g\34.2016.npz,C:\dev_work\personal\Ai-Driven-Vibrations-motor\data\raw_mafulda\overhang\cage_fault\0g\34.2016.csv,3,Bearing,2004.5968868368827
4k_mafulda_structured_v3\overhang\cage_fault\0g\35.2256.npz,C:\dev_work\personal\Ai-Driven-Vibrations-motor\data\raw_mafulda\overhang\cage_fault\0g\35.2256.csv,3,Bearing,2063.0745843688924
4k_mafulda_structured_v3\overhang\cage_fault\0g\36.4544.npz,C:\dev_work\personal\Ai-Driven-Vibrations-motor\data\raw_mafulda\overhang\cage_fault\0g\36.4544.csv,3,Bearing,2136.588781098231
4k_mafulda_structured_v3\overhang\cage_fault\0g\37.2736.npz,C:\dev_work\personal\Ai-Driven-Vibrations-motor\data\raw_mafulda\overhang\cage_fault\0g\37.2736.csv,3,Bearing,2184.829317753851
4k_mafulda_structured_v3\overhang\cage_fault\0g\38.5024.npz,C:\dev_work\personal\Ai-Driven-Vibrations-motor\data\raw_mafulda\overhang\cage_fault\0g\38.5024.csv,3,Bearing,2254.6509711878916
4k_mafulda_structured_v3\overhang\cage_fault\0g\39.3216.npz,C:\dev_work\personal\Ai-Driven-Vibrations-motor\data\raw_mafulda\overhang\cage_fault\0g\39.3216.csv,3,Bearing,2308.487700088973
4k_mafulda_structured_v3\overhang\cage_fault\0g\40.1408.npz,C:\dev_work\personal\Ai-Driven-Vibrations-motor\data\raw_mafulda\overhang\cage_fault\0g\40.1408.csv,3,Bearing,2356.011453840298
4k_mafulda_structured_v3\overhang\cage_fault\0g\41.3696.npz,C:\dev_work\personal\Ai-Driven-Vibrations-motor\data\raw_mafulda\overhang\cage_fault\0g\41.3696.csv,3,Bearing,2418.1165290355343
4k_mafulda_structured_v3\overhang\cage_fault\0g\42.5984.npz,C:\dev_work\personal\Ai-Driven-Vibrations-motor\data\raw_mafulda\overhang\cage_fault\0g\42.5984.csv,3,Bearing,2497.998785192217
4k_mafulda_structured_v3\overhang\cage_fault\0g\43.4176.npz,C:\dev_work\personal\Ai-Driven-Vibrations-motor\data\raw_mafulda\overhang\cage_fault\0g\43.4176.csv,3,Bearing,2547.954425268016
4k_mafulda_structured_v3\overhang\cage_fault\0g\44.2368.npz,C:\dev_work\personal\Ai-Driven-Vibrations-motor\data\raw_mafulda\overhang\cage_fault\0g\44.2368.csv,3,Bearing,2597.705963849599
4k_mafulda_structured_v3\overhang\cage_fault\0g\45.2608.npz,C:\dev_work\personal\Ai-Driven-Vibrations-motor\data\raw_mafulda\overhang\cage_fault\0g\45.2608.csv,3,Bearing,2649.655344073805
4k_mafulda_structured_v3\overhang\cage_fault\0g\46.4896.npz,C:\dev_work\personal\Ai-Driven-Vibrations-motor\data\raw_mafulda\overhang\cage_fault\0g\46.4896.csv,3,Bearing,2723.394683355158
4k_mafulda_structured_v3\overhang\cage_fault\0g\47.3088.npz,C:\dev_work\personal\Ai-Driven-Vibrations-motor\data\raw_mafulda\overhang\cage_fault\0g\47.3088.csv,3,Bearing,2773.6686390532545
4k_mafulda_structured_v3\overhang\cage_fault\0g\48.128.npz,C:\dev_work\personal\Ai-Driven-Vibrations-motor\data\raw_mafulda\overhang\cage_fault\0g\48.128.csv,3,Bearing,2819.5716187326043
4k_mafulda_structured_v3\overhang\cage_fault\0g\49.152.npz,C:\dev_work\personal\Ai-Driven-Vibrations-motor\data\raw_mafulda\overhang\cage_fault\0g\49.152.csv,3,Bearing,2879.2752418470727
4k_mafulda_structured_v3\overhang\cage_fault\0g\50.5856.npz,C:\dev_work\personal\Ai-Driven-Vibrations-motor\data\raw_mafulda\overhang\cage_fault\0g\50.5856.csv,3,Bearing,2965.8326434490464
4k_mafulda_structured_v3\overhang\cage_fault\0g\51.4048.npz,C:\dev_work\personal\Ai-Driven-Vibrations-motor\data\raw_mafulda\overhang\cage_fault\0g\51.4048.csv,3,Bearing,3013.1735949571525
4k_mafulda_structured_v3\overhang\cage_fault\0g\52.6336.npz,C:\dev_work\personal\Ai-Driven-Vibrations-motor\data\raw_mafulda\overhang\cage_fault\0g\52.6336.csv,3,Bearing,3085.650919668614
4k_mafulda_structured_v3\overhang\cage_fault\0g\53.8624.npz,C:\dev_work\personal\Ai-Driven-Vibrations-motor\data\raw_mafulda\overhang\cage_fault\0g\53.8624.csv,3,Bearing,3160.6121776054943
4k_mafulda_structured_v3\overhang\cage_fault\0g\54.8864.npz,C:\dev_work\personal\Ai-Driven-Vibrations-motor\data\raw_mafulda\overhang\cage_fault\0g\54.8864.csv,3,Bearing,3215.4082685367684
4k_mafulda_structured_v3\overhang\cage_fault\0g\55.9104.npz,C:\dev_work\personal\Ai-Driven-Vibrations-motor\data\raw_mafulda\overhang\cage_fault\0g\55.9104.csv,3,Bearing,3277.54280687802
4k_mafulda_structured_v3\overhang\cage_fault\0g\56.9344.npz,C:\dev_work\personal\Ai-Driven-Vibrations-motor\data\raw_mafulda\overhang\cage_fault\0g\56.9344.csv,3,Bearing,3331.536127853735
4k_mafulda_structured_v3\overhang\cage_fault\0g\57.1392.npz,C:\dev_work\personal\Ai-Driven-Vibrations-motor\data\raw_mafulda\overhang\cage_fault\0g\57.1392.csv,3,Bearing,3351.537728911233
4k_mafulda_structured_v3\overhang\cage_fault\0g\58.7776.npz,C:\dev_work\personal\Ai-Driven-Vibrations-motor\data\raw_mafulda\overhang\cage_fault\0g\58.7776.csv,3,Bearing,3441.4985359592474
4k_mafulda_structured_v3\overhang\cage_fault\0g\59.392.npz,C:\dev_work\personal\Ai-Driven-Vibrations-motor\data\raw_mafulda\overhang\cage_fault\0g\59.392.csv,3,Bearing,3475.6723052477023
4k_mafulda_structured_v3\overhang\cage_fault\0g\60.0064.npz,C:\dev_work\personal\Ai-Driven-Vibrations-motor\data\raw_mafulda\overhang\cage_fault\0g\60.0064.csv,3,Bearing,3516.914108606804
4k_mafulda_structured_v3\overhang\cage_fault\0g\61.44.npz,C:\dev_work\personal\Ai-Driven-Vibrations-motor\data\raw_mafulda\overhang\cage_fault\0g\61.44.csv,3,Bearing,3595.805697783391
4k_mafulda_structured_v3\overhang\cage_fault\20g\13.7216.npz,C:\dev_work\personal\Ai-Driven-Vibrations-motor\data\raw_mafulda\overhang\cage_fault\20g\13.7216.csv,3,Bearing,802.7569430366917
4k_mafulda_structured_v3\overhang\cage_fault\20g\14.5408.npz,C:\dev_work\personal\Ai-Driven-Vibrations-motor\data\raw_mafulda\overhang\cage_fault\20g\14.5408.csv,3,Bearing,856.9889489234587
4k_mafulda_structured_v3\overhang\cage_fault\20g\15.36.npz,C:\dev_work\personal\Ai-Driven-Vibrations-motor\data\raw_mafulda\overhang\cage_fault\20g\15.36.csv,3,Bearing,905.290517785941
4k_mafulda_structured_v3\overhang\cage_fault\20g\16.384.npz,C:\dev_work\personal\Ai-Driven-Vibrations-motor\data\raw_mafulda\overhang\cage_fault\20g\16.384.csv,3,Bearing,958.9473428661599
4k_mafulda_structured_v3\overhang\cage_fault\20g\17.408.npz,C:\dev_work\personal\Ai-Driven-Vibrations-motor\data\raw_mafulda\overhang\cage_fault\20g\17.408.csv,3,Bearing,1016.3721636481638
4k_mafulda_structured_v3\overhang\cage_fault\20g\18.432.npz,C:\dev_work\personal\Ai-Driven-Vibrations-motor\data\raw_mafulda\overhang\cage_fault\20g\18.432.csv,3,Bearing,1076.8690938570062
4k_mafulda_structured_v3\overhang\cage_fault\20g\19.456.npz,C:\dev_work\personal\Ai-Driven-Vibrations-motor\data\raw_mafulda\overhang\cage_fault\20g\19.456.csv,3,Bearing,1140.8459251168154
4k_mafulda_structured_v3\overhang\cage_fault\20g\20.6848.npz,C:\dev_work\personal\Ai-Driven-Vibrations-motor\data\raw_mafulda\overhang\cage_fault\20g\20.6848.csv,3,Bearing,1212.5327383839365
4k_mafulda_structured_v3\overhang\cage_fault\20g\21.2992.npz,C:\dev_work\personal\Ai-Driven-Vibrations-motor\data\raw_mafulda\overhang\cage_fault\20g\21.2992.csv,3,Bearing,1249.2015621083613
4k_mafulda_structured_v3\overhang\cage_fault\20g\22.3232.npz,C:\dev_work\personal\Ai-Driven-Vibrations-motor\data\raw_mafulda\overhang\cage_fault\20g\22.3232.csv,3,Bearing,1308.4617900888056
4k_mafulda_structured_v3\overhang\cage_fault\20g\23.552.npz,C:\dev_work\personal\Ai-Driven-Vibrations-motor\data\raw_mafulda\overhang\cage_fault\20g\23.552.csv,3,Bearing,1376.2243165154966
4k_mafulda_structured_v3\overhang\cage_fault\20g\24.7808.npz,C:\dev_work\personal\Ai-Driven-Vibrations-motor\data\raw_mafulda\overhang\cage_fault\20g\24.7808.csv,3,Bearing,1448.0173924329938
4k_mafulda_structured_v3\overhang\cage_fault\20g\25.3952.npz,C:\dev_work\personal\Ai-Driven-Vibrations-motor\data\raw_mafulda\overhang\cage_fault\20g\25.3952.csv,3,Bearing,1482.3875349839407
4k_mafulda_structured_v3\overhang\cage_fault\20g\26.2144.npz,C:\dev_work\personal\Ai-Driven-Vibrations-motor\data\raw_mafulda\overhang\cage_fault\20g\26.2144.csv,3,Bearing,1534.2982095827192
4k_mafulda_structured_v3\overhang\cage_fault\20g\27.4432.npz,C:\dev_work\personal\Ai-Driven-Vibrations-motor\data\raw_mafulda\overhang\cage_fault\20g\27.4432.csv,3,Bearing,1610.8975808274927
4k_mafulda_structured_v3\overhang\cage_fault\20g\28.2624.npz,C:\dev_work\personal\Ai-Driven-Vibrations-motor\data\raw_mafulda\overhang\cage_fault\20g\28.2624.csv,3,Bearing,1657.9332712112594
4k_mafulda_structured_v3\overhang\cage_fault\20g\29.696.npz,C:\dev_work\personal\Ai-Driven-Vibrations-motor\data\raw_mafulda\overhang\cage_fault\20g\29.696.csv,3,Bearing,1744.524132583834
4k_mafulda_structured_v3\overhang\cage_fault\20g\30.3104.npz,C:\dev_work\personal\Ai-Driven-Vibrations-motor\data\raw_mafulda\overhang\cage_fault\20g\30.3104.csv,3,Bearing,1780.2285635856467
4k_mafulda_structured_v3\overhang\cage_fault\20g\31.5392.npz,C:\dev_work\personal\Ai-Driven-Vibrations-motor\data\raw_mafulda\overhang\cage_fault\20g\31.5392.csv,3,Bearing,1853.3473310183317
4k_mafulda_structured_v3\overhang\cage_fault\20g\32.1536.npz,C:\dev_work\personal\Ai-Driven-Vibrations-motor\data\raw_mafulda\overhang\cage_fault\20g\32.1536.csv,3,Bearing,1888.2750547238948
4k_mafulda_structured_v3\overhang\cage_fault\20g\33.792.npz,C:\dev_work\personal\Ai-Driven-Vibrations-motor\data\raw_mafulda\overhang\cage_fault\20g\33.792.csv,3,Bearing,1982.5119877503323
4k_mafulda_structured_v3\overhang\cage_fault\20g\34.4064.npz,C:\dev_work\personal\Ai-Driven-Vibrations-motor\data\raw_mafulda\overhang\cage_fault\20g\34.4064.csv,3,Bearing,2019.9332333446223
4k_mafulda_structured_v3\overhang\cage_fault\20g\35.4304.npz,C:\dev_work\personal\Ai-Driven-Vibrations-motor\data\raw_mafulda\overhang\cage_fault\20g\35.4304.csv,3,Bearing,2071.7400207174
4k_mafulda_structured_v3\overhang\cage_fault\20g\36.2496.npz,C:\dev_work\personal\Ai-Driven-Vibrations-motor\data\raw_mafulda\overhang\cage_fault\20g\36.2496.csv,3,Bearing,2130.0801200590613
4k_mafulda_structured_v3\overhang\cage_fault\20g\37.0688.npz,C:\dev_work\personal\Ai-Driven-Vibrations-motor\data\raw_mafulda\overhang\cage_fault\20g\37.0688.csv,3,Bearing,2169.171256070667
4k_mafulda_structured_v3\overhang\cage_fault\20g\38.5024.npz,C:\dev_work\personal\Ai-Driven-Vibrations-motor\data\raw_mafulda\overhang\cage_fault\20g\38.5024.csv,3,Bearing,2253.9896822718288
4k_mafulda_structured_v3\overhang\cage_fault\20g\39.5264.npz,C:\dev_work\personal\Ai-Driven-Vibrations-motor\data\raw_mafulda\overhang\cage_fault\20g\39.5264.csv,3,Bearing,2317.0496234794364
4k_mafulda_structured_v3\overhang\cage_fault\20g\40.5504.npz,C:\dev_work\personal\Ai-Driven-Vibrations-motor\data\raw_mafulda\overhang\cage_fault\20g\40.5504.csv,3,Bearing,2370.362051746889
4k_mafulda_structured_v3\overhang\cage_fault\20g\41.7792.npz,C:\dev_work\personal\Ai-Driven-Vibrations-motor\data\raw_mafulda\overhang\cage_fault\20g\41.7792.csv,3,Bearing,2450.872422479146
4k_mafulda_structured_v3\overhang\cage_fault\20g\42.3936.npz,C:\dev_work\personal\Ai-Driven-Vibrations-motor\data\raw_mafulda\overhang\cage_fault\20g\42.3936.csv,3,Bearing,2485.2513602528684
4k_mafulda_structured_v3\overhang\cage_fault\20g\43.6224.npz,C:\dev_work\personal\Ai-Driven-Vibrations-motor\data\raw_mafulda\overhang\cage_fault\20g\43.6224.csv,3,Bearing,2560.149422557493
4k_mafulda_structured_v3\overhang\cage_fault\20g\44.4416.npz,C:\dev_work\personal\Ai-Driven-Vibrations-motor\data\raw_mafulda\overhang\cage_fault\20g\44.4416.csv,3,Bearing,2605.9889486764955
4k_mafulda_structured_v3\overhang\cage_fault\20g\45.2608.npz,C:\dev_work\personal\Ai-Driven-Vibrations-motor\data\raw_mafulda\overhang\cage_fault\20g\45.2608.csv,3,Bearing,2646.5953155262914
4k_mafulda_structured_v3\overhang\cage_fault\20g\46.2848.npz,C:\dev_work\personal\Ai-Driven-Vibrations-motor\data\raw_mafulda\overhang\cage_fault\20g\46.2848.csv,3,Bearing,2711.7037132262844
4k_mafulda_structured_v3\overhang\cage_fault\20g\47.7184.npz,C:\dev_work\personal\Ai-Driven-Vibrations-motor\data\raw_mafulda\overhang\cage_fault\20g\47.7184.csv,3,Bearing,2791.1005598241923
4k_mafulda_structured_v3\overhang\cage_fault\20g\48.7424.npz,C:\dev_work\personal\Ai-Driven-Vibrations-motor\data\raw_mafulda\overhang\cage_fault\20g\48.7424.csv,3,Bearing,2855.5478354465463
4k_mafulda_structured_v3\overhang\cage_fault\20g\49.7664.npz,C:\dev_work\personal\Ai-Driven-Vibrations-motor\data\raw_mafulda\overhang\cage_fault\20g\49.7664.csv,3,Bearing,2916.7637582059087
4k_mafulda_structured_v3\overhang\cage_fault\20g\50.9952.npz,C:\dev_work\personal\Ai-Driven-Vibrations-motor\data\raw_mafulda\overhang\cage_fault\20g\50.9952.csv,3,Bearing,2983.9446862831164
4k_mafulda_structured_v3\overhang\cage_fault\20g\51.8144.npz,C:\dev_work\personal\Ai-Driven-Vibrations-motor\data\raw_mafulda\overhang\cage_fault\20g\51.8144.csv,3,Bearing,3036.5348157192893
4k_mafulda_structured_v3\overhang\cage_fault\20g\52.224.npz,C:\dev_work\personal\Ai-Driven-Vibrations-motor\data\raw_mafulda\overhang\cage_fault\20g\52.224.csv,3,Bearing,3060.966253047911
4k_mafulda_structured_v3\overhang\cage_fault\20g\53.248.npz,C:\dev_work\personal\Ai-Driven-Vibrations-motor\data\raw_mafulda\overhang\cage_fault\20g\53.248.csv,3,Bearing,3121.1713430677455
4k_mafulda_structured_v3\overhang\cage_fault\20g\54.0672.npz,C:\dev_work\personal\Ai-Driven-Vibrations-motor\data\raw_mafulda\overhang\cage_fault\20g\54.0672.csv,3,Bearing,3169.9732420509604
4k_mafulda_structured_v3\overhang\cage_fault\20g\55.296.npz,C:\dev_work\personal\Ai-Driven-Vibrations-motor\data\raw_mafulda\overhang\cage_fault\20g\55.296.csv,3,Bearing,3235.259923267813
4k_mafulda_structured_v3\overhang\cage_fault\20g\56.1152.npz,C:\dev_work\personal\Ai-Driven-Vibrations-motor\data\raw_mafulda\overhang\cage_fault\20g\56.1152.csv,3,Bearing,3292.528493035036
4k_mafulda_structured_v3\overhang\cage_fault\20g\57.5488.npz,C:\dev_work\personal\Ai-Driven-Vibrations-motor\data\raw_mafulda\overhang\cage_fault\20g\57.5488.csv,3,Bearing,3374.8357780804417
4k_mafulda_structured_v3\overhang\cage_fault\20g\58.368.npz,C:\dev_work\personal\Ai-Driven-Vibrations-motor\data\raw_mafulda\overhang\cage_fault\20g\58.368.csv,3,Bearing,3419.4482641128297
4k_mafulda_structured_v3\overhang\cage_fault\20g\59.1872.npz,C:\dev_work\personal\Ai-Driven-Vibrations-motor\data\raw_mafulda\overhang\cage_fault\20g\59.1872.csv,3,Bearing,3466.1906003650734
4k_mafulda_structured_v3\overhang\cage_fault\20g\60.416.npz,C:\dev_work\personal\Ai-Driven-Vibrations-motor\data\raw_mafulda\overhang\cage_fault\20g\60.416.csv,3,Bearing,3538.718573240202
4k_mafulda_structured_v3\overhang\cage_fault\20g\61.2352.npz,C:\dev_work\personal\Ai-Driven-Vibrations-motor\data\raw_mafulda\overhang\cage_fault\20g\61.2352.csv,3,Bearing,3591.1979497232287
4k_mafulda_structured_v3\overhang\cage_fault\35g\13.5168.npz,C:\dev_work\personal\Ai-Driven-Vibrations-motor\data\raw_mafulda\overhang\cage_fault\35g\13.5168.csv,3,Bearing,787.5921421275654
4k_mafulda_structured_v3\overhang\cage_fault\35g\14.336.npz,C:\dev_work\personal\Ai-Driven-Vibrations-motor\data\raw_mafulda\overhang\cage_fault\35g\14.336.csv,3,Bearing,844.0718023746554
4k_mafulda_structured_v3\overhang\cage_fault\35g\15.5648.npz,C:\dev_work\personal\Ai-Driven-Vibrations-motor\data\raw_mafulda\overhang\cage_fault\35g\15.5648.csv,3,Bearing,912.1905140294901
4k_mafulda_structured_v3\overhang\cage_fault\35g\16.384.npz,C:\dev_work\personal\Ai-Driven-Vibrations-motor\data\raw_mafulda\overhang\cage_fault\35g\16.384.csv,3,Bearing,961.6477042182656
4k_mafulda_structured_v3\overhang\cage_fault\35g\17.6128.npz,C:\dev_work\personal\Ai-Driven-Vibrations-motor\data\raw_mafulda\overhang\cage_fault\35g\17.6128.csv,3,Bearing,1031.2071594084512
4k_mafulda_structured_v3\overhang\cage_fault\35g\18.2272.npz,C:\dev_work\personal\Ai-Driven-Vibrations-motor\data\raw_mafulda\overhang\cage_fault\35g\18.2272.csv,3,Bearing,1067.5465838509317
4k_mafulda_structured_v3\overhang\cage_fault\35g\19.8656.npz,C:\dev_work\personal\Ai-Driven-Vibrations-motor\data\raw_mafulda\overhang\cage_fault\35g\19.8656.csv,3,Bearing,1162.1197386844644
4k_mafulda_structured_v3\overhang\cage_fault\35g\20.8896.npz,C:\dev_work\personal\Ai-Driven-Vibrations-motor\data\raw_mafulda\overhang\cage_fault\35g\20.8896.csv,3,Bearing,1221.3801999355046
4k_mafulda_structured_v3\overhang\cage_fault\35g\21.2992.npz,C:\dev_work\personal\Ai-Driven-Vibrations-motor\data\raw_mafulda\overhang\cage_fault\35g\21.2992.csv,3,Bearing,1243.3707015186021
4k_mafulda_structured_v3\overhang\cage_fault\35g\22.1184.npz,C:\dev_work\personal\Ai-Driven-Vibrations-motor\data\raw_mafulda\overhang\cage_fault\35g\22.1184.csv,3,Bearing,1299.1439283065017
4k_mafulda_structured_v3\overhang\cage_fault\35g\23.1424.npz,C:\dev_work\personal\Ai-Driven-Vibrations-motor\data\raw_mafulda\overhang\cage_fault\35g\23.1424.csv,3,Bearing,1358.3001843407392
4k_mafulda_structured_v3\overhang\cage_fault\35g\24.7808.npz,C:\dev_work\personal\Ai-Driven-Vibrations-motor\data\raw_mafulda\overhang\cage_fault\35g\24.7808.csv,3,Bearing,1447.5770317777624
4k_mafulda_structured_v3\overhang\cage_fault\35g\25.3952.npz,C:\dev_work\personal\Ai-Driven-Vibrations-motor\data\raw_mafulda\overhang\cage_fault\35g\25.3952.csv,3,Bearing,1488.0172271262718
4k_mafulda_structured_v3\overhang\cage_fault\35g\26.0096.npz,C:\dev_work\personal\Ai-Driven-Vibrations-motor\data\raw_mafulda\overhang\cage_fault\35g\26.0096.csv,3,Bearing,1522.923037561374
4k_mafulda_structured_v3\overhang\cage_fault\35g\27.8528.npz,C:\dev_work\personal\Ai-Driven-Vibrations-motor\data\raw_mafulda\overhang\cage_fault\35g\27.8528.csv,3,Bearing,1632.0707956042893
4k_mafulda_structured_v3\overhang\cage_fault\35g\28.0576.npz,C:\dev_work\personal\Ai-Driven-Vibrations-motor\data\raw_mafulda\overhang\cage_fault\35g\28.0576.csv,3,Bearing,1641.388743613469
4k_mafulda_structured_v3\overhang\cage_fault\35g\29.4912.npz,C:\dev_work\personal\Ai-Driven-Vibrations-motor\data\raw_mafulda\overhang\cage_fault\35g\29.4912.csv,3,Bearing,1725.7053669839177
4k_mafulda_structured_v3\overhang\cage_fault\35g\30.3104.npz,C:\dev_work\personal\Ai-Driven-Vibrations-motor\data\raw_mafulda\overhang\cage_fault\35g\30.3104.csv,3,Bearing,1772.8215600829728
4k_mafulda_structured_v3\overhang\cage_fault\35g\31.3344.npz,C:\dev_work\personal\Ai-Driven-Vibrations-motor\data\raw_mafulda\overhang\cage_fault\35g\31.3344.csv,3,Bearing,1841.6801292407108
4k_mafulda_structured_v3\overhang\cage_fault\35g\32.3584.npz,C:\dev_work\personal\Ai-Driven-Vibrations-motor\data\raw_mafulda\overhang\cage_fault\35g\32.3584.csv,3,Bearing,1891.095389902916
4k_mafulda_structured_v3\overhang\cage_fault\35g\33.5872.npz,C:\dev_work\personal\Ai-Driven-Vibrations-motor\data\raw_mafulda\overhang\cage_fault\35g\33.5872.csv,3,Bearing,1966.2243667068758
4k_mafulda_structured_v3\overhang\cage_fault\35g\34.2016.npz,C:\dev_work\personal\Ai-Driven-Vibrations-motor\data\raw_mafulda\overhang\cage_fault\35g\34.2016.csv,3,Bearing,2004.3790449818075
4k_mafulda_structured_v3\overhang\cage_fault\35g\35.84.npz,C:\dev_work\personal\Ai-Driven-Vibrations-motor\data\raw_mafulda\overhang\cage_fault\35g\35.84.csv,3,Bearing,2094.726858111517
4k_mafulda_structured_v3\overhang\cage_fault\35g\36.4544.npz,C:\dev_work\personal\Ai-Driven-Vibrations-motor\data\raw_mafulda\overhang\cage_fault\35g\36.4544.csv,3,Bearing,2135.445990509129
4k_mafulda_structured_v3\overhang\cage_fault\35g\37.4784.npz,C:\dev_work\personal\Ai-Driven-Vibrations-motor\data\raw_mafulda\overhang\cage_fault\35g\37.4784.csv,3,Bearing,2197.1300491738625
4k_mafulda_structured_v3\overhang\cage_fault\35g\38.2976.npz,C:\dev_work\personal\Ai-Driven-Vibrations-motor\data\raw_mafulda\overhang\cage_fault\35g\38.2976.csv,3,Bearing,2243.549794341269
4k_mafulda_structured_v3\overhang\cage_fault\35g\39.3216.npz,C:\dev_work\personal\Ai-Driven-Vibrations-motor\data\raw_mafulda\overhang\cage_fault\35g\39.3216.csv,3,Bearing,2301.8519262443256
4k_mafulda_structured_v3\overhang\cage_fault\35g\40.96.npz,C:\dev_work\personal\Ai-Driven-Vibrations-motor\data\raw_mafulda\overhang\cage_fault\35g\40.96.csv,3,Bearing,2404.0525457199283
4k_mafulda_structured_v3\overhang\cage_fault\35g\41.3696.npz,C:\dev_work\personal\Ai-Driven-Vibrations-motor\data\raw_mafulda\overhang\cage_fault\35g\41.3696.csv,3,Bearing,2466.398435456346
4k_mafulda_structured_v3\overhang\cage_fault\35g\42.5984.npz,C:\dev_work\personal\Ai-Driven-Vibrations-motor\data\raw_mafulda\overhang\cage_fault\35g\42.5984.csv,3,Bearing,2498.119370683101
4k_mafulda_structured_v3\overhang\cage_fault\35g\43.008.npz,C:\dev_work\personal\Ai-Driven-Vibrations-motor\data\raw_mafulda\overhang\cage_fault\35g\43.008.csv,3,Bearing,2519.77237654321
4k_mafulda_structured_v3\overhang\cage_fault\35g\44.4416.npz,C:\dev_work\personal\Ai-Driven-Vibrations-motor\data\raw_mafulda\overhang\cage_fault\35g\44.4416.csv,3,Bearing,2601.323142141435
4k_mafulda_structured_v3\overhang\cage_fault\35g\45.6704.npz,C:\dev_work\personal\Ai-Driven-Vibrations-motor\data\raw_mafulda\overhang\cage_fault\35g\45.6704.csv,3,Bearing,2670.415183102676
4k_mafulda_structured_v3\overhang\cage_fault\35g\46.4896.npz,C:\dev_work\personal\Ai-Driven-Vibrations-motor\data\raw_mafulda\overhang\cage_fault\35g\46.4896.csv,3,Bearing,2718.862408719608
4k_mafulda_structured_v3\overhang\cage_fault\35g\47.104.npz,C:\dev_work\personal\Ai-Driven-Vibrations-motor\data\raw_mafulda\overhang\cage_fault\35g\47.104.csv,3,Bearing,2760.721404230695
4k_mafulda_structured_v3\overhang\cage_fault\35g\48.7424.npz,C:\dev_work\personal\Ai-Driven-Vibrations-motor\data\raw_mafulda\overhang\cage_fault\35g\48.7424.csv,3,Bearing,2850.133487264593
4k_mafulda_structured_v3\overhang\cage_fault\35g\49.7664.npz,C:\dev_work\personal\Ai-Driven-Vibrations-motor\data\raw_mafulda\overhang\cage_fault\35g\49.7664.csv,3,Bearing,2912.597989264308
4k_mafulda_structured_v3\overhang\cage_fault\35g\50.3808.npz,C:\dev_work\personal\Ai-Driven-Vibrations-motor\data\raw_mafulda\overhang\cage_fault\35g\50.3808.csv,3,Bearing,2947.9476669099895
4k_mafulda_structured_v3\overhang\cage_fault\35g\51.2.npz,C:\dev_work\personal\Ai-Driven-Vibrations-motor\data\raw_mafulda\overhang\cage_fault\35g\51.2.csv,3,Bearing,2996.5322389009493
4k_mafulda_structured_v3\overhang\cage_fault\35g\52.8384.npz,C:\dev_work\personal\Ai-Driven-Vibrations-motor\data\raw_mafulda\overhang\cage_fault\35g\52.8384.csv,3,Bearing,3104.7803187414006
4k_mafulda_structured_v3\overhang\cage_fault\35g\54.0672.npz,C:\dev_work\personal\Ai-Driven-Vibrations-motor\data\raw_mafulda\overhang\cage_fault\35g\54.0672.csv,3,Bearing,3168.318422024832
4k_mafulda_structured_v3\overhang\cage_fault\6g\13.1072.npz,C:\dev_work\personal\Ai-Driven-Vibrations-motor\data\raw_mafulda\overhang\cage_fault\6g\13.1072.csv,3,Bearing,766.9913321732245
4k_mafulda_structured_v3\overhang\cage_fault\6g\14.5408.npz,C:\dev_work\personal\Ai-Driven-Vibrations-motor\data\raw_mafulda\overhang\cage_fault\6g\14.5408.csv,3,Bearing,846.9005456459229
4k_mafulda_structured_v3\overhang\cage_fault\6g\14.9504.npz,C:\dev_work\personal\Ai-Driven-Vibrations-motor\data\raw_mafulda\overhang\cage_fault\6g\14.9504.csv,3,Bearing,872.2832012793488
4k_mafulda_structured_v3\overhang\cage_fault\6g\16.1792.npz,C:\dev_work\personal\Ai-Driven-Vibrations-motor\data\raw_mafulda\overhang\cage_fault\6g\16.1792.csv,3,Bearing,945.2375983599514
4k_mafulda_structured_v3\overhang\cage_fault\6g\17.408.npz,C:\dev_work\personal\Ai-Driven-Vibrations-motor\data\raw_mafulda\overhang\cage_fault\6g\17.408.csv,3,Bearing,1025.4348044636574
4k_mafulda_structured_v3\overhang\cage_fault\6g\18.6368.npz,C:\dev_work\personal\Ai-Driven-Vibrations-motor\data\raw_mafulda\overhang\cage_fault\6g\18.6368.csv,3,Bearing,1086.5453491834814
4k_mafulda_structured_v3\overhang\cage_fault\6g\19.0464.npz,C:\dev_work\personal\Ai-Driven-Vibrations-motor\data\raw_mafulda\overhang\cage_fault\6g\19.0464.csv,3,Bearing,1113.648651920237
4k_mafulda_structured_v3\overhang\cage_fault\6g\20.48.npz,C:\dev_work\personal\Ai-Driven-Vibrations-motor\data\raw_mafulda\overhang\cage_fault\6g\20.48.csv,3,Bearing,1202.5752115641576
4k_mafulda_structured_v3\overhang\cage_fault\6g\21.504.npz,C:\dev_work\personal\Ai-Driven-Vibrations-motor\data\raw_mafulda\overhang\cage_fault\6g\21.504.csv,3,Bearing,1255.0887412103561
4k_mafulda_structured_v3\overhang\cage_fault\6g\22.3232.npz,C:\dev_work\personal\Ai-Driven-Vibrations-motor\data\raw_mafulda\overhang\cage_fault\6g\22.3232.csv,3,Bearing,1308.504064843646
4k_mafulda_structured_v3\overhang\cage_fault\6g\23.3472.npz,C:\dev_work\personal\Ai-Driven-Vibrations-motor\data\raw_mafulda\overhang\cage_fault\6g\23.3472.csv,3,Bearing,1362.6906651633808
4k_mafulda_structured_v3\overhang\cage_fault\6g\24.576.npz,C:\dev_work\personal\Ai-Driven-Vibrations-motor\data\raw_mafulda\overhang\cage_fault\6g\24.576.csv,3,Bearing,1436.7006591920672
4k_mafulda_structured_v3\overhang\cage_fault\6g\26.2144.npz,C:\dev_work\personal\Ai-Driven-Vibrations-motor\data\raw_mafulda\overhang\cage_fault\6g\26.2144.csv,3,Bearing,1527.7154038621927
4k_mafulda_structured_v3\overhang\cage_fault\6g\26.624.npz,C:\dev_work\personal\Ai-Driven-Vibrations-motor\data\raw_mafulda\overhang\cage_fault\6g\26.624.csv,3,Bearing,1562.1152736123615
4k_mafulda_structured_v3\overhang\cage_fault\6g\27.2384.npz,C:\dev_work\personal\Ai-Driven-Vibrations-motor\data\raw_mafulda\overhang\cage_fault\6g\27.2384.csv,3,Bearing,1598.682298226916
4k_mafulda_structured_v3\overhang\cage_fault\6g\28.4672.npz,C:\dev_work\personal\Ai-Driven-Vibrations-motor\data\raw_mafulda\overhang\cage_fault\6g\28.4672.csv,3,Bearing,1667.3781887600987
4k_mafulda_structured_v3\overhang\cage_fault\6g\29.2864.npz,C:\dev_work\personal\Ai-Driven-Vibrations-motor\data\raw_mafulda\overhang\cage_fault\6g\29.2864.csv,3,Bearing,1714.3271064894925
4k_mafulda_structured_v3\overhang\cage_fault\6g\30.5152.npz,C:\dev_work\personal\Ai-Driven-Vibrations-motor\data\raw_mafulda\overhang\cage_fault\6g\30.5152.csv,3,Bearing,1782.5240379790032
4k_mafulda_structured_v3\overhang\cage_fault\6g\30.9248.npz,C:\dev_work\personal\Ai-Driven-Vibrations-motor\data\raw_mafulda\overhang\cage_fault\6g\30.9248.csv,3,Bearing,1816.9639454991036
4k_mafulda_structured_v3\overhang\cage_fault\6g\32.3584.npz,C:\dev_work\personal\Ai-Driven-Vibrations-motor\data\raw_mafulda\overhang\cage_fault\6g\32.3584.csv,3,Bearing,1893.1933468925101
4k_mafulda_structured_v3\overhang\cage_fault\6g\33.3824.npz,C:\dev_work\personal\Ai-Driven-Vibrations-motor\data\raw_mafulda\overhang\cage_fault\6g\33.3824.csv,3,Bearing,1955.0814013830388
4k_mafulda_structured_v3\overhang\cage_fault\6g\33.9968.npz,C:\dev_work\personal\Ai-Driven-Vibrations-motor\data\raw_mafulda\overhang\cage_fault\6g\33.9968.csv,3,Bearing,1988.2073198162013
4k_mafulda_structured_v3\overhang\cage_fault\6g\35.4304.npz,C:\dev_work\personal\Ai-Driven-Vibrations-motor\data\raw_mafulda\overhang\cage_fault\6g\35.4304.csv,3,Bearing,2071.1412951858006
4k_mafulda_structured_v3\overhang\cage_fault\6g\36.6592.npz,C:\dev_work\personal\Ai-Driven-Vibrations-motor\data\raw_mafulda\overhang\cage_fault\6g\36.6592.csv,3,Bearing,2148.7550097378034
4k_mafulda_structured_v3\overhang\cage_fault\6g\37.4784.npz,C:\dev_work\personal\Ai-Driven-Vibrations-motor\data\raw_mafulda\overhang\cage_fault\6g\37.4784.csv,3,Bearing,2197.9605808381075
4k_mafulda_structured_v3\overhang\cage_fault\6g\38.7072.npz,C:\dev_work\personal\Ai-Driven-Vibrations-motor\data\raw_mafulda\overhang\cage_fault\6g\38.7072.csv,3,Bearing,2262.2437928683166
4k_mafulda_structured_v3\overhang\cage_fault\6g\39.7312.npz,C:\dev_work\personal\Ai-Driven-Vibrations-motor\data\raw_mafulda\overhang\cage_fault\6g\39.7312.csv,3,Bearing,2323.285824345146
4k_mafulda_structured_v3\overhang\cage_fault\6g\40.5504.npz,C:\dev_work\personal\Ai-Driven-Vibrations-motor\data\raw_mafulda\overhang\cage_fault\6g\40.5504.csv,3,Bearing,2374.237713018536
4k_mafulda_structured_v3\overhang\cage_fault\6g\41.7792.npz,C:\dev_work\personal\Ai-Driven-Vibrations-motor\data\raw_mafulda\overhang\cage_fault\6g\41.7792.csv,3,Bearing,2446.588836484304
4k_mafulda_structured_v3\overhang\cage_fault\6g\42.1888.npz,C:\dev_work\personal\Ai-Driven-Vibrations-motor\data\raw_mafulda\overhang\cage_fault\6g\42.1888.csv,3,Bearing,2476.1500274459995
4k_mafulda_structured_v3\overhang\cage_fault\6g\43.6224.npz,C:\dev_work\personal\Ai-Driven-Vibrations-motor\data\raw_mafulda\overhang\cage_fault\6g\43.6224.csv,3,Bearing,2552.0488961279816
4k_mafulda_structured_v3\overhang\cage_fault\6g\44.6464.npz,C:\dev_work\personal\Ai-Driven-Vibrations-motor\data\raw_mafulda\overhang\cage_fault\6g\44.6464.csv,3,Bearing,2611.6573794365077
4k_mafulda_structured_v3\overhang\cage_fault\6g\45.2608.npz,C:\dev_work\personal\Ai-Driven-Vibrations-motor\data\raw_mafulda\overhang\cage_fault\6g\45.2608.csv,3,Bearing,2651.102818604315
4k_mafulda_structured_v3\overhang\cage_fault\6g\45.8752.npz,C:\dev_work\personal\Ai-Driven-Vibrations-motor\data\raw_mafulda\overhang\cage_fault\6g\45.8752.csv,3,Bearing,2693.7322622540764
4k_mafulda_structured_v3\overhang\cage_fault\6g\47.104.npz,C:\dev_work\personal\Ai-Driven-Vibrations-motor\data\raw_mafulda\overhang\cage_fault\6g\47.104.csv,3,Bearing,2761.0764581055882
4k_mafulda_structured_v3\overhang\cage_fault\6g\48.3328.npz,C:\dev_work\personal\Ai-Driven-Vibrations-motor\data\raw_mafulda\overhang\cage_fault\6g\48.3328.csv,3,Bearing,2833.977175429217
4k_mafulda_structured_v3\overhang\cage_fault\6g\49.5616.npz,C:\dev_work\personal\Ai-Driven-Vibrations-motor\data\raw_mafulda\overhang\cage_fault\6g\49.5616.csv,3,Bearing,2903.68442613075
4k_mafulda_structured_v3\overhang\cage_fault\6g\50.176.npz,C:\dev_work\personal\Ai-Driven-Vibrations-motor\data\raw_mafulda\overhang\cage_fault\6g\50.176.csv,3,Bearing,2939.770842453182
4k_mafulda_structured_v3\overhang\cage_fault\6g\50.9952.npz,C:\dev_work\personal\Ai-Driven-Vibrations-motor\data\raw_mafulda\overhang\cage_fault\6g\50.9952.csv,3,Bearing,2991.8654902133558
4k_mafulda_structured_v3\overhang\cage_fault\6g\52.4288.npz,C:\dev_work\personal\Ai-Driven-Vibrations-motor\data\raw_mafulda\overhang\cage_fault\6g\52.4288.csv,3,Bearing,3068.67822201185
4k_mafulda_structured_v3\overhang\cage_fault\6g\53.0432.npz,C:\dev_work\personal\Ai-Driven-Vibrations-motor\data\raw_mafulda\overhang\cage_fault\6g\53.0432.csv,3,Bearing,3112.270952539878
4k_mafulda_structured_v3\overhang\cage_fault\6g\54.4768.npz,C:\dev_work\personal\Ai-Driven-Vibrations-motor\data\raw_mafulda\overhang\cage_fault\6g\54.4768.csv,3,Bearing,3186.840601636877
4k_mafulda_structured_v3\overhang\cage_fault\6g\55.296.npz,C:\dev_work\personal\Ai-Driven-Vibrations-motor\data\raw_mafulda\overhang\cage_fault\6g\55.296.csv,3,Bearing,3238.1489387409883
4k_mafulda_structured_v3\overhang\cage_fault\6g\56.5248.npz,C:\dev_work\personal\Ai-Driven-Vibrations-motor\data\raw_mafulda\overhang\cage_fault\6g\56.5248.csv,3,Bearing,3308.6725863193233
4k_mafulda_structured_v3\overhang\cage_fault\6g\57.5488.npz,C:\dev_work\personal\Ai-Driven-Vibrations-motor\data\raw_mafulda\overhang\cage_fault\6g\57.5488.csv,3,Bearing,3376.76224779807
4k_mafulda_structured_v3\overhang\cage_fault\6g\58.1632.npz,C:\dev_work\personal\Ai-Driven-Vibrations-motor\data\raw_mafulda\overhang\cage_fault\6g\58.1632.csv,3,Bearing,3408.6666051045686
4k_mafulda_structured_v3\overhang\cage_fault\6g\59.392.npz,C:\dev_work\personal\Ai-Driven-Vibrations-motor\data\raw_mafulda\overhang\cage_fault\6g\59.392.csv,3,Bearing,3480.9072039121056
4k_mafulda_structured_v3\overhang\cage_fault\6g\60.6208.npz,C:\dev_work\personal\Ai-Driven-Vibrations-motor\data\raw_mafulda\overhang\cage_fault\6g\60.6208.csv,3,Bearing,3548.810223148543
4k_mafulda_structured_v3\overhang\cage_fault\6g\61.44.npz,C:\dev_work\personal\Ai-Driven-Vibrations-motor\data\raw_mafulda\overhang\cage_fault\6g\61.44.csv,3,Bearing,3598.5509513894744
4k_mafulda_structured_v3\overhang\outer_race\0g\13.1072.npz,C:\dev_work\personal\Ai-Driven-Vibrations-motor\data\raw_mafulda\overhang\outer_race\0g\13.1072.csv,3,Bearing,770.5448037149229
4k_mafulda_structured_v3\overhang\outer_race\0g\14.336.npz,C:\dev_work\personal\Ai-Driven-Vibrations-motor\data\raw_mafulda\overhang\outer_race\0g\14.336.csv,3,Bearing,841.9151739958027
4k_mafulda_structured_v3\overhang\outer_race\0g\15.36.npz,C:\dev_work\personal\Ai-Driven-Vibrations-motor\data\raw_mafulda\overhang\outer_race\0g\15.36.csv,3,Bearing,903.4747149171002
4k_mafulda_structured_v3\overhang\outer_race\0g\16.7936.npz,C:\dev_work\personal\Ai-Driven-Vibrations-motor\data\raw_mafulda\overhang\outer_race\0g\16.7936.csv,3,Bearing,981.4018295268675
4k_mafulda_structured_v3\overhang\outer_race\0g\17.8176.npz,C:\dev_work\personal\Ai-Driven-Vibrations-motor\data\raw_mafulda\overhang\outer_race\0g\17.8176.csv,3,Bearing,1042.5295484392361
4k_mafulda_structured_v3\overhang\outer_race\0g\18.6368.npz,C:\dev_work\personal\Ai-Driven-Vibrations-motor\data\raw_mafulda\overhang\outer_race\0g\18.6368.csv,3,Bearing,1095.459119088578
4k_mafulda_structured_v3\overhang\outer_race\0g\19.6608.npz,C:\dev_work\personal\Ai-Driven-Vibrations-motor\data\raw_mafulda\overhang\outer_race\0g\19.6608.csv,3,Bearing,1146.9412886790858
4k_mafulda_structured_v3\overhang\outer_race\0g\20.48.npz,C:\dev_work\personal\Ai-Driven-Vibrations-motor\data\raw_mafulda\overhang\outer_race\0g\20.48.csv,3,Bearing,1203.632782580151
4k_mafulda_structured_v3\overhang\outer_race\0g\21.504.npz,C:\dev_work\personal\Ai-Driven-Vibrations-motor\data\raw_mafulda\overhang\outer_race\0g\21.504.csv,3,Bearing,1256.0285343918326
4k_mafulda_structured_v3\overhang\outer_race\0g\22.1184.npz,C:\dev_work\personal\Ai-Driven-Vibrations-motor\data\raw_mafulda\overhang\outer_race\0g\22.1184.csv,3,Bearing,1293.2927722015258
4k_mafulda_structured_v3\overhang\outer_race\0g\23.552.npz,C:\dev_work\personal\Ai-Driven-Vibrations-motor\data\raw_mafulda\overhang\outer_race\0g\23.552.csv,3,Bearing,1382.9468899869792
4k_mafulda_structured_v3\overhang\outer_race\0g\24.7808.npz,C:\dev_work\personal\Ai-Driven-Vibrations-motor\data\raw_mafulda\overhang\outer_race\0g\24.7808.csv,3,Bearing,1451.454881928177
4k_mafulda_structured_v3\overhang\outer_race\0g\25.6.npz,C:\dev_work\personal\Ai-Driven-Vibrations-motor\data\raw_mafulda\overhang\outer_race\0g\25.6.csv,3,Bearing,1505.9204533954053
4k_mafulda_structured_v3\overhang\outer_race\0g\26.624.npz,C:\dev_work\personal\Ai-Driven-Vibrations-motor\data\raw_mafulda\overhang\outer_race\0g\26.624.csv,3,Bearing,1560.0498248471192
4k_mafulda_structured_v3\overhang\outer_race\0g\27.648.npz,C:\dev_work\personal\Ai-Driven-Vibrations-motor\data\raw_mafulda\overhang\outer_race\0g\27.648.csv,3,Bearing,1615.0642180296215
4k_mafulda_structured_v3\overhang\outer_race\0g\28.4672.npz,C:\dev_work\personal\Ai-Driven-Vibrations-motor\data\raw_mafulda\overhang\outer_race\0g\28.4672.csv,3,Bearing,1667.8908688047593
4k_mafulda_structured_v3\overhang\outer_race\0g\29.696.npz,C:\dev_work\personal\Ai-Driven-Vibrations-motor\data\raw_mafulda\overhang\outer_race\0g\29.696.csv,3,Bearing,1738.3746197305518
4k_mafulda_structured_v3\overhang\outer_race\0g\30.1056.npz,C:\dev_work\personal\Ai-Driven-Vibrations-motor\data\raw_mafulda\overhang\outer_race\0g\30.1056.csv,3,Bearing,1769.3150223270704
4k_mafulda_structured_v3\overhang\outer_race\0g\31.744.npz,C:\dev_work\personal\Ai-Driven-Vibrations-motor\data\raw_mafulda\overhang\outer_race\0g\31.744.csv,3,Bearing,1862.707941909316
4k_mafulda_structured_v3\overhang\outer_race\0g\32.3584.npz,C:\dev_work\personal\Ai-Driven-Vibrations-motor\data\raw_mafulda\overhang\outer_race\0g\32.3584.csv,3,Bearing,1900.3582841096156
4k_mafulda_structured_v3\overhang\outer_race\0g\33.1776.npz,C:\dev_work\personal\Ai-Driven-Vibrations-motor\data\raw_mafulda\overhang\outer_race\0g\33.1776.csv,3,Bearing,1948.287685046993
4k_mafulda_structured_v3\overhang\outer_race\0g\34.4064.npz,C:\dev_work\personal\Ai-Driven-Vibrations-motor\data\raw_mafulda\overhang\outer_race\0g\34.4064.csv,3,Bearing,2012.9212670555903
4k_mafulda_structured_v3\overhang\outer_race\0g\35.4304.npz,C:\dev_work\personal\Ai-Driven-Vibrations-motor\data\raw_mafulda\overhang\outer_race\0g\35.4304.csv,3,Bearing,2077.6459787886843
4k_mafulda_structured_v3\overhang\outer_race\0g\36.0448.npz,C:\dev_work\personal\Ai-Driven-Vibrations-motor\data\raw_mafulda\overhang\outer_race\0g\36.0448.csv,3,Bearing,2111.7242932762697
4k_mafulda_structured_v3\overhang\outer_race\0g\37.2736.npz,C:\dev_work\personal\Ai-Driven-Vibrations-motor\data\raw_mafulda\overhang\outer_race\0g\37.2736.csv,3,Bearing,2181.8094151304267
4k_mafulda_structured_v3\overhang\outer_race\0g\38.0928.npz,C:\dev_work\personal\Ai-Driven-Vibrations-motor\data\raw_mafulda\overhang\outer_race\0g\38.0928.csv,3,Bearing,2228.146102149459
4k_mafulda_structured_v3\overhang\outer_race\0g\39.1168.npz,C:\dev_work\personal\Ai-Driven-Vibrations-motor\data\raw_mafulda\overhang\outer_race\0g\39.1168.csv,3,Bearing,2293.227335269836
4k_mafulda_structured_v3\overhang\outer_race\0g\40.5504.npz,C:\dev_work\personal\Ai-Driven-Vibrations-motor\data\raw_mafulda\overhang\outer_race\0g\40.5504.csv,3,Bearing,2371.369344808395
4k_mafulda_structured_v3\overhang\outer_race\0g\41.3696.npz,C:\dev_work\personal\Ai-Driven-Vibrations-motor\data\raw_mafulda\overhang\outer_race\0g\41.3696.csv,3,Bearing,2419.354838709677
4k_mafulda_structured_v3\overhang\outer_race\0g\42.1888.npz,C:\dev_work\personal\Ai-Driven-Vibrations-motor\data\raw_mafulda\overhang\outer_race\0g\42.1888.csv,3,Bearing,2475.7158441788474
4k_mafulda_structured_v3\overhang\outer_race\0g\43.008.npz,C:\dev_work\personal\Ai-Driven-Vibrations-motor\data\raw_mafulda\overhang\outer_race\0g\43.008.csv,3,Bearing,2524.513830729344
4k_mafulda_structured_v3\overhang\outer_race\0g\44.2368.npz,C:\dev_work\personal\Ai-Driven-Vibrations-motor\data\raw_mafulda\overhang\outer_race\0g\44.2368.csv,3,Bearing,2590.205409312692
4k_mafulda_structured_v3\overhang\outer_race\0g\45.4656.npz,C:\dev_work\personal\Ai-Driven-Vibrations-motor\data\raw_mafulda\overhang\outer_race\0g\45.4656.csv,3,Bearing,2659.1137093427556
4k_mafulda_structured_v3\overhang\outer_race\0g\46.2848.npz,C:\dev_work\personal\Ai-Driven-Vibrations-motor\data\raw_mafulda\overhang\outer_race\0g\46.2848.csv,3,Bearing,2716.4508262034883
4k_mafulda_structured_v3\overhang\outer_race\0g\47.104.npz,C:\dev_work\personal\Ai-Driven-Vibrations-motor\data\raw_mafulda\overhang\outer_race\0g\47.104.csv,3,Bearing,2763.7756313034806
4k_mafulda_structured_v3\overhang\outer_race\0g\48.5376.npz,C:\dev_work\personal\Ai-Driven-Vibrations-motor\data\raw_mafulda\overhang\outer_race\0g\48.5376.csv,3,Bearing,2845.9680109979786
4k_mafulda_structured_v3\overhang\outer_race\0g\49.3568.npz,C:\dev_work\personal\Ai-Driven-Vibrations-motor\data\raw_mafulda\overhang\outer_race\0g\49.3568.csv,3,Bearing,2897.1045049975055
4k_mafulda_structured_v3\overhang\outer_race\0g\50.176.npz,C:\dev_work\personal\Ai-Driven-Vibrations-motor\data\raw_mafulda\overhang\outer_race\0g\50.176.csv,3,Bearing,2942.607101652604
4k_mafulda_structured_v3\overhang\outer_race\0g\51.6096.npz,C:\dev_work\personal\Ai-Driven-Vibrations-motor\data\raw_mafulda\overhang\outer_race\0g\51.6096.csv,3,Bearing,3025.65174065383
4k_mafulda_structured_v3\overhang\outer_race\0g\52.4288.npz,C:\dev_work\personal\Ai-Driven-Vibrations-motor\data\raw_mafulda\overhang\outer_race\0g\52.4288.csv,3,Bearing,3067.0911146570875
4k_mafulda_structured_v3\overhang\outer_race\0g\53.248.npz,C:\dev_work\personal\Ai-Driven-Vibrations-motor\data\raw_mafulda\overhang\outer_race\0g\53.248.csv,3,Bearing,3124.3591444804997
4k_mafulda_structured_v3\overhang\outer_race\0g\54.6816.npz,C:\dev_work\personal\Ai-Driven-Vibrations-motor\data\raw_mafulda\overhang\outer_race\0g\54.6816.csv,3,Bearing,3209.1860446481514
4k_mafulda_structured_v3\overhang\outer_race\0g\55.5008.npz,C:\dev_work\personal\Ai-Driven-Vibrations-motor\data\raw_mafulda\overhang\outer_race\0g\55.5008.csv,3,Bearing,3250.2186875536686
4k_mafulda_structured_v3\overhang\outer_race\0g\56.5248.npz,C:\dev_work\personal\Ai-Driven-Vibrations-motor\data\raw_mafulda\overhang\outer_race\0g\56.5248.csv,3,Bearing,3309.112135424005
4k_mafulda_structured_v3\overhang\outer_race\0g\57.7536.npz,C:\dev_work\personal\Ai-Driven-Vibrations-motor\data\raw_mafulda\overhang\outer_race\0g\57.7536.csv,3,Bearing,3380.5673718905828
4k_mafulda_structured_v3\overhang\outer_race\0g\58.7776.npz,C:\dev_work\personal\Ai-Driven-Vibrations-motor\data\raw_mafulda\overhang\outer_race\0g\58.7776.csv,3,Bearing,3441.6503876870743
4k_mafulda_structured_v3\overhang\outer_race\0g\59.5968.npz,C:\dev_work\personal\Ai-Driven-Vibrations-motor\data\raw_mafulda\overhang\outer_race\0g\59.5968.csv,3,Bearing,3493.6812557977037
4k_mafulda_structured_v3\overhang\outer_race\0g\60.6208.npz,C:\dev_work\personal\Ai-Driven-Vibrations-motor\data\raw_mafulda\overhang\outer_race\0g\60.6208.csv,3,Bearing,3549.881469377241
4k_mafulda_structured_v3\overhang\outer_race\0g\61.6448.npz,C:\dev_work\personal\Ai-Driven-Vibrations-motor\data\raw_mafulda\overhang\outer_race\0g\61.6448.csv,3,Bearing,3613.3152467498167
4k_mafulda_structured_v3\overhang\outer_race\20g\13.5168.npz,C:\dev_work\personal\Ai-Driven-Vibrations-motor\data\raw_mafulda\overhang\outer_race\20g\13.5168.csv,3,Bearing,790.9017902771807
4k_mafulda_structured_v3\overhang\outer_race\20g\14.1312.npz,C:\dev_work\personal\Ai-Driven-Vibrations-motor\data\raw_mafulda\overhang\outer_race\20g\14.1312.csv,3,Bearing,826.697465199684
4k_mafulda_structured_v3\overhang\outer_race\20g\15.7696.npz,C:\dev_work\personal\Ai-Driven-Vibrations-motor\data\raw_mafulda\overhang\outer_race\20g\15.7696.csv,3,Bearing,922.9311970984339
4k_mafulda_structured_v3\overhang\outer_race\20g\16.7936.npz,C:\dev_work\personal\Ai-Driven-Vibrations-motor\data\raw_mafulda\overhang\outer_race\20g\16.7936.csv,3,Bearing,983.0295920224924
4k_mafulda_structured_v3\overhang\outer_race\20g\17.2032.npz,C:\dev_work\personal\Ai-Driven-Vibrations-motor\data\raw_mafulda\overhang\outer_race\20g\17.2032.csv,3,Bearing,1010.1374508459901
4k_mafulda_structured_v3\overhang\outer_race\20g\18.2272.npz,C:\dev_work\personal\Ai-Driven-Vibrations-motor\data\raw_mafulda\overhang\outer_race\20g\18.2272.csv,3,Bearing,1066.356453880083
4k_mafulda_structured_v3\overhang\outer_race\20g\19.456.npz,C:\dev_work\personal\Ai-Driven-Vibrations-motor\data\raw_mafulda\overhang\outer_race\20g\19.456.csv,3,Bearing,1138.7084139245464
4k_mafulda_structured_v3\overhang\outer_race\20g\20.2752.npz,C:\dev_work\personal\Ai-Driven-Vibrations-motor\data\raw_mafulda\overhang\outer_race\20g\20.2752.csv,3,Bearing,1184.1946268175775
4k_mafulda_structured_v3\overhang\outer_race\20g\21.2992.npz,C:\dev_work\personal\Ai-Driven-Vibrations-motor\data\raw_mafulda\overhang\outer_race\20g\21.2992.csv,3,Bearing,1243.5839602053134
4k_mafulda_structured_v3\overhang\outer_race\20g\22.9376.npz,C:\dev_work\personal\Ai-Driven-Vibrations-motor\data\raw_mafulda\overhang\outer_race\20g\22.9376.csv,3,Bearing,1342.5524623541032
4k_mafulda_structured_v3\overhang\outer_race\20g\23.552.npz,C:\dev_work\personal\Ai-Driven-Vibrations-motor\data\raw_mafulda\overhang\outer_race\20g\23.552.csv,3,Bearing,1375.9308655087925
4k_mafulda_structured_v3\overhang\outer_race\20g\24.576.npz,C:\dev_work\personal\Ai-Driven-Vibrations-motor\data\raw_mafulda\overhang\outer_race\20g\24.576.csv,3,Bearing,1439.2143582797155
4k_mafulda_structured_v3\overhang\outer_race\20g\25.3952.npz,C:\dev_work\personal\Ai-Driven-Vibrations-motor\data\raw_mafulda\overhang\outer_race\20g\25.3952.csv,3,Bearing,1490.8325819056206
4k_mafulda_structured_v3\overhang\outer_race\20g\26.624.npz,C:\dev_work\personal\Ai-Driven-Vibrations-motor\data\raw_mafulda\overhang\outer_race\20g\26.624.csv,3,Bearing,1564.3758867828426
4k_mafulda_structured_v3\overhang\outer_race\20g\27.648.npz,C:\dev_work\personal\Ai-Driven-Vibrations-motor\data\raw_mafulda\overhang\outer_race\20g\27.648.csv,3,Bearing,1615.3649955668554
4k_mafulda_structured_v3\overhang\outer_race\20g\27.8528.npz,C:\dev_work\personal\Ai-Driven-Vibrations-motor\data\raw_mafulda\overhang\outer_race\20g\27.8528.csv,3,Bearing,1634.0261924786735
4k_mafulda_structured_v3\overhang\outer_race\20g\29.4912.npz,C:\dev_work\personal\Ai-Driven-Vibrations-motor\data\raw_mafulda\overhang\outer_race\20g\29.4912.csv,3,Bearing,1728.0270683960362
4k_mafulda_structured_v3\overhang\outer_race\20g\30.5152.npz,C:\dev_work\personal\Ai-Driven-Vibrations-motor\data\raw_mafulda\overhang\outer_race\20g\30.5152.csv,3,Bearing,1790.8280563062156
4k_mafulda_structured_v3\overhang\outer_race\20g\31.1296.npz,C:\dev_work\personal\Ai-Driven-Vibrations-motor\data\raw_mafulda\overhang\outer_race\20g\31.1296.csv,3,Bearing,1822.7469158156491
4k_mafulda_structured_v3\overhang\outer_race\20g\31.9488.npz,C:\dev_work\personal\Ai-Driven-Vibrations-motor\data\raw_mafulda\overhang\outer_race\20g\31.9488.csv,3,Bearing,1876.3240189649955
4k_mafulda_structured_v3\overhang\outer_race\20g\32.9728.npz,C:\dev_work\personal\Ai-Driven-Vibrations-motor\data\raw_mafulda\overhang\outer_race\20g\32.9728.csv,3,Bearing,1937.8600889088605
4k_mafulda_structured_v3\overhang\outer_race\20g\34.4064.npz,C:\dev_work\personal\Ai-Driven-Vibrations-motor\data\raw_mafulda\overhang\outer_race\20g\34.4064.csv,3,Bearing,2017.4523724192918
4k_mafulda_structured_v3\overhang\outer_race\20g\35.2256.npz,C:\dev_work\personal\Ai-Driven-Vibrations-motor\data\raw_mafulda\overhang\outer_race\20g\35.2256.csv,3,Bearing,2065.08437459745
4k_mafulda_structured_v3\overhang\outer_race\20g\36.864.npz,C:\dev_work\personal\Ai-Driven-Vibrations-motor\data\raw_mafulda\overhang\outer_race\20g\36.864.csv,3,Bearing,2158.1953146664846
4k_mafulda_structured_v3\overhang\outer_race\20g\37.4784.npz,C:\dev_work\personal\Ai-Driven-Vibrations-motor\data\raw_mafulda\overhang\outer_race\20g\37.4784.csv,3,Bearing,2191.415750901049
4k_mafulda_structured_v3\overhang\outer_race\20g\38.2976.npz,C:\dev_work\personal\Ai-Driven-Vibrations-motor\data\raw_mafulda\overhang\outer_race\20g\38.2976.csv,3,Bearing,2246.7928843505642
4k_mafulda_structured_v3\overhang\outer_race\20g\39.7312.npz,C:\dev_work\personal\Ai-Driven-Vibrations-motor\data\raw_mafulda\overhang\outer_race\20g\39.7312.csv,3,Bearing,2324.7130244155096
4k_mafulda_structured_v3\overhang\outer_race\20g\40.5504.npz,C:\dev_work\personal\Ai-Driven-Vibrations-motor\data\raw_mafulda\overhang\outer_race\20g\40.5504.csv,3,Bearing,2380.3035888887107
4k_mafulda_structured_v3\overhang\outer_race\20g\41.984.npz,C:\dev_work\personal\Ai-Driven-Vibrations-motor\data\raw_mafulda\overhang\outer_race\20g\41.984.csv,3,Bearing,2455.366098294885
4k_mafulda_structured_v3\overhang\outer_race\20g\42.3936.npz,C:\dev_work\personal\Ai-Driven-Vibrations-motor\data\raw_mafulda\overhang\outer_race\20g\42.3936.csv,3,Bearing,2482.38630429718
4k_mafulda_structured_v3\overhang\outer_race\20g\43.6224.npz,C:\dev_work\personal\Ai-Driven-Vibrations-motor\data\raw_mafulda\overhang\outer_race\20g\43.6224.csv,3,Bearing,2559.932055637459
4k_mafulda_structured_v3\overhang\outer_race\20g\44.6464.npz,C:\dev_work\personal\Ai-Driven-Vibrations-motor\data\raw_mafulda\overhang\outer_race\20g\44.6464.csv,3,Bearing,2621.775638831276
4k_mafulda_structured_v3\overhang\outer_race\20g\45.4656.npz,C:\dev_work\personal\Ai-Driven-Vibrations-motor\data\raw_mafulda\overhang\outer_race\20g\45.4656.csv,3,Bearing,2665.49808228871
4k_mafulda_structured_v3\overhang\outer_race\20g\46.2848.npz,C:\dev_work\personal\Ai-Driven-Vibrations-motor\data\raw_mafulda\overhang\outer_race\20g\46.2848.csv,3,Bearing,2715.445453740878
4k_mafulda_structured_v3\overhang\outer_race\20g\47.7184.npz,C:\dev_work\personal\Ai-Driven-Vibrations-motor\data\raw_mafulda\overhang\outer_race\20g\47.7184.csv,3,Bearing,2799.61062886656
4k_mafulda_structured_v3\overhang\outer_race\20g\48.128.npz,C:\dev_work\personal\Ai-Driven-Vibrations-motor\data\raw_mafulda\overhang\outer_race\20g\48.128.csv,3,Bearing,2825.518212920105
4k_mafulda_structured_v3\overhang\outer_race\20g\49.3568.npz,C:\dev_work\personal\Ai-Driven-Vibrations-motor\data\raw_mafulda\overhang\outer_race\20g\49.3568.csv,3,Bearing,2886.264280366157
4k_mafulda_structured_v3\overhang\outer_race\20g\50.3808.npz,C:\dev_work\personal\Ai-Driven-Vibrations-motor\data\raw_mafulda\overhang\outer_race\20g\50.3808.csv,3,Bearing,2957.583918438011
4k_mafulda_structured_v3\overhang\outer_race\20g\51.2.npz,C:\dev_work\personal\Ai-Driven-Vibrations-motor\data\raw_mafulda\overhang\outer_race\20g\51.2.csv,3,Bearing,2999.238096773803
4k_mafulda_structured_v3\overhang\outer_race\20g\52.4288.npz,C:\dev_work\personal\Ai-Driven-Vibrations-motor\data\raw_mafulda\overhang\outer_race\20g\52.4288.csv,3,Bearing,3069.511134027263
4k_mafulda_structured_v3\overhang\outer_race\20g\53.4528.npz,C:\dev_work\personal\Ai-Driven-Vibrations-motor\data\raw_mafulda\overhang\outer_race\20g\53.4528.csv,3,Bearing,3130.8578149020805
4k_mafulda_structured_v3\overhang\outer_race\20g\54.6816.npz,C:\dev_work\personal\Ai-Driven-Vibrations-motor\data\raw_mafulda\overhang\outer_race\20g\54.6816.csv,3,Bearing,3198.1532468469336
4k_mafulda_structured_v3\overhang\outer_race\20g\55.296.npz,C:\dev_work\personal\Ai-Driven-Vibrations-motor\data\raw_mafulda\overhang\outer_race\20g\55.296.csv,3,Bearing,3236.310846253178
4k_mafulda_structured_v3\overhang\outer_race\20g\56.7296.npz,C:\dev_work\personal\Ai-Driven-Vibrations-motor\data\raw_mafulda\overhang\outer_race\20g\56.7296.csv,3,Bearing,3327.5596690123016
4k_mafulda_structured_v3\overhang\outer_race\20g\57.344.npz,C:\dev_work\personal\Ai-Driven-Vibrations-motor\data\raw_mafulda\overhang\outer_race\20g\57.344.csv,3,Bearing,3357.744755033598
4k_mafulda_structured_v3\overhang\outer_race\20g\58.1632.npz,C:\dev_work\personal\Ai-Driven-Vibrations-motor\data\raw_mafulda\overhang\outer_race\20g\58.1632.csv,3,Bearing,3405.6994319822857
4k_mafulda_structured_v3\overhang\outer_race\20g\59.1872.npz,C:\dev_work\personal\Ai-Driven-Vibrations-motor\data\raw_mafulda\overhang\outer_race\20g\59.1872.csv,3,Bearing,3465.6344638093906
4k_mafulda_structured_v3\overhang\outer_race\20g\60.416.npz,C:\dev_work\personal\Ai-Driven-Vibrations-motor\data\raw_mafulda\overhang\outer_race\20g\60.416.csv,3,Bearing,3535.8573750181017
4k_mafulda_structured_v3\overhang\outer_race\20g\61.44.npz,C:\dev_work\personal\Ai-Driven-Vibrations-motor\data\raw_mafulda\overhang\outer_race\20g\61.44.csv,3,Bearing,3605.581440069227
4k_mafulda_structured_v3\overhang\outer_race\35g\13.7216.npz,C:\dev_work\personal\Ai-Driven-Vibrations-motor\data\raw_mafulda\overhang\outer_race\35g\13.7216.csv,3,Bearing,802.3600732660107
4k_mafulda_structured_v3\overhang\outer_race\35g\14.7456.npz,C:\dev_work\personal\Ai-Driven-Vibrations-motor\data\raw_mafulda\overhang\outer_race\35g\14.7456.csv,3,Bearing,865.6214186437785
4k_mafulda_structured_v3\overhang\outer_race\35g\15.7696.npz,C:\dev_work\personal\Ai-Driven-Vibrations-motor\data\raw_mafulda\overhang\outer_race\35g\15.7696.csv,3,Bearing,924.0758228530435
4k_mafulda_structured_v3\overhang\outer_race\35g\16.7936.npz,C:\dev_work\personal\Ai-Driven-Vibrations-motor\data\raw_mafulda\overhang\outer_race\35g\16.7936.csv,3,Bearing,979.4950964782515
4k_mafulda_structured_v3\overhang\outer_race\35g\17.408.npz,C:\dev_work\personal\Ai-Driven-Vibrations-motor\data\raw_mafulda\overhang\outer_race\35g\17.408.csv,3,Bearing,1015.4437162793163
4k_mafulda_structured_v3\overhang\outer_race\35g\18.432.npz,C:\dev_work\personal\Ai-Driven-Vibrations-motor\data\raw_mafulda\overhang\outer_race\35g\18.432.csv,3,Bearing,1081.7862844085018
4k_mafulda_structured_v3\overhang\outer_race\35g\19.2512.npz,C:\dev_work\personal\Ai-Driven-Vibrations-motor\data\raw_mafulda\overhang\outer_race\35g\19.2512.csv,3,Bearing,1124.9773190056653
4k_mafulda_structured_v3\overhang\outer_race\35g\20.2752.npz,C:\dev_work\personal\Ai-Driven-Vibrations-motor\data\raw_mafulda\overhang\outer_race\35g\20.2752.csv,3,Bearing,1188.3733432499182
4k_mafulda_structured_v3\overhang\outer_race\35g\21.504.npz,C:\dev_work\personal\Ai-Driven-Vibrations-motor\data\raw_mafulda\overhang\outer_race\35g\21.504.csv,3,Bearing,1264.1559125625492
4k_mafulda_structured_v3\overhang\outer_race\35g\22.528.npz,C:\dev_work\personal\Ai-Driven-Vibrations-motor\data\raw_mafulda\overhang\outer_race\35g\22.528.csv,3,Bearing,1316.1743199766013
4k_mafulda_structured_v3\overhang\outer_race\35g\23.7568.npz,C:\dev_work\personal\Ai-Driven-Vibrations-motor\data\raw_mafulda\overhang\outer_race\35g\23.7568.csv,3,Bearing,1392.78577339981
4k_mafulda_structured_v3\overhang\outer_race\35g\24.1664.npz,C:\dev_work\personal\Ai-Driven-Vibrations-motor\data\raw_mafulda\overhang\outer_race\35g\24.1664.csv,3,Bearing,1416.6821385038868
4k_mafulda_structured_v3\overhang\outer_race\35g\24.9856.npz,C:\dev_work\personal\Ai-Driven-Vibrations-motor\data\raw_mafulda\overhang\outer_race\35g\24.9856.csv,3,Bearing,1461.3703064046665
4k_mafulda_structured_v3\overhang\outer_race\35g\26.8288.npz,C:\dev_work\personal\Ai-Driven-Vibrations-motor\data\raw_mafulda\overhang\outer_race\35g\26.8288.csv,3,Bearing,1569.852393622374
4k_mafulda_structured_v3\overhang\outer_race\35g\27.8528.npz,C:\dev_work\personal\Ai-Driven-Vibrations-motor\data\raw_mafulda\overhang\outer_race\35g\27.8528.csv,3,Bearing,1630.2772678968217
4k_mafulda_structured_v3\overhang\outer_race\35g\28.672.npz,C:\dev_work\personal\Ai-Driven-Vibrations-motor\data\raw_mafulda\overhang\outer_race\35g\28.672.csv,3,Bearing,1679.3118445851253
4k_mafulda_structured_v3\overhang\outer_race\35g\29.4912.npz,C:\dev_work\personal\Ai-Driven-Vibrations-motor\data\raw_mafulda\overhang\outer_race\35g\29.4912.csv,3,Bearing,1725.087762331965
4k_mafulda_structured_v3\overhang\outer_race\35g\29.9008.npz,C:\dev_work\personal\Ai-Driven-Vibrations-motor\data\raw_mafulda\overhang\outer_race\35g\29.9008.csv,3,Bearing,1757.617345034731
4k_mafulda_structured_v3\overhang\outer_race\35g\31.1296.npz,C:\dev_work\personal\Ai-Driven-Vibrations-motor\data\raw_mafulda\overhang\outer_race\35g\31.1296.csv,3,Bearing,1822.8202610697099
4k_mafulda_structured_v3\overhang\outer_race\35g\32.3584.npz,C:\dev_work\personal\Ai-Driven-Vibrations-motor\data\raw_mafulda\overhang\outer_race\35g\32.3584.csv,3,Bearing,1890.8600402259397
4k_mafulda_structured_v3\overhang\outer_race\35g\32.9728.npz,C:\dev_work\personal\Ai-Driven-Vibrations-motor\data\raw_mafulda\overhang\outer_race\35g\32.9728.csv,3,Bearing,1934.9767198113398
4k_mafulda_structured_v3\overhang\outer_race\35g\34.4064.npz,C:\dev_work\personal\Ai-Driven-Vibrations-motor\data\raw_mafulda\overhang\outer_race\35g\34.4064.csv,3,Bearing,2016.932571649416
4k_mafulda_structured_v3\overhang\outer_race\35g\35.2256.npz,C:\dev_work\personal\Ai-Driven-Vibrations-motor\data\raw_mafulda\overhang\outer_race\35g\35.2256.csv,3,Bearing,2068.194298036418
4k_mafulda_structured_v3\overhang\outer_race\35g\36.2496.npz,C:\dev_work\personal\Ai-Driven-Vibrations-motor\data\raw_mafulda\overhang\outer_race\35g\36.2496.csv,3,Bearing,2118.397560633112
4k_mafulda_structured_v3\overhang\outer_race\35g\37.6832.npz,C:\dev_work\personal\Ai-Driven-Vibrations-motor\data\raw_mafulda\overhang\outer_race\35g\37.6832.csv,3,Bearing,2204.4031849409953
4k_mafulda_structured_v3\overhang\outer_race\35g\38.7072.npz,C:\dev_work\personal\Ai-Driven-Vibrations-motor\data\raw_mafulda\overhang\outer_race\35g\38.7072.csv,3,Bearing,2262.4706661050604
4k_mafulda_structured_v3\overhang\outer_race\35g\39.3216.npz,C:\dev_work\personal\Ai-Driven-Vibrations-motor\data\raw_mafulda\overhang\outer_race\35g\39.3216.csv,3,Bearing,2303.221294145075
4k_mafulda_structured_v3\overhang\outer_race\35g\40.1408.npz,C:\dev_work\personal\Ai-Driven-Vibrations-motor\data\raw_mafulda\overhang\outer_race\35g\40.1408.csv,3,Bearing,2349.455225115757
4k_mafulda_structured_v3\overhang\outer_race\35g\41.3696.npz,C:\dev_work\personal\Ai-Driven-Vibrations-motor\data\raw_mafulda\overhang\outer_race\35g\41.3696.csv,3,Bearing,2446.760308110557
4k_mafulda_structured_v3\overhang\outer_race\35g\42.5984.npz,C:\dev_work\personal\Ai-Driven-Vibrations-motor\data\raw_mafulda\overhang\outer_race\35g\42.5984.csv,3,Bearing,2495.6095757463722
4k_mafulda_structured_v3\overhang\outer_race\35g\43.2128.npz,C:\dev_work\personal\Ai-Driven-Vibrations-motor\data\raw_mafulda\overhang\outer_race\35g\43.2128.csv,3,Bearing,2533.3456649630252
4k_mafulda_structured_v3\overhang\outer_race\35g\44.6464.npz,C:\dev_work\personal\Ai-Driven-Vibrations-motor\data\raw_mafulda\overhang\outer_race\35g\44.6464.csv,3,Bearing,2615.3821430867138
4k_mafulda_structured_v3\overhang\outer_race\35g\45.4656.npz,C:\dev_work\personal\Ai-Driven-Vibrations-motor\data\raw_mafulda\overhang\outer_race\35g\45.4656.csv,3,Bearing,2666.7200544555444
4k_mafulda_structured_v3\overhang\outer_race\35g\46.08.npz,C:\dev_work\personal\Ai-Driven-Vibrations-motor\data\raw_mafulda\overhang\outer_race\35g\46.08.csv,3,Bearing,2698.1666920958173
4k_mafulda_structured_v3\overhang\outer_race\35g\47.104.npz,C:\dev_work\personal\Ai-Driven-Vibrations-motor\data\raw_mafulda\overhang\outer_race\35g\47.104.csv,3,Bearing,2763.4976950739747
4k_mafulda_structured_v3\overhang\outer_race\35g\48.9472.npz,C:\dev_work\personal\Ai-Driven-Vibrations-motor\data\raw_mafulda\overhang\outer_race\35g\48.9472.csv,3,Bearing,2864.775350844323
4k_mafulda_structured_v3\overhang\outer_race\35g\49.5616.npz,C:\dev_work\personal\Ai-Driven-Vibrations-motor\data\raw_mafulda\overhang\outer_race\35g\49.5616.csv,3,Bearing,2907.6985926097996
4k_mafulda_structured_v3\overhang\outer_race\35g\50.5856.npz,C:\dev_work\personal\Ai-Driven-Vibrations-motor\data\raw_mafulda\overhang\outer_race\35g\50.5856.csv,3,Bearing,2964.8951553127113
4k_mafulda_structured_v3\overhang\outer_race\35g\51.4048.npz,C:\dev_work\personal\Ai-Driven-Vibrations-motor\data\raw_mafulda\overhang\outer_race\35g\51.4048.csv,3,Bearing,3027.795946478617
4k_mafulda_structured_v3\overhang\outer_race\35g\52.4288.npz,C:\dev_work\personal\Ai-Driven-Vibrations-motor\data\raw_mafulda\overhang\outer_race\35g\52.4288.csv,3,Bearing,3076.505055197409
4k_mafulda_structured_v3\overhang\outer_race\35g\53.4528.npz,C:\dev_work\personal\Ai-Driven-Vibrations-motor\data\raw_mafulda\overhang\outer_race\35g\53.4528.csv,3,Bearing,3133.7760796461243
4k_mafulda_structured_v3\overhang\outer_race\6g\12.9024.npz,C:\dev_work\personal\Ai-Driven-Vibrations-motor\data\raw_mafulda\overhang\outer_race\6g\12.9024.csv,3,Bearing,758.4499891941265
4k_mafulda_structured_v3\overhang\outer_race\6g\13.9264.npz,C:\dev_work\personal\Ai-Driven-Vibrations-motor\data\raw_mafulda\overhang\outer_race\6g\13.9264.csv,3,Bearing,818.8573477169767
4k_mafulda_structured_v3\overhang\outer_race\6g\15.5648.npz,C:\dev_work\personal\Ai-Driven-Vibrations-motor\data\raw_mafulda\overhang\outer_race\6g\15.5648.csv,3,Bearing,917.7193247217272
4k_mafulda_structured_v3\overhang\outer_race\6g\16.5888.npz,C:\dev_work\personal\Ai-Driven-Vibrations-motor\data\raw_mafulda\overhang\outer_race\6g\16.5888.csv,3,Bearing,975.3956448584456
4k_mafulda_structured_v3\overhang\outer_race\6g\17.6128.npz,C:\dev_work\personal\Ai-Driven-Vibrations-motor\data\raw_mafulda\overhang\outer_race\6g\17.6128.csv,3,Bearing,1030.0597598162244
4k_mafulda_structured_v3\overhang\outer_race\6g\18.2272.npz,C:\dev_work\personal\Ai-Driven-Vibrations-motor\data\raw_mafulda\overhang\outer_race\6g\18.2272.csv,3,Bearing,1070.607366914177
4k_mafulda_structured_v3\overhang\outer_race\6g\19.2512.npz,C:\dev_work\personal\Ai-Driven-Vibrations-motor\data\raw_mafulda\overhang\outer_race\6g\19.2512.csv,3,Bearing,1131.2308927398492
4k_mafulda_structured_v3\overhang\outer_race\6g\20.2752.npz,C:\dev_work\personal\Ai-Driven-Vibrations-motor\data\raw_mafulda\overhang\outer_race\6g\20.2752.csv,3,Bearing,1191.8226373332361
4k_mafulda_structured_v3\overhang\outer_race\6g\21.2992.npz,C:\dev_work\personal\Ai-Driven-Vibrations-motor\data\raw_mafulda\overhang\outer_race\6g\21.2992.csv,3,Bearing,1249.5804402243584
4k_mafulda_structured_v3\overhang\outer_race\6g\22.528.npz,C:\dev_work\personal\Ai-Driven-Vibrations-motor\data\raw_mafulda\overhang\outer_race\6g\22.528.csv,3,Bearing,1315.826536237541
4k_mafulda_structured_v3\overhang\outer_race\6g\23.7568.npz,C:\dev_work\personal\Ai-Driven-Vibrations-motor\data\raw_mafulda\overhang\outer_race\6g\23.7568.csv,3,Bearing,1392.0551980148082
4k_mafulda_structured_v3\overhang\outer_race\6g\24.1664.npz,C:\dev_work\personal\Ai-Driven-Vibrations-motor\data\raw_mafulda\overhang\outer_race\6g\24.1664.csv,3,Bearing,1416.19628238389
4k_mafulda_structured_v3\overhang\outer_race\6g\25.8048.npz,C:\dev_work\personal\Ai-Driven-Vibrations-motor\data\raw_mafulda\overhang\outer_race\6g\25.8048.csv,3,Bearing,1514.9329101139806
4k_mafulda_structured_v3\overhang\outer_race\6g\26.624.npz,C:\dev_work\personal\Ai-Driven-Vibrations-motor\data\raw_mafulda\overhang\outer_race\6g\26.624.csv,3,Bearing,1563.1374228024188
4k_mafulda_structured_v3\overhang\outer_race\6g\27.4432.npz,C:\dev_work\personal\Ai-Driven-Vibrations-motor\data\raw_mafulda\overhang\outer_race\6g\27.4432.csv,3,Bearing,1604.5361322234285
4k_mafulda_structured_v3\overhang\outer_race\6g\28.2624.npz,C:\dev_work\personal\Ai-Driven-Vibrations-motor\data\raw_mafulda\overhang\outer_race\6g\28.2624.csv,3,Bearing,1660.090462900587
4k_mafulda_structured_v3\overhang\outer_race\6g\29.4912.npz,C:\dev_work\personal\Ai-Driven-Vibrations-motor\data\raw_mafulda\overhang\outer_race\6g\29.4912.csv,3,Bearing,1730.417841455003
4k_mafulda_structured_v3\overhang\outer_race\6g\30.72.npz,C:\dev_work\personal\Ai-Driven-Vibrations-motor\data\raw_mafulda\overhang\outer_race\6g\30.72.csv,3,Bearing,1794.19355615585
4k_mafulda_structured_v3\overhang\outer_race\6g\31.744.npz,C:\dev_work\personal\Ai-Driven-Vibrations-motor\data\raw_mafulda\overhang\outer_race\6g\31.744.csv,3,Bearing,1857.1819073499382
4k_mafulda_structured_v3\overhang\outer_race\6g\32.3584.npz,C:\dev_work\personal\Ai-Driven-Vibrations-motor\data\raw_mafulda\overhang\outer_race\6g\32.3584.csv,3,Bearing,1898.6353058044565
4k_mafulda_structured_v3\overhang\outer_race\6g\33.3824.npz,C:\dev_work\personal\Ai-Driven-Vibrations-motor\data\raw_mafulda\overhang\outer_race\6g\33.3824.csv,3,Bearing,1956.6162616551524
4k_mafulda_structured_v3\overhang\outer_race\6g\33.9968.npz,C:\dev_work\personal\Ai-Driven-Vibrations-motor\data\raw_mafulda\overhang\outer_race\6g\33.9968.csv,3,Bearing,1994.2549342701632
4k_mafulda_structured_v3\overhang\outer_race\6g\34.816.npz,C:\dev_work\personal\Ai-Driven-Vibrations-motor\data\raw_mafulda\overhang\outer_race\6g\34.816.csv,3,Bearing,2045.509561849431
4k_mafulda_structured_v3\overhang\outer_race\6g\36.4544.npz,C:\dev_work\personal\Ai-Driven-Vibrations-motor\data\raw_mafulda\overhang\outer_race\6g\36.4544.csv,3,Bearing,2139.601977620811
4k_mafulda_structured_v3\overhang\outer_race\6g\37.6832.npz,C:\dev_work\personal\Ai-Driven-Vibrations-motor\data\raw_mafulda\overhang\outer_race\6g\37.6832.csv,3,Bearing,2202.8641246122916
4k_mafulda_structured_v3\overhang\outer_race\6g\38.2976.npz,C:\dev_work\personal\Ai-Driven-Vibrations-motor\data\raw_mafulda\overhang\outer_race\6g\38.2976.csv,3,Bearing,2244.253624791361
4k_mafulda_structured_v3\overhang\outer_race\6g\39.5264.npz,C:\dev_work\personal\Ai-Driven-Vibrations-motor\data\raw_mafulda\overhang\outer_race\6g\39.5264.csv,3,Bearing,2311.313334220749
4k_mafulda_structured_v3\overhang\outer_race\6g\40.5504.npz,C:\dev_work\personal\Ai-Driven-Vibrations-motor\data\raw_mafulda\overhang\outer_race\6g\40.5504.csv,3,Bearing,2370.71386165621
4k_mafulda_structured_v3\overhang\outer_race\6g\41.1648.npz,C:\dev_work\personal\Ai-Driven-Vibrations-motor\data\raw_mafulda\overhang\outer_race\6g\41.1648.csv,3,Bearing,2406.362422244414
4k_mafulda_structured_v3\overhang\outer_race\6g\42.3936.npz,C:\dev_work\personal\Ai-Driven-Vibrations-motor\data\raw_mafulda\overhang\outer_race\6g\42.3936.csv,3,Bearing,2479.5576918447427
4k_mafulda_structured_v3\overhang\outer_race\6g\43.6224.npz,C:\dev_work\personal\Ai-Driven-Vibrations-motor\data\raw_mafulda\overhang\outer_race\6g\43.6224.csv,3,Bearing,2550.537305133712
4k_mafulda_structured_v3\overhang\outer_race\6g\44.032.npz,C:\dev_work\personal\Ai-Driven-Vibrations-motor\data\raw_mafulda\overhang\outer_race\6g\44.032.csv,3,Bearing,2579.971065745057
4k_mafulda_structured_v3\overhang\outer_race\6g\45.2608.npz,C:\dev_work\personal\Ai-Driven-Vibrations-motor\data\raw_mafulda\overhang\outer_race\6g\45.2608.csv,3,Bearing,2651.294514632334
4k_mafulda_structured_v3\overhang\outer_race\6g\46.6944.npz,C:\dev_work\personal\Ai-Driven-Vibrations-motor\data\raw_mafulda\overhang\outer_race\6g\46.6944.csv,3,Bearing,2736.269432133687
4k_mafulda_structured_v3\overhang\outer_race\6g\47.7184.npz,C:\dev_work\personal\Ai-Driven-Vibrations-motor\data\raw_mafulda\overhang\outer_race\6g\47.7184.csv,3,Bearing,2799.8638120606433
4k_mafulda_structured_v3\overhang\outer_race\6g\48.7424.npz,C:\dev_work\personal\Ai-Driven-Vibrations-motor\data\raw_mafulda\overhang\outer_race\6g\48.7424.csv,3,Bearing,2856.890288983896
4k_mafulda_structured_v3\overhang\outer_race\6g\49.5616.npz,C:\dev_work\personal\Ai-Driven-Vibrations-motor\data\raw_mafulda\overhang\outer_race\6g\49.5616.csv,3,Bearing,2904.349293194664
4k_mafulda_structured_v3\overhang\outer_race\6g\50.9952.npz,C:\dev_work\personal\Ai-Driven-Vibrations-motor\data\raw_mafulda\overhang\outer_race\6g\50.9952.csv,3,Bearing,2986.908188705151
4k_mafulda_structured_v3\overhang\outer_race\6g\51.2.npz,C:\dev_work\personal\Ai-Driven-Vibrations-motor\data\raw_mafulda\overhang\outer_race\6g\51.2.csv,3,Bearing,3005.9515426124817
4k_mafulda_structured_v3\overhang\outer_race\6g\52.6336.npz,C:\dev_work\personal\Ai-Driven-Vibrations-motor\data\raw_mafulda\overhang\outer_race\6g\52.6336.csv,3,Bearing,3086.5686038099834
4k_mafulda_structured_v3\overhang\outer_race\6g\53.4528.npz,C:\dev_work\personal\Ai-Driven-Vibrations-motor\data\raw_mafulda\overhang\outer_race\6g\53.4528.csv,3,Bearing,3134.4561115866377
4k_mafulda_structured_v3\overhang\outer_race\6g\54.272.npz,C:\dev_work\personal\Ai-Driven-Vibrations-motor\data\raw_mafulda\overhang\outer_race\6g\54.272.csv,3,Bearing,3176.500314842519
4k_mafulda_structured_v3\overhang\outer_race\6g\55.0912.npz,C:\dev_work\personal\Ai-Driven-Vibrations-motor\data\raw_mafulda\overhang\outer_race\6g\55.0912.csv,3,Bearing,3226.79038705431
4k_mafulda_structured_v3\overhang\outer_race\6g\56.5248.npz,C:\dev_work\personal\Ai-Driven-Vibrations-motor\data\raw_mafulda\overhang\outer_race\6g\56.5248.csv,3,Bearing,3311.4443516794036
4k_mafulda_structured_v3\overhang\outer_race\6g\57.5488.npz,C:\dev_work\personal\Ai-Driven-Vibrations-motor\data\raw_mafulda\overhang\outer_race\6g\57.5488.csv,3,Bearing,3377.6855616005405
4k_mafulda_structured_v3\overhang\outer_race\6g\58.1632.npz,C:\dev_work\personal\Ai-Driven-Vibrations-motor\data\raw_mafulda\overhang\outer_race\6g\58.1632.csv,3,Bearing,3407.763599947017
4k_mafulda_structured_v3\overhang\outer_race\6g\59.1872.npz,C:\dev_work\personal\Ai-Driven-Vibrations-motor\data\raw_mafulda\overhang\outer_race\6g\59.1872.csv,3,Bearing,3463.134056155681
4k_mafulda_structured_v3\overhang\outer_race\6g\60.8256.npz,C:\dev_work\personal\Ai-Driven-Vibrations-motor\data\raw_mafulda\overhang\outer_race\6g\60.8256.csv,3,Bearing,3560.37399964717
4k_mafulda_structured_v3\overhang\outer_race\6g\61.8496.npz,C:\dev_work\personal\Ai-Driven-Vibrations-motor\data\raw_mafulda\overhang\outer_race\6g\61.8496.csv,3,Bearing,3625.486810936685
4k_mafulda_structured_v3\underhang\ball_fault\0g\13.1072.npz,C:\dev_work\personal\Ai-Driven-Vibrations-motor\data\raw_mafulda\underhang\ball_fault\0g\13.1072.csv,3,Bearing,768.7332983539346
4k_mafulda_structured_v3\underhang\ball_fault\0g\13.9264.npz,C:\dev_work\personal\Ai-Driven-Vibrations-motor\data\raw_mafulda\underhang\ball_fault\0g\13.9264.csv,3,Bearing,812.8864749440887
4k_mafulda_structured_v3\underhang\ball_fault\0g\15.1552.npz,C:\dev_work\personal\Ai-Driven-Vibrations-motor\data\raw_mafulda\underhang\ball_fault\0g\15.1552.csv,3,Bearing,886.736606835565
4k_mafulda_structured_v3\underhang\ball_fault\0g\16.1792.npz,C:\dev_work\personal\Ai-Driven-Vibrations-motor\data\raw_mafulda\underhang\ball_fault\0g\16.1792.csv,3,Bearing,946.2675684200608
4k_mafulda_structured_v3\underhang\ball_fault\0g\16.9984.npz,C:\dev_work\personal\Ai-Driven-Vibrations-motor\data\raw_mafulda\underhang\ball_fault\0g\16.9984.csv,3,Bearing,994.8277047383725
4k_mafulda_structured_v3\underhang\ball_fault\0g\18.6368.npz,C:\dev_work\personal\Ai-Driven-Vibrations-motor\data\raw_mafulda\underhang\ball_fault\0g\18.6368.csv,3,Bearing,1094.7173804629438
4k_mafulda_structured_v3\underhang\ball_fault\0g\19.456.npz,C:\dev_work\personal\Ai-Driven-Vibrations-motor\data\raw_mafulda\underhang\ball_fault\0g\19.456.csv,3,Bearing,1138.9383640483202
4k_mafulda_structured_v3\underhang\ball_fault\0g\20.0704.npz,C:\dev_work\personal\Ai-Driven-Vibrations-motor\data\raw_mafulda\underhang\ball_fault\0g\20.0704.csv,3,Bearing,1173.86516282841
4k_mafulda_structured_v3\underhang\ball_fault\0g\20.8896.npz,C:\dev_work\personal\Ai-Driven-Vibrations-motor\data\raw_mafulda\underhang\ball_fault\0g\20.8896.csv,3,Bearing,1226.298642167675
4k_mafulda_structured_v3\underhang\ball_fault\0g\22.7328.npz,C:\dev_work\personal\Ai-Driven-Vibrations-motor\data\raw_mafulda\underhang\ball_fault\0g\22.7328.csv,3,Bearing,1330.511037193831
4k_mafulda_structured_v3\underhang\ball_fault\0g\23.552.npz,C:\dev_work\personal\Ai-Driven-Vibrations-motor\data\raw_mafulda\underhang\ball_fault\0g\23.552.csv,3,Bearing,1374.1887624599194
4k_mafulda_structured_v3\underhang\ball_fault\0g\23.9616.npz,C:\dev_work\personal\Ai-Driven-Vibrations-motor\data\raw_mafulda\underhang\ball_fault\0g\23.9616.csv,3,Bearing,1405.4700247168869
4k_mafulda_structured_v3\underhang\ball_fault\0g\24.1664.npz,C:\dev_work\personal\Ai-Driven-Vibrations-motor\data\raw_mafulda\underhang\ball_fault\0g\24.1664.csv,3,Bearing,1417.1626062871956
4k_mafulda_structured_v3\underhang\ball_fault\0g\25.1904.npz,C:\dev_work\personal\Ai-Driven-Vibrations-motor\data\raw_mafulda\underhang\ball_fault\0g\25.1904.csv,3,Bearing,1478.6378899957524
4k_mafulda_structured_v3\underhang\ball_fault\0g\26.624.npz,C:\dev_work\personal\Ai-Driven-Vibrations-motor\data\raw_mafulda\underhang\ball_fault\0g\26.624.csv,3,Bearing,1557.5320964301525
4k_mafulda_structured_v3\underhang\ball_fault\0g\27.0336.npz,C:\dev_work\personal\Ai-Driven-Vibrations-motor\data\raw_mafulda\underhang\ball_fault\0g\27.0336.csv,3,Bearing,1578.5922010315076
4k_mafulda_structured_v3\underhang\ball_fault\0g\28.2624.npz,C:\dev_work\personal\Ai-Driven-Vibrations-motor\data\raw_mafulda\underhang\ball_fault\0g\28.2624.csv,3,Bearing,1653.3380533251807
4k_mafulda_structured_v3\underhang\ball_fault\0g\29.4912.npz,C:\dev_work\personal\Ai-Driven-Vibrations-motor\data\raw_mafulda\underhang\ball_fault\0g\29.4912.csv,3,Bearing,1729.162384067522
4k_mafulda_structured_v3\underhang\ball_fault\0g\29.9008.npz,C:\dev_work\personal\Ai-Driven-Vibrations-motor\data\raw_mafulda\underhang\ball_fault\0g\29.9008.csv,3,Bearing,1755.1079694006003
4k_mafulda_structured_v3\underhang\ball_fault\0g\31.1296.npz,C:\dev_work\personal\Ai-Driven-Vibrations-motor\data\raw_mafulda\underhang\ball_fault\0g\31.1296.csv,3,Bearing,1827.2964427827803
4k_mafulda_structured_v3\underhang\ball_fault\0g\32.3584.npz,C:\dev_work\personal\Ai-Driven-Vibrations-motor\data\raw_mafulda\underhang\ball_fault\0g\32.3584.csv,3,Bearing,1894.929955986128
4k_mafulda_structured_v3\underhang\ball_fault\0g\33.5872.npz,C:\dev_work\personal\Ai-Driven-Vibrations-motor\data\raw_mafulda\underhang\ball_fault\0g\33.5872.csv,3,Bearing,1969.1380893320234
4k_mafulda_structured_v3\underhang\ball_fault\0g\34.816.npz,C:\dev_work\personal\Ai-Driven-Vibrations-motor\data\raw_mafulda\underhang\ball_fault\0g\34.816.csv,3,Bearing,2044.0169165581497
4k_mafulda_structured_v3\underhang\ball_fault\0g\35.84.npz,C:\dev_work\personal\Ai-Driven-Vibrations-motor\data\raw_mafulda\underhang\ball_fault\0g\35.84.csv,3,Bearing,2103.3569577044964
4k_mafulda_structured_v3\underhang\ball_fault\0g\36.6592.npz,C:\dev_work\personal\Ai-Driven-Vibrations-motor\data\raw_mafulda\underhang\ball_fault\0g\36.6592.csv,3,Bearing,2151.230713451235
4k_mafulda_structured_v3\underhang\ball_fault\0g\37.6832.npz,C:\dev_work\personal\Ai-Driven-Vibrations-motor\data\raw_mafulda\underhang\ball_fault\0g\37.6832.csv,3,Bearing,2213.7007512066484
4k_mafulda_structured_v3\underhang\ball_fault\0g\38.5024.npz,C:\dev_work\personal\Ai-Driven-Vibrations-motor\data\raw_mafulda\underhang\ball_fault\0g\38.5024.csv,3,Bearing,2260.475741969099
4k_mafulda_structured_v3\underhang\ball_fault\0g\39.3216.npz,C:\dev_work\personal\Ai-Driven-Vibrations-motor\data\raw_mafulda\underhang\ball_fault\0g\39.3216.csv,3,Bearing,2299.8932335776385
4k_mafulda_structured_v3\underhang\ball_fault\0g\40.3456.npz,C:\dev_work\personal\Ai-Driven-Vibrations-motor\data\raw_mafulda\underhang\ball_fault\0g\40.3456.csv,3,Bearing,2367.0892964031127
4k_mafulda_structured_v3\underhang\ball_fault\0g\41.3696.npz,C:\dev_work\personal\Ai-Driven-Vibrations-motor\data\raw_mafulda\underhang\ball_fault\0g\41.3696.csv,3,Bearing,2420.2866868617466
4k_mafulda_structured_v3\underhang\ball_fault\0g\42.1888.npz,C:\dev_work\personal\Ai-Driven-Vibrations-motor\data\raw_mafulda\underhang\ball_fault\0g\42.1888.csv,3,Bearing,2468.865591280177
4k_mafulda_structured_v3\underhang\ball_fault\0g\43.2128.npz,C:\dev_work\personal\Ai-Driven-Vibrations-motor\data\raw_mafulda\underhang\ball_fault\0g\43.2128.csv,3,Bearing,2536.640360766629
4k_mafulda_structured_v3\underhang\ball_fault\0g\44.032.npz,C:\dev_work\personal\Ai-Driven-Vibrations-motor\data\raw_mafulda\underhang\ball_fault\0g\44.032.csv,3,Bearing,2587.0646766169157
4k_mafulda_structured_v3\underhang\ball_fault\0g\45.6704.npz,C:\dev_work\personal\Ai-Driven-Vibrations-motor\data\raw_mafulda\underhang\ball_fault\0g\45.6704.csv,3,Bearing,28200.32253846489
4k_mafulda_structured_v3\underhang\ball_fault\0g\46.08.npz,C:\dev_work\personal\Ai-Driven-Vibrations-motor\data\raw_mafulda\underhang\ball_fault\0g\46.08.csv,3,Bearing,27205.095789166586
4k_mafulda_structured_v3\underhang\ball_fault\0g\47.3088.npz,C:\dev_work\personal\Ai-Driven-Vibrations-motor\data\raw_mafulda\underhang\ball_fault\0g\47.3088.csv,3,Bearing,27791.23792150044
4k_mafulda_structured_v3\underhang\ball_fault\0g\48.128.npz,C:\dev_work\personal\Ai-Driven-Vibrations-motor\data\raw_mafulda\underhang\ball_fault\0g\48.128.csv,3,Bearing,27905.55044464888
4k_mafulda_structured_v3\underhang\ball_fault\0g\49.5616.npz,C:\dev_work\personal\Ai-Driven-Vibrations-motor\data\raw_mafulda\underhang\ball_fault\0g\49.5616.csv,3,Bearing,9841.160220994476
4k_mafulda_structured_v3\underhang\ball_fault\0g\50.5856.npz,C:\dev_work\personal\Ai-Driven-Vibrations-motor\data\raw_mafulda\underhang\ball_fault\0g\50.5856.csv,3,Bearing,20496.470052379867
4k_mafulda_structured_v3\underhang\ball_fault\0g\51.2.npz,C:\dev_work\personal\Ai-Driven-Vibrations-motor\data\raw_mafulda\underhang\ball_fault\0g\51.2.csv,3,Bearing,12806.830309498398
4k_mafulda_structured_v3\underhang\ball_fault\0g\52.8384.npz,C:\dev_work\personal\Ai-Driven-Vibrations-motor\data\raw_mafulda\underhang\ball_fault\0g\52.8384.csv,3,Bearing,28532.98266002018
4k_mafulda_structured_v3\underhang\ball_fault\0g\53.0432.npz,C:\dev_work\personal\Ai-Driven-Vibrations-motor\data\raw_mafulda\underhang\ball_fault\0g\53.0432.csv,3,Bearing,29097.749871735363
4k_mafulda_structured_v3\underhang\ball_fault\0g\54.0672.npz,C:\dev_work\personal\Ai-Driven-Vibrations-motor\data\raw_mafulda\underhang\ball_fault\0g\54.0672.csv,3,Bearing,25597.08295350957
4k_mafulda_structured_v3\underhang\ball_fault\0g\55.0912.npz,C:\dev_work\personal\Ai-Driven-Vibrations-motor\data\raw_mafulda\underhang\ball_fault\0g\55.0912.csv,3,Bearing,30295.707472178063
4k_mafulda_structured_v3\underhang\ball_fault\0g\56.5248.npz,C:\dev_work\personal\Ai-Driven-Vibrations-motor\data\raw_mafulda\underhang\ball_fault\0g\56.5248.csv,3,Bearing,12149.373348111518
4k_mafulda_structured_v3\underhang\ball_fault\0g\57.344.npz,C:\dev_work\personal\Ai-Driven-Vibrations-motor\data\raw_mafulda\underhang\ball_fault\0g\57.344.csv,3,Bearing,5094.184858470881
4k_mafulda_structured_v3\underhang\ball_fault\0g\58.9824.npz,C:\dev_work\personal\Ai-Driven-Vibrations-motor\data\raw_mafulda\underhang\ball_fault\0g\58.9824.csv,3,Bearing,3449.941068622315
4k_mafulda_structured_v3\underhang\ball_fault\0g\59.8016.npz,C:\dev_work\personal\Ai-Driven-Vibrations-motor\data\raw_mafulda\underhang\ball_fault\0g\59.8016.csv,3,Bearing,3508.1506857775785
4k_mafulda_structured_v3\underhang\ball_fault\0g\60.2112.npz,C:\dev_work\personal\Ai-Driven-Vibrations-motor\data\raw_mafulda\underhang\ball_fault\0g\60.2112.csv,3,Bearing,3522.9548320106805
4k_mafulda_structured_v3\underhang\ball_fault\0g\61.2352.npz,C:\dev_work\personal\Ai-Driven-Vibrations-motor\data\raw_mafulda\underhang\ball_fault\0g\61.2352.csv,3,Bearing,3591.8022395943376
4k_mafulda_structured_v3\underhang\ball_fault\20g\13.1072.npz,C:\dev_work\personal\Ai-Driven-Vibrations-motor\data\raw_mafulda\underhang\ball_fault\20g\13.1072.csv,3,Bearing,772.5637671680837
4k_mafulda_structured_v3\underhang\ball_fault\20g\14.1312.npz,C:\dev_work\personal\Ai-Driven-Vibrations-motor\data\raw_mafulda\underhang\ball_fault\20g\14.1312.csv,3,Bearing,831.0249307479224
4k_mafulda_structured_v3\underhang\ball_fault\20g\15.36.npz,C:\dev_work\personal\Ai-Driven-Vibrations-motor\data\raw_mafulda\underhang\ball_fault\20g\15.36.csv,3,Bearing,902.7839906305661
4k_mafulda_structured_v3\underhang\ball_fault\20g\16.1792.npz,C:\dev_work\personal\Ai-Driven-Vibrations-motor\data\raw_mafulda\underhang\ball_fault\20g\16.1792.csv,3,Bearing,942.0227798235849
4k_mafulda_structured_v3\underhang\ball_fault\20g\17.2032.npz,C:\dev_work\personal\Ai-Driven-Vibrations-motor\data\raw_mafulda\underhang\ball_fault\20g\17.2032.csv,3,Bearing,1005.7236304170073
4k_mafulda_structured_v3\underhang\ball_fault\20g\18.432.npz,C:\dev_work\personal\Ai-Driven-Vibrations-motor\data\raw_mafulda\underhang\ball_fault\20g\18.432.csv,3,Bearing,1076.1919733007653
4k_mafulda_structured_v3\underhang\ball_fault\20g\19.6608.npz,C:\dev_work\personal\Ai-Driven-Vibrations-motor\data\raw_mafulda\underhang\ball_fault\20g\19.6608.csv,3,Bearing,1157.584186113813
4k_mafulda_structured_v3\underhang\ball_fault\20g\20.8896.npz,C:\dev_work\personal\Ai-Driven-Vibrations-motor\data\raw_mafulda\underhang\ball_fault\20g\20.8896.csv,3,Bearing,1218.818558543918
4k_mafulda_structured_v3\underhang\ball_fault\20g\21.7088.npz,C:\dev_work\personal\Ai-Driven-Vibrations-motor\data\raw_mafulda\underhang\ball_fault\20g\21.7088.csv,3,Bearing,1270.950509590633
4k_mafulda_structured_v3\underhang\ball_fault\20g\22.7328.npz,C:\dev_work\personal\Ai-Driven-Vibrations-motor\data\raw_mafulda\underhang\ball_fault\20g\22.7328.csv,3,Bearing,1331.708380077643
4k_mafulda_structured_v3\underhang\ball_fault\20g\23.1424.npz,C:\dev_work\personal\Ai-Driven-Vibrations-motor\data\raw_mafulda\underhang\ball_fault\20g\23.1424.csv,3,Bearing,1362.0940574592892
4k_mafulda_structured_v3\underhang\ball_fault\20g\23.9616.npz,C:\dev_work\personal\Ai-Driven-Vibrations-motor\data\raw_mafulda\underhang\ball_fault\20g\23.9616.csv,3,Bearing,1399.658933685125
4k_mafulda_structured_v3\underhang\ball_fault\20g\25.1904.npz,C:\dev_work\personal\Ai-Driven-Vibrations-motor\data\raw_mafulda\underhang\ball_fault\20g\25.1904.csv,3,Bearing,1480.2950883323626
4k_mafulda_structured_v3\underhang\ball_fault\20g\27.2384.npz,C:\dev_work\personal\Ai-Driven-Vibrations-motor\data\raw_mafulda\underhang\ball_fault\20g\27.2384.csv,3,Bearing,1591.7182051250895
4k_mafulda_structured_v3\underhang\ball_fault\20g\28.2624.npz,C:\dev_work\personal\Ai-Driven-Vibrations-motor\data\raw_mafulda\underhang\ball_fault\20g\28.2624.csv,3,Bearing,1653.983444068397
4k_mafulda_structured_v3\underhang\ball_fault\20g\28.4672.npz,C:\dev_work\personal\Ai-Driven-Vibrations-motor\data\raw_mafulda\underhang\ball_fault\20g\28.4672.csv,3,Bearing,1668.5609266558654
4k_mafulda_structured_v3\underhang\ball_fault\20g\29.2864.npz,C:\dev_work\personal\Ai-Driven-Vibrations-motor\data\raw_mafulda\underhang\ball_fault\20g\29.2864.csv,3,Bearing,1711.2969702812795
4k_mafulda_structured_v3\underhang\ball_fault\20g\29.9008.npz,C:\dev_work\personal\Ai-Driven-Vibrations-motor\data\raw_mafulda\underhang\ball_fault\20g\29.9008.csv,3,Bearing,1756.6938860635619
4k_mafulda_structured_v3\underhang\ball_fault\20g\31.5392.npz,C:\dev_work\personal\Ai-Driven-Vibrations-motor\data\raw_mafulda\underhang\ball_fault\20g\31.5392.csv,3,Bearing,1846.5697653367877
4k_mafulda_structured_v3\underhang\ball_fault\20g\32.1536.npz,C:\dev_work\personal\Ai-Driven-Vibrations-motor\data\raw_mafulda\underhang\ball_fault\20g\32.1536.csv,3,Bearing,1888.4870452194414
4k_mafulda_structured_v3\underhang\ball_fault\20g\33.5872.npz,C:\dev_work\personal\Ai-Driven-Vibrations-motor\data\raw_mafulda\underhang\ball_fault\20g\33.5872.csv,3,Bearing,1971.2012307988173
4k_mafulda_structured_v3\underhang\ball_fault\20g\34.4064.npz,C:\dev_work\personal\Ai-Driven-Vibrations-motor\data\raw_mafulda\underhang\ball_fault\20g\34.4064.csv,3,Bearing,2015.212643146467
4k_mafulda_structured_v3\underhang\ball_fault\20g\35.0208.npz,C:\dev_work\personal\Ai-Driven-Vibrations-motor\data\raw_mafulda\underhang\ball_fault\20g\35.0208.csv,3,Bearing,2049.4603087853534
4k_mafulda_structured_v3\underhang\ball_fault\20g\36.4544.npz,C:\dev_work\personal\Ai-Driven-Vibrations-motor\data\raw_mafulda\underhang\ball_fault\20g\36.4544.csv,3,Bearing,2135.5404606493494
4k_mafulda_structured_v3\underhang\ball_fault\20g\37.6832.npz,C:\dev_work\personal\Ai-Driven-Vibrations-motor\data\raw_mafulda\underhang\ball_fault\20g\37.6832.csv,3,Bearing,2209.5997502191585
4k_mafulda_structured_v3\underhang\ball_fault\20g\38.5024.npz,C:\dev_work\personal\Ai-Driven-Vibrations-motor\data\raw_mafulda\underhang\ball_fault\20g\38.5024.csv,3,Bearing,2265.842723857991
4k_mafulda_structured_v3\underhang\ball_fault\20g\39.5264.npz,C:\dev_work\personal\Ai-Driven-Vibrations-motor\data\raw_mafulda\underhang\ball_fault\20g\39.5264.csv,3,Bearing,2335.2678425874606
4k_mafulda_structured_v3\underhang\ball_fault\20g\40.1408.npz,C:\dev_work\personal\Ai-Driven-Vibrations-motor\data\raw_mafulda\underhang\ball_fault\20g\40.1408.csv,3,Bearing,2370.4017464403246
4k_mafulda_structured_v3\underhang\ball_fault\20g\41.1648.npz,C:\dev_work\personal\Ai-Driven-Vibrations-motor\data\raw_mafulda\underhang\ball_fault\20g\41.1648.csv,3,Bearing,2416.1472982517007
4k_mafulda_structured_v3\underhang\ball_fault\20g\42.5984.npz,C:\dev_work\personal\Ai-Driven-Vibrations-motor\data\raw_mafulda\underhang\ball_fault\20g\42.5984.csv,3,Bearing,2517.56643940448
4k_mafulda_structured_v3\underhang\ball_fault\20g\43.6224.npz,C:\dev_work\personal\Ai-Driven-Vibrations-motor\data\raw_mafulda\underhang\ball_fault\20g\43.6224.csv,3,Bearing,15272.377440173168
4k_mafulda_structured_v3\underhang\ball_fault\20g\44.4416.npz,C:\dev_work\personal\Ai-Driven-Vibrations-motor\data\raw_mafulda\underhang\ball_fault\20g\44.4416.csv,3,Bearing,26758.45840752989
4k_mafulda_structured_v3\underhang\ball_fault\20g\45.4656.npz,C:\dev_work\personal\Ai-Driven-Vibrations-motor\data\raw_mafulda\underhang\ball_fault\20g\45.4656.csv,3,Bearing,27838.053905893103
4k_mafulda_structured_v3\underhang\ball_fault\20g\46.6944.npz,C:\dev_work\personal\Ai-Driven-Vibrations-motor\data\raw_mafulda\underhang\ball_fault\20g\46.6944.csv,3,Bearing,28412.774473602614
4k_mafulda_structured_v3\underhang\ball_fault\20g\47.7184.npz,C:\dev_work\personal\Ai-Driven-Vibrations-motor\data\raw_mafulda\underhang\ball_fault\20g\47.7184.csv,3,Bearing,55749.31029097913
4k_mafulda_structured_v3\underhang\ball_fault\20g\48.3328.npz,C:\dev_work\personal\Ai-Driven-Vibrations-motor\data\raw_mafulda\underhang\ball_fault\20g\48.3328.csv,3,Bearing,28197.793216183083
4k_mafulda_structured_v3\underhang\ball_fault\20g\49.3568.npz,C:\dev_work\personal\Ai-Driven-Vibrations-motor\data\raw_mafulda\underhang\ball_fault\20g\49.3568.csv,3,Bearing,28040.466241477898
4k_mafulda_structured_v3\underhang\ball_fault\20g\50.5856.npz,C:\dev_work\personal\Ai-Driven-Vibrations-motor\data\raw_mafulda\underhang\ball_fault\20g\50.5856.csv,3,Bearing,28907.92291220557
4k_mafulda_structured_v3\underhang\ball_fault\20g\52.0192.npz,C:\dev_work\personal\Ai-Driven-Vibrations-motor\data\raw_mafulda\underhang\ball_fault\20g\52.0192.csv,3,Bearing,29611.294462779613
4k_mafulda_structured_v3\underhang\ball_fault\20g\52.6336.npz,C:\dev_work\personal\Ai-Driven-Vibrations-motor\data\raw_mafulda\underhang\ball_fault\20g\52.6336.csv,3,Bearing,29741.832052628666
4k_mafulda_structured_v3\underhang\ball_fault\20g\53.0432.npz,C:\dev_work\personal\Ai-Driven-Vibrations-motor\data\raw_mafulda\underhang\ball_fault\20g\53.0432.csv,3,Bearing,29992.790194664743
4k_mafulda_structured_v3\underhang\ball_fault\20g\54.4768.npz,C:\dev_work\personal\Ai-Driven-Vibrations-motor\data\raw_mafulda\underhang\ball_fault\20g\54.4768.csv,3,Bearing,31045.514032281517
4k_mafulda_structured_v3\underhang\ball_fault\20g\55.0912.npz,C:\dev_work\personal\Ai-Driven-Vibrations-motor\data\raw_mafulda\underhang\ball_fault\20g\55.0912.csv,3,Bearing,31425.68250758342
4k_mafulda_structured_v3\underhang\ball_fault\20g\56.1152.npz,C:\dev_work\personal\Ai-Driven-Vibrations-motor\data\raw_mafulda\underhang\ball_fault\20g\56.1152.csv,3,Bearing,30921.895006402046
4k_mafulda_structured_v3\underhang\ball_fault\20g\57.344.npz,C:\dev_work\personal\Ai-Driven-Vibrations-motor\data\raw_mafulda\underhang\ball_fault\20g\57.344.csv,3,Bearing,30747.786159396524
4k_mafulda_structured_v3\underhang\ball_fault\20g\58.7776.npz,C:\dev_work\personal\Ai-Driven-Vibrations-motor\data\raw_mafulda\underhang\ball_fault\20g\58.7776.csv,3,Bearing,3654.9260718059786
4k_mafulda_structured_v3\underhang\ball_fault\20g\59.8016.npz,C:\dev_work\personal\Ai-Driven-Vibrations-motor\data\raw_mafulda\underhang\ball_fault\20g\59.8016.csv,3,Bearing,37128.71287128713
4k_mafulda_structured_v3\underhang\ball_fault\20g\60.8256.npz,C:\dev_work\personal\Ai-Driven-Vibrations-motor\data\raw_mafulda\underhang\ball_fault\20g\60.8256.csv,3,Bearing,38216.56050955414
4k_mafulda_structured_v3\underhang\ball_fault\20g\61.8496.npz,C:\dev_work\personal\Ai-Driven-Vibrations-motor\data\raw_mafulda\underhang\ball_fault\20g\61.8496.csv,3,Bearing,3736.7011921856183
4k_mafulda_structured_v3\underhang\ball_fault\35g\13.7216.npz,C:\dev_work\personal\Ai-Driven-Vibrations-motor\data\raw_mafulda\underhang\ball_fault\35g\13.7216.csv,3,Bearing,802.1715350646193
4k_mafulda_structured_v3\underhang\ball_fault\35g\14.7456.npz,C:\dev_work\personal\Ai-Driven-Vibrations-motor\data\raw_mafulda\underhang\ball_fault\35g\14.7456.csv,3,Bearing,861.9259391148465
4k_mafulda_structured_v3\underhang\ball_fault\35g\15.36.npz,C:\dev_work\personal\Ai-Driven-Vibrations-motor\data\raw_mafulda\underhang\ball_fault\35g\15.36.csv,3,Bearing,905.4793738324619
4k_mafulda_structured_v3\underhang\ball_fault\35g\16.1792.npz,C:\dev_work\personal\Ai-Driven-Vibrations-motor\data\raw_mafulda\underhang\ball_fault\35g\16.1792.csv,3,Bearing,947.2917172698566
4k_mafulda_structured_v3\underhang\ball_fault\35g\17.408.npz,C:\dev_work\personal\Ai-Driven-Vibrations-motor\data\raw_mafulda\underhang\ball_fault\35g\17.408.csv,3,Bearing,1020.5321346130481
4k_mafulda_structured_v3\underhang\ball_fault\35g\18.6368.npz,C:\dev_work\personal\Ai-Driven-Vibrations-motor\data\raw_mafulda\underhang\ball_fault\35g\18.6368.csv,3,Bearing,1094.2426624950353
4k_mafulda_structured_v3\underhang\ball_fault\35g\19.456.npz,C:\dev_work\personal\Ai-Driven-Vibrations-motor\data\raw_mafulda\underhang\ball_fault\35g\19.456.csv,3,Bearing,1138.6302520329798
4k_mafulda_structured_v3\underhang\ball_fault\35g\20.48.npz,C:\dev_work\personal\Ai-Driven-Vibrations-motor\data\raw_mafulda\underhang\ball_fault\35g\20.48.csv,3,Bearing,1202.7229647922898
4k_mafulda_structured_v3\underhang\ball_fault\35g\21.7088.npz,C:\dev_work\personal\Ai-Driven-Vibrations-motor\data\raw_mafulda\underhang\ball_fault\35g\21.7088.csv,3,Bearing,1268.6470986242227
4k_mafulda_structured_v3\underhang\ball_fault\35g\22.3232.npz,C:\dev_work\personal\Ai-Driven-Vibrations-motor\data\raw_mafulda\underhang\ball_fault\35g\22.3232.csv,3,Bearing,1309.6200485044462
4k_mafulda_structured_v3\underhang\ball_fault\35g\23.7568.npz,C:\dev_work\personal\Ai-Driven-Vibrations-motor\data\raw_mafulda\underhang\ball_fault\35g\23.7568.csv,3,Bearing,1387.1313150978292
4k_mafulda_structured_v3\underhang\ball_fault\35g\24.1664.npz,C:\dev_work\personal\Ai-Driven-Vibrations-motor\data\raw_mafulda\underhang\ball_fault\35g\24.1664.csv,3,Bearing,1421.6581996345456
4k_mafulda_structured_v3\underhang\ball_fault\35g\25.1904.npz,C:\dev_work\personal\Ai-Driven-Vibrations-motor\data\raw_mafulda\underhang\ball_fault\35g\25.1904.csv,3,Bearing,1481.703392129159
4k_mafulda_structured_v3\underhang\ball_fault\35g\26.2144.npz,C:\dev_work\personal\Ai-Driven-Vibrations-motor\data\raw_mafulda\underhang\ball_fault\35g\26.2144.csv,3,Bearing,1539.325524926165
4k_mafulda_structured_v3\underhang\ball_fault\35g\27.2384.npz,C:\dev_work\personal\Ai-Driven-Vibrations-motor\data\raw_mafulda\underhang\ball_fault\35g\27.2384.csv,3,Bearing,1597.933984343475
4k_mafulda_structured_v3\underhang\ball_fault\35g\28.4672.npz,C:\dev_work\personal\Ai-Driven-Vibrations-motor\data\raw_mafulda\underhang\ball_fault\35g\28.4672.csv,3,Bearing,1662.7708027086296
4k_mafulda_structured_v3\underhang\ball_fault\35g\29.696.npz,C:\dev_work\personal\Ai-Driven-Vibrations-motor\data\raw_mafulda\underhang\ball_fault\35g\29.696.csv,3,Bearing,1736.2646195892448
4k_mafulda_structured_v3\underhang\ball_fault\35g\30.5152.npz,C:\dev_work\personal\Ai-Driven-Vibrations-motor\data\raw_mafulda\underhang\ball_fault\35g\30.5152.csv,3,Bearing,1789.130730621753
4k_mafulda_structured_v3\underhang\ball_fault\35g\30.9248.npz,C:\dev_work\personal\Ai-Driven-Vibrations-motor\data\raw_mafulda\underhang\ball_fault\35g\30.9248.csv,3,Bearing,1816.039258733131
4k_mafulda_structured_v3\underhang\ball_fault\35g\31.9488.npz,C:\dev_work\personal\Ai-Driven-Vibrations-motor\data\raw_mafulda\underhang\ball_fault\35g\31.9488.csv,3,Bearing,1877.6271638138846
4k_mafulda_structured_v3\underhang\ball_fault\35g\32.9728.npz,C:\dev_work\personal\Ai-Driven-Vibrations-motor\data\raw_mafulda\underhang\ball_fault\35g\32.9728.csv,3,Bearing,1937.6190953765924
4k_mafulda_structured_v3\underhang\ball_fault\35g\34.4064.npz,C:\dev_work\personal\Ai-Driven-Vibrations-motor\data\raw_mafulda\underhang\ball_fault\35g\34.4064.csv,3,Bearing,2017.9695382693508
4k_mafulda_structured_v3\underhang\ball_fault\35g\35.4304.npz,C:\dev_work\personal\Ai-Driven-Vibrations-motor\data\raw_mafulda\underhang\ball_fault\35g\35.4304.csv,3,Bearing,2082.7951433738053
4k_mafulda_structured_v3\underhang\ball_fault\35g\36.6592.npz,C:\dev_work\personal\Ai-Driven-Vibrations-motor\data\raw_mafulda\underhang\ball_fault\35g\36.6592.csv,3,Bearing,2150.5982609956386
4k_mafulda_structured_v3\underhang\ball_fault\35g\37.888.npz,C:\dev_work\personal\Ai-Driven-Vibrations-motor\data\raw_mafulda\underhang\ball_fault\35g\37.888.csv,3,Bearing,2225.6275539988324
4k_mafulda_structured_v3\underhang\ball_fault\35g\38.5024.npz,C:\dev_work\personal\Ai-Driven-Vibrations-motor\data\raw_mafulda\underhang\ball_fault\35g\38.5024.csv,3,Bearing,2261.3308395543445
4k_mafulda_structured_v3\underhang\ball_fault\35g\39.3216.npz,C:\dev_work\personal\Ai-Driven-Vibrations-motor\data\raw_mafulda\underhang\ball_fault\35g\39.3216.csv,3,Bearing,2332.5762691056416
4k_mafulda_structured_v3\underhang\ball_fault\35g\40.5504.npz,C:\dev_work\personal\Ai-Driven-Vibrations-motor\data\raw_mafulda\underhang\ball_fault\35g\40.5504.csv,3,Bearing,2381.117979895509
4k_mafulda_structured_v3\underhang\ball_fault\35g\41.1648.npz,C:\dev_work\personal\Ai-Driven-Vibrations-motor\data\raw_mafulda\underhang\ball_fault\35g\41.1648.csv,3,Bearing,3156.277254038789
4k_mafulda_structured_v3\underhang\ball_fault\35g\42.1888.npz,C:\dev_work\personal\Ai-Driven-Vibrations-motor\data\raw_mafulda\underhang\ball_fault\35g\42.1888.csv,3,Bearing,3086.446436753785
4k_mafulda_structured_v3\underhang\ball_fault\35g\43.8272.npz,C:\dev_work\personal\Ai-Driven-Vibrations-motor\data\raw_mafulda\underhang\ball_fault\35g\43.8272.csv,3,Bearing,27744.299874560347
4k_mafulda_structured_v3\underhang\ball_fault\35g\44.8512.npz,C:\dev_work\personal\Ai-Driven-Vibrations-motor\data\raw_mafulda\underhang\ball_fault\35g\44.8512.csv,3,Bearing,28035.943517329906
4k_mafulda_structured_v3\underhang\ball_fault\35g\45.8752.npz,C:\dev_work\personal\Ai-Driven-Vibrations-motor\data\raw_mafulda\underhang\ball_fault\35g\45.8752.csv,3,Bearing,53353.825886485894
4k_mafulda_structured_v3\underhang\ball_fault\35g\46.4896.npz,C:\dev_work\personal\Ai-Driven-Vibrations-motor\data\raw_mafulda\underhang\ball_fault\35g\46.4896.csv,3,Bearing,52781.19237861094
4k_mafulda_structured_v3\underhang\ball_fault\35g\47.5136.npz,C:\dev_work\personal\Ai-Driven-Vibrations-motor\data\raw_mafulda\underhang\ball_fault\35g\47.5136.csv,3,Bearing,28862.67323330661
4k_mafulda_structured_v3\underhang\ball_fault\35g\48.5376.npz,C:\dev_work\personal\Ai-Driven-Vibrations-motor\data\raw_mafulda\underhang\ball_fault\35g\48.5376.csv,3,Bearing,28235.294117647056
4k_mafulda_structured_v3\underhang\ball_fault\35g\49.7664.npz,C:\dev_work\personal\Ai-Driven-Vibrations-motor\data\raw_mafulda\underhang\ball_fault\35g\49.7664.csv,3,Bearing,57203.54151254087
4k_mafulda_structured_v3\underhang\ball_fault\35g\50.7904.npz,C:\dev_work\personal\Ai-Driven-Vibrations-motor\data\raw_mafulda\underhang\ball_fault\35g\50.7904.csv,3,Bearing,59146.48212226067
4k_mafulda_structured_v3\underhang\ball_fault\6g\13.1072.npz,C:\dev_work\personal\Ai-Driven-Vibrations-motor\data\raw_mafulda\underhang\ball_fault\6g\13.1072.csv,3,Bearing,762.7826634433382
4k_mafulda_structured_v3\underhang\ball_fault\6g\14.336.npz,C:\dev_work\personal\Ai-Driven-Vibrations-motor\data\raw_mafulda\underhang\ball_fault\6g\14.336.csv,3,Bearing,837.4226799953072
4k_mafulda_structured_v3\underhang\ball_fault\6g\15.1552.npz,C:\dev_work\personal\Ai-Driven-Vibrations-motor\data\raw_mafulda\underhang\ball_fault\6g\15.1552.csv,3,Bearing,882.4971400555646
4k_mafulda_structured_v3\underhang\ball_fault\6g\15.9744.npz,C:\dev_work\personal\Ai-Driven-Vibrations-motor\data\raw_mafulda\underhang\ball_fault\6g\15.9744.csv,3,Bearing,938.8259392323573
4k_mafulda_structured_v3\underhang\ball_fault\6g\17.2032.npz,C:\dev_work\personal\Ai-Driven-Vibrations-motor\data\raw_mafulda\underhang\ball_fault\6g\17.2032.csv,3,Bearing,1004.6074768617516
4k_mafulda_structured_v3\underhang\ball_fault\6g\18.432.npz,C:\dev_work\personal\Ai-Driven-Vibrations-motor\data\raw_mafulda\underhang\ball_fault\6g\18.432.csv,3,Bearing,1078.7748027296639
4k_mafulda_structured_v3\underhang\ball_fault\6g\19.6608.npz,C:\dev_work\personal\Ai-Driven-Vibrations-motor\data\raw_mafulda\underhang\ball_fault\6g\19.6608.csv,3,Bearing,1151.5942509182448
4k_mafulda_structured_v3\underhang\ball_fault\6g\20.2752.npz,C:\dev_work\personal\Ai-Driven-Vibrations-motor\data\raw_mafulda\underhang\ball_fault\6g\20.2752.csv,3,Bearing,1189.0510240398614
4k_mafulda_structured_v3\underhang\ball_fault\6g\21.0944.npz,C:\dev_work\personal\Ai-Driven-Vibrations-motor\data\raw_mafulda\underhang\ball_fault\6g\21.0944.csv,3,Bearing,1241.1074247426527
4k_mafulda_structured_v3\underhang\ball_fault\6g\22.7328.npz,C:\dev_work\personal\Ai-Driven-Vibrations-motor\data\raw_mafulda\underhang\ball_fault\6g\22.7328.csv,3,Bearing,1334.497986121221
4k_mafulda_structured_v3\underhang\ball_fault\6g\23.552.npz,C:\dev_work\personal\Ai-Driven-Vibrations-motor\data\raw_mafulda\underhang\ball_fault\6g\23.552.csv,3,Bearing,1381.1150686923022
4k_mafulda_structured_v3\underhang\ball_fault\6g\24.3712.npz,C:\dev_work\personal\Ai-Driven-Vibrations-motor\data\raw_mafulda\underhang\ball_fault\6g\24.3712.csv,3,Bearing,1429.8986145332633
4k_mafulda_structured_v3\underhang\ball_fault\6g\25.3952.npz,C:\dev_work\personal\Ai-Driven-Vibrations-motor\data\raw_mafulda\underhang\ball_fault\6g\25.3952.csv,3,Bearing,1493.1903295856398
4k_mafulda_structured_v3\underhang\ball_fault\6g\26.8288.npz,C:\dev_work\personal\Ai-Driven-Vibrations-motor\data\raw_mafulda\underhang\ball_fault\6g\26.8288.csv,3,Bearing,1569.5744038635678
4k_mafulda_structured_v3\underhang\ball_fault\6g\27.2384.npz,C:\dev_work\personal\Ai-Driven-Vibrations-motor\data\raw_mafulda\underhang\ball_fault\6g\27.2384.csv,3,Bearing,1600.129303378051
4k_mafulda_structured_v3\underhang\ball_fault\6g\28.2624.npz,C:\dev_work\personal\Ai-Driven-Vibrations-motor\data\raw_mafulda\underhang\ball_fault\6g\28.2624.csv,3,Bearing,1654.7559134373428
4k_mafulda_structured_v3\underhang\ball_fault\6g\29.4912.npz,C:\dev_work\personal\Ai-Driven-Vibrations-motor\data\raw_mafulda\underhang\ball_fault\6g\29.4912.csv,3,Bearing,1722.2280618061563
4k_mafulda_structured_v3\underhang\ball_fault\6g\30.3104.npz,C:\dev_work\personal\Ai-Driven-Vibrations-motor\data\raw_mafulda\underhang\ball_fault\6g\30.3104.csv,3,Bearing,1772.2461399022434
4k_mafulda_structured_v3\underhang\ball_fault\6g\31.1296.npz,C:\dev_work\personal\Ai-Driven-Vibrations-motor\data\raw_mafulda\underhang\ball_fault\6g\31.1296.csv,3,Bearing,1822.7395816148746
4k_mafulda_structured_v3\underhang\ball_fault\6g\32.5632.npz,C:\dev_work\personal\Ai-Driven-Vibrations-motor\data\raw_mafulda\underhang\ball_fault\6g\32.5632.csv,3,Bearing,1904.9839040916963
4k_mafulda_structured_v3\underhang\ball_fault\6g\33.3824.npz,C:\dev_work\personal\Ai-Driven-Vibrations-motor\data\raw_mafulda\underhang\ball_fault\6g\33.3824.csv,3,Bearing,1960.3598402847936
4k_mafulda_structured_v3\underhang\ball_fault\6g\34.6112.npz,C:\dev_work\personal\Ai-Driven-Vibrations-motor\data\raw_mafulda\underhang\ball_fault\6g\34.6112.csv,3,Bearing,2030.898672662653
4k_mafulda_structured_v3\underhang\ball_fault\6g\35.0208.npz,C:\dev_work\personal\Ai-Driven-Vibrations-motor\data\raw_mafulda\underhang\ball_fault\6g\35.0208.csv,3,Bearing,2050.8613617719443
4k_mafulda_structured_v3\underhang\ball_fault\6g\36.0448.npz,C:\dev_work\personal\Ai-Driven-Vibrations-motor\data\raw_mafulda\underhang\ball_fault\6g\36.0448.csv,3,Bearing,2116.4234459404984
4k_mafulda_structured_v3\underhang\ball_fault\6g\37.2736.npz,C:\dev_work\personal\Ai-Driven-Vibrations-motor\data\raw_mafulda\underhang\ball_fault\6g\37.2736.csv,3,Bearing,2186.324800090191
4k_mafulda_structured_v3\underhang\ball_fault\6g\38.7072.npz,C:\dev_work\personal\Ai-Driven-Vibrations-motor\data\raw_mafulda\underhang\ball_fault\6g\38.7072.csv,3,Bearing,2272.372043812295
4k_mafulda_structured_v3\underhang\ball_fault\6g\39.7312.npz,C:\dev_work\personal\Ai-Driven-Vibrations-motor\data\raw_mafulda\underhang\ball_fault\6g\39.7312.csv,3,Bearing,2327.586206896552
4k_mafulda_structured_v3\underhang\ball_fault\6g\40.3456.npz,C:\dev_work\personal\Ai-Driven-Vibrations-motor\data\raw_mafulda\underhang\ball_fault\6g\40.3456.csv,3,Bearing,2369.185305956081
4k_mafulda_structured_v3\underhang\ball_fault\6g\41.3696.npz,C:\dev_work\personal\Ai-Driven-Vibrations-motor\data\raw_mafulda\underhang\ball_fault\6g\41.3696.csv,3,Bearing,2446.283687364945
4k_mafulda_structured_v3\underhang\ball_fault\6g\41.984.npz,C:\dev_work\personal\Ai-Driven-Vibrations-motor\data\raw_mafulda\underhang\ball_fault\6g\41.984.csv,3,Bearing,2463.20320129988
4k_mafulda_structured_v3\underhang\ball_fault\6g\43.2128.npz,C:\dev_work\personal\Ai-Driven-Vibrations-motor\data\raw_mafulda\underhang\ball_fault\6g\43.2128.csv,3,Bearing,2536.1976775123812
4k_mafulda_structured_v3\underhang\ball_fault\6g\44.6464.npz,C:\dev_work\personal\Ai-Driven-Vibrations-motor\data\raw_mafulda\underhang\ball_fault\6g\44.6464.csv,3,Bearing,26789.72312297331
4k_mafulda_structured_v3\underhang\ball_fault\6g\45.4656.npz,C:\dev_work\personal\Ai-Driven-Vibrations-motor\data\raw_mafulda\underhang\ball_fault\6g\45.4656.csv,3,Bearing,26939.27693927694
4k_mafulda_structured_v3\underhang\ball_fault\6g\46.4896.npz,C:\dev_work\personal\Ai-Driven-Vibrations-motor\data\raw_mafulda\underhang\ball_fault\6g\46.4896.csv,3,Bearing,13841.110526528795
4k_mafulda_structured_v3\underhang\ball_fault\6g\47.5136.npz,C:\dev_work\personal\Ai-Driven-Vibrations-motor\data\raw_mafulda\underhang\ball_fault\6g\47.5136.csv,3,Bearing,14093.720266412942
4k_mafulda_structured_v3\underhang\ball_fault\6g\47.9232.npz,C:\dev_work\personal\Ai-Driven-Vibrations-motor\data\raw_mafulda\underhang\ball_fault\6g\47.9232.csv,3,Bearing,14399.205561072493
4k_mafulda_structured_v3\underhang\ball_fault\6g\49.152.npz,C:\dev_work\personal\Ai-Driven-Vibrations-motor\data\raw_mafulda\underhang\ball_fault\6g\49.152.csv,3,Bearing,9773.578758755497
4k_mafulda_structured_v3\underhang\ball_fault\6g\50.176.npz,C:\dev_work\personal\Ai-Driven-Vibrations-motor\data\raw_mafulda\underhang\ball_fault\6g\50.176.csv,3,Bearing,19913.419913419915
4k_mafulda_structured_v3\underhang\ball_fault\6g\51.4048.npz,C:\dev_work\personal\Ai-Driven-Vibrations-motor\data\raw_mafulda\underhang\ball_fault\6g\51.4048.csv,3,Bearing,58855.946214041665
4k_mafulda_structured_v3\underhang\ball_fault\6g\52.4288.npz,C:\dev_work\personal\Ai-Driven-Vibrations-motor\data\raw_mafulda\underhang\ball_fault\6g\52.4288.csv,3,Bearing,58329.09989377915
4k_mafulda_structured_v3\underhang\ball_fault\6g\53.0432.npz,C:\dev_work\personal\Ai-Driven-Vibrations-motor\data\raw_mafulda\underhang\ball_fault\6g\53.0432.csv,3,Bearing,29098.75942593043
4k_mafulda_structured_v3\underhang\ball_fault\6g\54.8864.npz,C:\dev_work\personal\Ai-Driven-Vibrations-motor\data\raw_mafulda\underhang\ball_fault\6g\54.8864.csv,3,Bearing,30792.46549481898
4k_mafulda_structured_v3\underhang\ball_fault\6g\55.5008.npz,C:\dev_work\personal\Ai-Driven-Vibrations-motor\data\raw_mafulda\underhang\ball_fault\6g\55.5008.csv,3,Bearing,31997.327989311958
4k_mafulda_structured_v3\underhang\ball_fault\6g\56.5248.npz,C:\dev_work\personal\Ai-Driven-Vibrations-motor\data\raw_mafulda\underhang\ball_fault\6g\56.5248.csv,3,Bearing,21400.072542618793
4k_mafulda_structured_v3\underhang\ball_fault\6g\57.5488.npz,C:\dev_work\personal\Ai-Driven-Vibrations-motor\data\raw_mafulda\underhang\ball_fault\6g\57.5488.csv,3,Bearing,4221.051371093283
4k_mafulda_structured_v3\underhang\ball_fault\6g\58.368.npz,C:\dev_work\personal\Ai-Driven-Vibrations-motor\data\raw_mafulda\underhang\ball_fault\6g\58.368.csv,3,Bearing,3683.4078631064704
4k_mafulda_structured_v3\underhang\ball_fault\6g\59.5968.npz,C:\dev_work\personal\Ai-Driven-Vibrations-motor\data\raw_mafulda\underhang\ball_fault\6g\59.5968.csv,3,Bearing,3756.434030606055
4k_mafulda_structured_v3\underhang\ball_fault\6g\60.2112.npz,C:\dev_work\personal\Ai-Driven-Vibrations-motor\data\raw_mafulda\underhang\ball_fault\6g\60.2112.csv,3,Bearing,3825.4481519038027
4k_mafulda_structured_v3\underhang\ball_fault\6g\62.0544.npz,C:\dev_work\personal\Ai-Driven-Vibrations-motor\data\raw_mafulda\underhang\ball_fault\6g\62.0544.csv,3,Bearing,3925.756375524638
4k_mafulda_structured_v3\underhang\cage_fault\0g\13.312.npz,C:\dev_work\personal\Ai-Driven-Vibrations-motor\data\raw_mafulda\underhang\cage_fault\0g\13.312.csv,3,Bearing,777.2372300745573
4k_mafulda_structured_v3\underhang\cage_fault\0g\14.5408.npz,C:\dev_work\personal\Ai-Driven-Vibrations-motor\data\raw_mafulda\underhang\cage_fault\0g\14.5408.csv,3,Bearing,853.5891390943825
4k_mafulda_structured_v3\underhang\cage_fault\0g\15.5648.npz,C:\dev_work\personal\Ai-Driven-Vibrations-motor\data\raw_mafulda\underhang\cage_fault\0g\15.5648.csv,3,Bearing,916.8517348872273
4k_mafulda_structured_v3\underhang\cage_fault\0g\16.5888.npz,C:\dev_work\personal\Ai-Driven-Vibrations-motor\data\raw_mafulda\underhang\cage_fault\0g\16.5888.csv,3,Bearing,972.7784172895151
4k_mafulda_structured_v3\underhang\cage_fault\0g\17.408.npz,C:\dev_work\personal\Ai-Driven-Vibrations-motor\data\raw_mafulda\underhang\cage_fault\0g\17.408.csv,3,Bearing,1020.5899982180174
4k_mafulda_structured_v3\underhang\cage_fault\0g\18.2272.npz,C:\dev_work\personal\Ai-Driven-Vibrations-motor\data\raw_mafulda\underhang\cage_fault\0g\18.2272.csv,3,Bearing,1073.4369091522697
4k_mafulda_structured_v3\underhang\cage_fault\0g\19.456.npz,C:\dev_work\personal\Ai-Driven-Vibrations-motor\data\raw_mafulda\underhang\cage_fault\0g\19.456.csv,3,Bearing,1140.4722040231977
4k_mafulda_structured_v3\underhang\cage_fault\0g\20.6848.npz,C:\dev_work\personal\Ai-Driven-Vibrations-motor\data\raw_mafulda\underhang\cage_fault\0g\20.6848.csv,3,Bearing,1214.304507093562
4k_mafulda_structured_v3\underhang\cage_fault\0g\21.2992.npz,C:\dev_work\personal\Ai-Driven-Vibrations-motor\data\raw_mafulda\underhang\cage_fault\0g\21.2992.csv,3,Bearing,1247.1193158198498
4k_mafulda_structured_v3\underhang\cage_fault\0g\22.7328.npz,C:\dev_work\personal\Ai-Driven-Vibrations-motor\data\raw_mafulda\underhang\cage_fault\0g\22.7328.csv,3,Bearing,1329.1712818447288
4k_mafulda_structured_v3\underhang\cage_fault\0g\23.9616.npz,C:\dev_work\personal\Ai-Driven-Vibrations-motor\data\raw_mafulda\underhang\cage_fault\0g\23.9616.csv,3,Bearing,1401.8183356227012
4k_mafulda_structured_v3\underhang\cage_fault\0g\24.3712.npz,C:\dev_work\personal\Ai-Driven-Vibrations-motor\data\raw_mafulda\underhang\cage_fault\0g\24.3712.csv,3,Bearing,1432.687754332175
4k_mafulda_structured_v3\underhang\cage_fault\0g\25.6.npz,C:\dev_work\personal\Ai-Driven-Vibrations-motor\data\raw_mafulda\underhang\cage_fault\0g\25.6.csv,3,Bearing,1497.210841094413
4k_mafulda_structured_v3\underhang\cage_fault\0g\26.8288.npz,C:\dev_work\personal\Ai-Driven-Vibrations-motor\data\raw_mafulda\underhang\cage_fault\0g\26.8288.csv,3,Bearing,1571.1805205844792
4k_mafulda_structured_v3\underhang\cage_fault\0g\27.4432.npz,C:\dev_work\personal\Ai-Driven-Vibrations-motor\data\raw_mafulda\underhang\cage_fault\0g\27.4432.csv,3,Bearing,1610.156495912059
4k_mafulda_structured_v3\underhang\cage_fault\0g\28.672.npz,C:\dev_work\personal\Ai-Driven-Vibrations-motor\data\raw_mafulda\underhang\cage_fault\0g\28.672.csv,3,Bearing,1680.3607335560382
4k_mafulda_structured_v3\underhang\cage_fault\0g\29.4912.npz,C:\dev_work\personal\Ai-Driven-Vibrations-motor\data\raw_mafulda\underhang\cage_fault\0g\29.4912.csv,3,Bearing,1726.6013321795826
4k_mafulda_structured_v3\underhang\cage_fault\0g\30.9248.npz,C:\dev_work\personal\Ai-Driven-Vibrations-motor\data\raw_mafulda\underhang\cage_fault\0g\30.9248.csv,3,Bearing,1810.5664658949631
4k_mafulda_structured_v3\underhang\cage_fault\0g\31.9488.npz,C:\dev_work\personal\Ai-Driven-Vibrations-motor\data\raw_mafulda\underhang\cage_fault\0g\31.9488.csv,3,Bearing,1868.7832814226867
4k_mafulda_structured_v3\underhang\cage_fault\0g\32.768.npz,C:\dev_work\personal\Ai-Driven-Vibrations-motor\data\raw_mafulda\underhang\cage_fault\0g\32.768.csv,3,Bearing,1914.8013744821606
4k_mafulda_structured_v3\underhang\cage_fault\0g\33.9968.npz,C:\dev_work\personal\Ai-Driven-Vibrations-motor\data\raw_mafulda\underhang\cage_fault\0g\33.9968.csv,3,Bearing,1995.9355494266222
4k_mafulda_structured_v3\underhang\cage_fault\0g\34.816.npz,C:\dev_work\personal\Ai-Driven-Vibrations-motor\data\raw_mafulda\underhang\cage_fault\0g\34.816.csv,3,Bearing,2036.2237745286184
4k_mafulda_structured_v3\underhang\cage_fault\0g\35.2256.npz,C:\dev_work\personal\Ai-Driven-Vibrations-motor\data\raw_mafulda\underhang\cage_fault\0g\35.2256.csv,3,Bearing,2068.0730638522596
4k_mafulda_structured_v3\underhang\cage_fault\0g\36.2496.npz,C:\dev_work\personal\Ai-Driven-Vibrations-motor\data\raw_mafulda\underhang\cage_fault\0g\36.2496.csv,3,Bearing,2121.0526527218167
4k_mafulda_structured_v3\underhang\cage_fault\0g\37.4784.npz,C:\dev_work\personal\Ai-Driven-Vibrations-motor\data\raw_mafulda\underhang\cage_fault\0g\37.4784.csv,3,Bearing,2200.3352891869235
4k_mafulda_structured_v3\underhang\cage_fault\0g\38.2976.npz,C:\dev_work\personal\Ai-Driven-Vibrations-motor\data\raw_mafulda\underhang\cage_fault\0g\38.2976.csv,3,Bearing,2243.071802416729
4k_mafulda_structured_v3\underhang\cage_fault\0g\39.5264.npz,C:\dev_work\personal\Ai-Driven-Vibrations-motor\data\raw_mafulda\underhang\cage_fault\0g\39.5264.csv,3,Bearing,2313.9313935410783
4k_mafulda_structured_v3\underhang\cage_fault\0g\40.5504.npz,C:\dev_work\personal\Ai-Driven-Vibrations-motor\data\raw_mafulda\underhang\cage_fault\0g\40.5504.csv,3,Bearing,2380.67564697065
4k_mafulda_structured_v3\underhang\cage_fault\0g\41.7792.npz,C:\dev_work\personal\Ai-Driven-Vibrations-motor\data\raw_mafulda\underhang\cage_fault\0g\41.7792.csv,3,Bearing,2444.879268956892
4k_mafulda_structured_v3\underhang\cage_fault\0g\42.3936.npz,C:\dev_work\personal\Ai-Driven-Vibrations-motor\data\raw_mafulda\underhang\cage_fault\0g\42.3936.csv,3,Bearing,2489.145232360499
4k_mafulda_structured_v3\underhang\cage_fault\0g\43.4176.npz,C:\dev_work\personal\Ai-Driven-Vibrations-motor\data\raw_mafulda\underhang\cage_fault\0g\43.4176.csv,3,Bearing,2542.9754821810934
4k_mafulda_structured_v3\underhang\cage_fault\0g\44.4416.npz,C:\dev_work\personal\Ai-Driven-Vibrations-motor\data\raw_mafulda\underhang\cage_fault\0g\44.4416.csv,3,Bearing,2608.60113763994
4k_mafulda_structured_v3\underhang\cage_fault\0g\45.4656.npz,C:\dev_work\personal\Ai-Driven-Vibrations-motor\data\raw_mafulda\underhang\cage_fault\0g\45.4656.csv,3,Bearing,2659.25444612904
4k_mafulda_structured_v3\underhang\cage_fault\0g\46.4896.npz,C:\dev_work\personal\Ai-Driven-Vibrations-motor\data\raw_mafulda\underhang\cage_fault\0g\46.4896.csv,3,Bearing,2728.802692739221
4k_mafulda_structured_v3\underhang\cage_fault\0g\47.5136.npz,C:\dev_work\personal\Ai-Driven-Vibrations-motor\data\raw_mafulda\underhang\cage_fault\0g\47.5136.csv,3,Bearing,2788.014354451972
4k_mafulda_structured_v3\underhang\cage_fault\0g\48.5376.npz,C:\dev_work\personal\Ai-Driven-Vibrations-motor\data\raw_mafulda\underhang\cage_fault\0g\48.5376.csv,3,Bearing,2847.330024853813
4k_mafulda_structured_v3\underhang\cage_fault\0g\49.7664.npz,C:\dev_work\personal\Ai-Driven-Vibrations-motor\data\raw_mafulda\underhang\cage_fault\0g\49.7664.csv,3,Bearing,2917.865697795926
4k_mafulda_structured_v3\underhang\cage_fault\0g\50.5856.npz,C:\dev_work\personal\Ai-Driven-Vibrations-motor\data\raw_mafulda\underhang\cage_fault\0g\50.5856.csv,3,Bearing,2963.1771040364256
4k_mafulda_structured_v3\underhang\cage_fault\0g\51.6096.npz,C:\dev_work\personal\Ai-Driven-Vibrations-motor\data\raw_mafulda\underhang\cage_fault\0g\51.6096.csv,3,Bearing,3024.6794562807286
4k_mafulda_structured_v3\underhang\cage_fault\0g\52.8384.npz,C:\dev_work\personal\Ai-Driven-Vibrations-motor\data\raw_mafulda\underhang\cage_fault\0g\52.8384.csv,3,Bearing,3090.3940252382176
4k_mafulda_structured_v3\underhang\cage_fault\0g\53.6576.npz,C:\dev_work\personal\Ai-Driven-Vibrations-motor\data\raw_mafulda\underhang\cage_fault\0g\53.6576.csv,3,Bearing,3142.912191127595
4k_mafulda_structured_v3\underhang\cage_fault\0g\55.0912.npz,C:\dev_work\personal\Ai-Driven-Vibrations-motor\data\raw_mafulda\underhang\cage_fault\0g\55.0912.csv,3,Bearing,3223.064958388788
4k_mafulda_structured_v3\underhang\cage_fault\0g\55.9104.npz,C:\dev_work\personal\Ai-Driven-Vibrations-motor\data\raw_mafulda\underhang\cage_fault\0g\55.9104.csv,3,Bearing,3270.642663180127
4k_mafulda_structured_v3\underhang\cage_fault\0g\56.5248.npz,C:\dev_work\personal\Ai-Driven-Vibrations-motor\data\raw_mafulda\underhang\cage_fault\0g\56.5248.csv,3,Bearing,3316.66987117862
4k_mafulda_structured_v3\underhang\cage_fault\0g\57.7536.npz,C:\dev_work\personal\Ai-Driven-Vibrations-motor\data\raw_mafulda\underhang\cage_fault\0g\57.7536.csv,3,Bearing,3381.4545469131695
4k_mafulda_structured_v3\underhang\cage_fault\0g\58.5728.npz,C:\dev_work\personal\Ai-Driven-Vibrations-motor\data\raw_mafulda\underhang\cage_fault\0g\58.5728.csv,3,Bearing,3436.7990738730914
4k_mafulda_structured_v3\underhang\cage_fault\0g\58.9824.npz,C:\dev_work\personal\Ai-Driven-Vibrations-motor\data\raw_mafulda\underhang\cage_fault\0g\58.9824.csv,3,Bearing,3461.3761080624736
4k_mafulda_structured_v3\underhang\cage_fault\0g\60.2112.npz,C:\dev_work\personal\Ai-Driven-Vibrations-motor\data\raw_mafulda\underhang\cage_fault\0g\60.2112.csv,3,Bearing,3532.988579874783
4k_mafulda_structured_v3\underhang\cage_fault\0g\61.2352.npz,C:\dev_work\personal\Ai-Driven-Vibrations-motor\data\raw_mafulda\underhang\cage_fault\0g\61.2352.csv,3,Bearing,3589.5829820039025
4k_mafulda_structured_v3\underhang\cage_fault\20g\13.312.npz,C:\dev_work\personal\Ai-Driven-Vibrations-motor\data\raw_mafulda\underhang\cage_fault\20g\13.312.csv,3,Bearing,776.4760121486144
4k_mafulda_structured_v3\underhang\cage_fault\20g\14.1312.npz,C:\dev_work\personal\Ai-Driven-Vibrations-motor\data\raw_mafulda\underhang\cage_fault\20g\14.1312.csv,3,Bearing,827.8582414505375
4k_mafulda_structured_v3\underhang\cage_fault\20g\15.5648.npz,C:\dev_work\personal\Ai-Driven-Vibrations-motor\data\raw_mafulda\underhang\cage_fault\20g\15.5648.csv,3,Bearing,915.3373933631937
4k_mafulda_structured_v3\underhang\cage_fault\20g\16.384.npz,C:\dev_work\personal\Ai-Driven-Vibrations-motor\data\raw_mafulda\underhang\cage_fault\20g\16.384.csv,3,Bearing,963.2423468973029
4k_mafulda_structured_v3\underhang\cage_fault\20g\17.408.npz,C:\dev_work\personal\Ai-Driven-Vibrations-motor\data\raw_mafulda\underhang\cage_fault\20g\17.408.csv,3,Bearing,1023.146663202043
4k_mafulda_structured_v3\underhang\cage_fault\20g\18.6368.npz,C:\dev_work\personal\Ai-Driven-Vibrations-motor\data\raw_mafulda\underhang\cage_fault\20g\18.6368.csv,3,Bearing,1092.2285913082876
4k_mafulda_structured_v3\underhang\cage_fault\20g\19.456.npz,C:\dev_work\personal\Ai-Driven-Vibrations-motor\data\raw_mafulda\underhang\cage_fault\20g\19.456.csv,3,Bearing,1139.320286365326
4k_mafulda_structured_v3\underhang\cage_fault\20g\20.2752.npz,C:\dev_work\personal\Ai-Driven-Vibrations-motor\data\raw_mafulda\underhang\cage_fault\20g\20.2752.csv,3,Bearing,1193.4804622828024
4k_mafulda_structured_v3\underhang\cage_fault\20g\21.2992.npz,C:\dev_work\personal\Ai-Driven-Vibrations-motor\data\raw_mafulda\underhang\cage_fault\20g\21.2992.csv,3,Bearing,1249.0500751855386
4k_mafulda_structured_v3\underhang\cage_fault\20g\22.3232.npz,C:\dev_work\personal\Ai-Driven-Vibrations-motor\data\raw_mafulda\underhang\cage_fault\20g\22.3232.csv,3,Bearing,1308.3190342078556
4k_mafulda_structured_v3\underhang\cage_fault\20g\23.7568.npz,C:\dev_work\personal\Ai-Driven-Vibrations-motor\data\raw_mafulda\underhang\cage_fault\20g\23.7568.csv,3,Bearing,1390.0976694710375
4k_mafulda_structured_v3\underhang\cage_fault\20g\24.576.npz,C:\dev_work\personal\Ai-Driven-Vibrations-motor\data\raw_mafulda\underhang\cage_fault\20g\24.576.csv,3,Bearing,1440.8635412681226
4k_mafulda_structured_v3\underhang\cage_fault\20g\25.3952.npz,C:\dev_work\personal\Ai-Driven-Vibrations-motor\data\raw_mafulda\underhang\cage_fault\20g\25.3952.csv,3,Bearing,1485.5496533717474
4k_mafulda_structured_v3\underhang\cage_fault\20g\26.8288.npz,C:\dev_work\personal\Ai-Driven-Vibrations-motor\data\raw_mafulda\underhang\cage_fault\20g\26.8288.csv,3,Bearing,1576.1052114823142
4k_mafulda_structured_v3\underhang\cage_fault\20g\27.648.npz,C:\dev_work\personal\Ai-Driven-Vibrations-motor\data\raw_mafulda\underhang\cage_fault\20g\27.648.csv,3,Bearing,1620.2637638685367
4k_mafulda_structured_v3\underhang\cage_fault\20g\28.4672.npz,C:\dev_work\personal\Ai-Driven-Vibrations-motor\data\raw_mafulda\underhang\cage_fault\20g\28.4672.csv,3,Bearing,1671.723868637484
4k_mafulda_structured_v3\underhang\cage_fault\20g\29.9008.npz,C:\dev_work\personal\Ai-Driven-Vibrations-motor\data\raw_mafulda\underhang\cage_fault\20g\29.9008.csv,3,Bearing,1751.0808395526894
4k_mafulda_structured_v3\underhang\cage_fault\20g\30.5152.npz,C:\dev_work\personal\Ai-Driven-Vibrations-motor\data\raw_mafulda\underhang\cage_fault\20g\30.5152.csv,3,Bearing,1794.5988762098073
4k_mafulda_structured_v3\underhang\cage_fault\20g\31.9488.npz,C:\dev_work\personal\Ai-Driven-Vibrations-motor\data\raw_mafulda\underhang\cage_fault\20g\31.9488.csv,3,Bearing,1872.4932751316785
4k_mafulda_structured_v3\underhang\cage_fault\20g\32.5632.npz,C:\dev_work\personal\Ai-Driven-Vibrations-motor\data\raw_mafulda\underhang\cage_fault\20g\32.5632.csv,3,Bearing,1912.927701759733
4k_mafulda_structured_v3\underhang\cage_fault\20g\33.9968.npz,C:\dev_work\personal\Ai-Driven-Vibrations-motor\data\raw_mafulda\underhang\cage_fault\20g\33.9968.csv,3,Bearing,1990.2268534998868
4k_mafulda_structured_v3\underhang\cage_fault\20g\34.6112.npz,C:\dev_work\personal\Ai-Driven-Vibrations-motor\data\raw_mafulda\underhang\cage_fault\20g\34.6112.csv,3,Bearing,2029.0100121982152
4k_mafulda_structured_v3\underhang\cage_fault\20g\35.4304.npz,C:\dev_work\personal\Ai-Driven-Vibrations-motor\data\raw_mafulda\underhang\cage_fault\20g\35.4304.csv,3,Bearing,2079.0272086642253
4k_mafulda_structured_v3\underhang\cage_fault\20g\36.4544.npz,C:\dev_work\personal\Ai-Driven-Vibrations-motor\data\raw_mafulda\underhang\cage_fault\20g\36.4544.csv,3,Bearing,2136.992916934965
4k_mafulda_structured_v3\underhang\cage_fault\20g\37.0688.npz,C:\dev_work\personal\Ai-Driven-Vibrations-motor\data\raw_mafulda\underhang\cage_fault\20g\37.0688.csv,3,Bearing,2175.480769230769
4k_mafulda_structured_v3\underhang\cage_fault\20g\38.2976.npz,C:\dev_work\personal\Ai-Driven-Vibrations-motor\data\raw_mafulda\underhang\cage_fault\20g\38.2976.csv,3,Bearing,2241.404935107712
4k_mafulda_structured_v3\underhang\cage_fault\20g\39.7312.npz,C:\dev_work\personal\Ai-Driven-Vibrations-motor\data\raw_mafulda\underhang\cage_fault\20g\39.7312.csv,3,Bearing,2331.870905703468
4k_mafulda_structured_v3\underhang\cage_fault\20g\40.3456.npz,C:\dev_work\personal\Ai-Driven-Vibrations-motor\data\raw_mafulda\underhang\cage_fault\20g\40.3456.csv,3,Bearing,2368.9938390126385
4k_mafulda_structured_v3\underhang\cage_fault\20g\41.3696.npz,C:\dev_work\personal\Ai-Driven-Vibrations-motor\data\raw_mafulda\underhang\cage_fault\20g\41.3696.csv,3,Bearing,2421.9785516327265
4k_mafulda_structured_v3\underhang\cage_fault\20g\42.3936.npz,C:\dev_work\personal\Ai-Driven-Vibrations-motor\data\raw_mafulda\underhang\cage_fault\20g\42.3936.csv,3,Bearing,2481.1493167762005
4k_mafulda_structured_v3\underhang\cage_fault\20g\43.4176.npz,C:\dev_work\personal\Ai-Driven-Vibrations-motor\data\raw_mafulda\underhang\cage_fault\20g\43.4176.csv,3,Bearing,2548.298919891627
4k_mafulda_structured_v3\underhang\cage_fault\20g\44.4416.npz,C:\dev_work\personal\Ai-Driven-Vibrations-motor\data\raw_mafulda\underhang\cage_fault\20g\44.4416.csv,3,Bearing,2601.058166919379
4k_mafulda_structured_v3\underhang\cage_fault\20g\45.4656.npz,C:\dev_work\personal\Ai-Driven-Vibrations-motor\data\raw_mafulda\underhang\cage_fault\20g\45.4656.csv,3,Bearing,2660.545672700715
4k_mafulda_structured_v3\underhang\cage_fault\20g\46.6944.npz,C:\dev_work\personal\Ai-Driven-Vibrations-motor\data\raw_mafulda\underhang\cage_fault\20g\46.6944.csv,3,Bearing,2739.803184769752
4k_mafulda_structured_v3\underhang\cage_fault\20g\47.7184.npz,C:\dev_work\personal\Ai-Driven-Vibrations-motor\data\raw_mafulda\underhang\cage_fault\20g\47.7184.csv,3,Bearing,2796.1913944799326
4k_mafulda_structured_v3\underhang\cage_fault\20g\48.7424.npz,C:\dev_work\personal\Ai-Driven-Vibrations-motor\data\raw_mafulda\underhang\cage_fault\20g\48.7424.csv,3,Bearing,2855.2416671707697
4k_mafulda_structured_v3\underhang\cage_fault\20g\49.7664.npz,C:\dev_work\personal\Ai-Driven-Vibrations-motor\data\raw_mafulda\underhang\cage_fault\20g\49.7664.csv,3,Bearing,2921.587959516288
4k_mafulda_structured_v3\underhang\cage_fault\20g\50.7904.npz,C:\dev_work\personal\Ai-Driven-Vibrations-motor\data\raw_mafulda\underhang\cage_fault\20g\50.7904.csv,3,Bearing,2972.739855174212
4k_mafulda_structured_v3\underhang\cage_fault\20g\51.6096.npz,C:\dev_work\personal\Ai-Driven-Vibrations-motor\data\raw_mafulda\underhang\cage_fault\20g\51.6096.csv,3,Bearing,3031.007689778768
4k_mafulda_structured_v3\underhang\cage_fault\20g\52.6336.npz,C:\dev_work\personal\Ai-Driven-Vibrations-motor\data\raw_mafulda\underhang\cage_fault\20g\52.6336.csv,3,Bearing,3087.1393312806
4k_mafulda_structured_v3\underhang\cage_fault\20g\53.8624.npz,C:\dev_work\personal\Ai-Driven-Vibrations-motor\data\raw_mafulda\underhang\cage_fault\20g\53.8624.csv,3,Bearing,3154.5994541659975
4k_mafulda_structured_v3\underhang\cage_fault\20g\54.6816.npz,C:\dev_work\personal\Ai-Driven-Vibrations-motor\data\raw_mafulda\underhang\cage_fault\20g\54.6816.csv,3,Bearing,3199.4739711967154
4k_mafulda_structured_v3\underhang\cage_fault\20g\55.7056.npz,C:\dev_work\personal\Ai-Driven-Vibrations-motor\data\raw_mafulda\underhang\cage_fault\20g\55.7056.csv,3,Bearing,3268.536728979824
4k_mafulda_structured_v3\underhang\cage_fault\20g\56.7296.npz,C:\dev_work\personal\Ai-Driven-Vibrations-motor\data\raw_mafulda\underhang\cage_fault\20g\56.7296.csv,3,Bearing,3320.4871651942367
4k_mafulda_structured_v3\underhang\cage_fault\20g\57.9584.npz,C:\dev_work\personal\Ai-Driven-Vibrations-motor\data\raw_mafulda\underhang\cage_fault\20g\57.9584.csv,3,Bearing,3398.705369474101
4k_mafulda_structured_v3\underhang\cage_fault\20g\58.7776.npz,C:\dev_work\personal\Ai-Driven-Vibrations-motor\data\raw_mafulda\underhang\cage_fault\20g\58.7776.csv,3,Bearing,3440.822268295911
4k_mafulda_structured_v3\underhang\cage_fault\20g\59.392.npz,C:\dev_work\personal\Ai-Driven-Vibrations-motor\data\raw_mafulda\underhang\cage_fault\20g\59.392.csv,3,Bearing,3473.8556178758818
4k_mafulda_structured_v3\underhang\cage_fault\20g\60.6208.npz,C:\dev_work\personal\Ai-Driven-Vibrations-motor\data\raw_mafulda\underhang\cage_fault\20g\60.6208.csv,3,Bearing,3547.6345094643675
4k_mafulda_structured_v3\underhang\cage_fault\20g\61.2352.npz,C:\dev_work\personal\Ai-Driven-Vibrations-motor\data\raw_mafulda\underhang\cage_fault\20g\61.2352.csv,3,Bearing,3591.414350391882
4k_mafulda_structured_v3\underhang\cage_fault\35g\13.312.npz,C:\dev_work\personal\Ai-Driven-Vibrations-motor\data\raw_mafulda\underhang\cage_fault\35g\13.312.csv,3,Bearing,783.6392205401887
4k_mafulda_structured_v3\underhang\cage_fault\35g\13.9264.npz,C:\dev_work\personal\Ai-Driven-Vibrations-motor\data\raw_mafulda\underhang\cage_fault\35g\13.9264.csv,3,Bearing,815.7765502798397
4k_mafulda_structured_v3\underhang\cage_fault\35g\15.36.npz,C:\dev_work\personal\Ai-Driven-Vibrations-motor\data\raw_mafulda\underhang\cage_fault\35g\15.36.csv,3,Bearing,903.1103119142325
4k_mafulda_structured_v3\underhang\cage_fault\35g\16.384.npz,C:\dev_work\personal\Ai-Driven-Vibrations-motor\data\raw_mafulda\underhang\cage_fault\35g\16.384.csv,3,Bearing,964.9986932309362
4k_mafulda_structured_v3\underhang\cage_fault\35g\17.408.npz,C:\dev_work\personal\Ai-Driven-Vibrations-motor\data\raw_mafulda\underhang\cage_fault\35g\17.408.csv,3,Bearing,1022.0760311003137
4k_mafulda_structured_v3\underhang\cage_fault\35g\18.432.npz,C:\dev_work\personal\Ai-Driven-Vibrations-motor\data\raw_mafulda\underhang\cage_fault\35g\18.432.csv,3,Bearing,1085.4664088348927
4k_mafulda_structured_v3\underhang\cage_fault\35g\19.6608.npz,C:\dev_work\personal\Ai-Driven-Vibrations-motor\data\raw_mafulda\underhang\cage_fault\35g\19.6608.csv,3,Bearing,1146.6011466011466
4k_mafulda_structured_v3\underhang\cage_fault\35g\20.2752.npz,C:\dev_work\personal\Ai-Driven-Vibrations-motor\data\raw_mafulda\underhang\cage_fault\35g\20.2752.csv,3,Bearing,1190.392540206748
4k_mafulda_structured_v3\underhang\cage_fault\35g\21.2992.npz,C:\dev_work\personal\Ai-Driven-Vibrations-motor\data\raw_mafulda\underhang\cage_fault\35g\21.2992.csv,3,Bearing,1249.590907738538
4k_mafulda_structured_v3\underhang\cage_fault\35g\22.3232.npz,C:\dev_work\personal\Ai-Driven-Vibrations-motor\data\raw_mafulda\underhang\cage_fault\35g\22.3232.csv,3,Bearing,1313.6587461581678
4k_mafulda_structured_v3\underhang\cage_fault\35g\23.7568.npz,C:\dev_work\personal\Ai-Driven-Vibrations-motor\data\raw_mafulda\underhang\cage_fault\35g\23.7568.csv,3,Bearing,1389.691685216386
4k_mafulda_structured_v3\underhang\cage_fault\35g\24.7808.npz,C:\dev_work\personal\Ai-Driven-Vibrations-motor\data\raw_mafulda\underhang\cage_fault\35g\24.7808.csv,3,Bearing,1454.1447267575059
4k_mafulda_structured_v3\underhang\cage_fault\35g\25.6.npz,C:\dev_work\personal\Ai-Driven-Vibrations-motor\data\raw_mafulda\underhang\cage_fault\35g\25.6.csv,3,Bearing,1498.1660381257427
4k_mafulda_structured_v3\underhang\cage_fault\35g\27.2384.npz,C:\dev_work\personal\Ai-Driven-Vibrations-motor\data\raw_mafulda\underhang\cage_fault\35g\27.2384.csv,3,Bearing,1601.3420771694375
4k_mafulda_structured_v3\underhang\cage_fault\35g\28.672.npz,C:\dev_work\personal\Ai-Driven-Vibrations-motor\data\raw_mafulda\underhang\cage_fault\35g\28.672.csv,3,Bearing,1673.9607493681006
4k_mafulda_structured_v3\underhang\cage_fault\35g\29.4912.npz,C:\dev_work\personal\Ai-Driven-Vibrations-motor\data\raw_mafulda\underhang\cage_fault\35g\29.4912.csv,3,Bearing,1733.6382800354868
4k_mafulda_structured_v3\underhang\cage_fault\35g\30.72.npz,C:\dev_work\personal\Ai-Driven-Vibrations-motor\data\raw_mafulda\underhang\cage_fault\35g\30.72.csv,3,Bearing,1805.8176612220993
4k_mafulda_structured_v3\underhang\cage_fault\35g\31.5392.npz,C:\dev_work\personal\Ai-Driven-Vibrations-motor\data\raw_mafulda\underhang\cage_fault\35g\31.5392.csv,3,Bearing,1852.0576360336333
4k_mafulda_structured_v3\underhang\cage_fault\35g\32.5632.npz,C:\dev_work\personal\Ai-Driven-Vibrations-motor\data\raw_mafulda\underhang\cage_fault\35g\32.5632.csv,3,Bearing,1910.9416271030973
4k_mafulda_structured_v3\underhang\cage_fault\35g\33.5872.npz,C:\dev_work\personal\Ai-Driven-Vibrations-motor\data\raw_mafulda\underhang\cage_fault\35g\33.5872.csv,3,Bearing,1973.0069770101798
4k_mafulda_structured_v3\underhang\cage_fault\35g\34.2016.npz,C:\dev_work\personal\Ai-Driven-Vibrations-motor\data\raw_mafulda\underhang\cage_fault\35g\34.2016.csv,3,Bearing,2001.8926985513576
4k_mafulda_structured_v3\underhang\cage_fault\35g\35.2256.npz,C:\dev_work\personal\Ai-Driven-Vibrations-motor\data\raw_mafulda\underhang\cage_fault\35g\35.2256.csv,3,Bearing,2060.265786334775
4k_mafulda_structured_v3\underhang\cage_fault\35g\36.2496.npz,C:\dev_work\personal\Ai-Driven-Vibrations-motor\data\raw_mafulda\underhang\cage_fault\35g\36.2496.csv,3,Bearing,2128.631903020974
4k_mafulda_structured_v3\underhang\cage_fault\35g\37.4784.npz,C:\dev_work\personal\Ai-Driven-Vibrations-motor\data\raw_mafulda\underhang\cage_fault\35g\37.4784.csv,3,Bearing,2195.6986825807903
4k_mafulda_structured_v3\underhang\cage_fault\35g\38.5024.npz,C:\dev_work\personal\Ai-Driven-Vibrations-motor\data\raw_mafulda\underhang\cage_fault\35g\38.5024.csv,3,Bearing,2255.3291244634497
4k_mafulda_structured_v3\underhang\cage_fault\35g\39.5264.npz,C:\dev_work\personal\Ai-Driven-Vibrations-motor\data\raw_mafulda\underhang\cage_fault\35g\39.5264.csv,3,Bearing,2323.6768959549463
4k_mafulda_structured_v3\underhang\cage_fault\35g\40.5504.npz,C:\dev_work\personal\Ai-Driven-Vibrations-motor\data\raw_mafulda\underhang\cage_fault\35g\40.5504.csv,3,Bearing,2379.859382927831
4k_mafulda_structured_v3\underhang\cage_fault\35g\41.3696.npz,C:\dev_work\personal\Ai-Driven-Vibrations-motor\data\raw_mafulda\underhang\cage_fault\35g\41.3696.csv,3,Bearing,2428.99323668384
4k_mafulda_structured_v3\underhang\cage_fault\35g\42.3936.npz,C:\dev_work\personal\Ai-Driven-Vibrations-motor\data\raw_mafulda\underhang\cage_fault\35g\42.3936.csv,3,Bearing,2491.624370573956
4k_mafulda_structured_v3\underhang\cage_fault\35g\43.4176.npz,C:\dev_work\personal\Ai-Driven-Vibrations-motor\data\raw_mafulda\underhang\cage_fault\35g\43.4176.csv,3,Bearing,2546.0030165912517
4k_mafulda_structured_v3\underhang\cage_fault\35g\44.6464.npz,C:\dev_work\personal\Ai-Driven-Vibrations-motor\data\raw_mafulda\underhang\cage_fault\35g\44.6464.csv,3,Bearing,2619.307231460656
4k_mafulda_structured_v3\underhang\cage_fault\35g\45.4656.npz,C:\dev_work\personal\Ai-Driven-Vibrations-motor\data\raw_mafulda\underhang\cage_fault\35g\45.4656.csv,3,Bearing,2658.806544754572
4k_mafulda_structured_v3\underhang\cage_fault\35g\46.4896.npz,C:\dev_work\personal\Ai-Driven-Vibrations-motor\data\raw_mafulda\underhang\cage_fault\35g\46.4896.csv,3,Bearing,2720.225963313059
4k_mafulda_structured_v3\underhang\cage_fault\35g\47.5136.npz,C:\dev_work\personal\Ai-Driven-Vibrations-motor\data\raw_mafulda\underhang\cage_fault\35g\47.5136.csv,3,Bearing,2779.1987046517343
4k_mafulda_structured_v3\underhang\cage_fault\35g\48.7424.npz,C:\dev_work\personal\Ai-Driven-Vibrations-motor\data\raw_mafulda\underhang\cage_fault\35g\48.7424.csv,3,Bearing,2853.2216122507944
4k_mafulda_structured_v3\underhang\cage_fault\35g\49.7664.npz,C:\dev_work\personal\Ai-Driven-Vibrations-motor\data\raw_mafulda\underhang\cage_fault\35g\49.7664.csv,3,Bearing,2911.4953730177267
4k_mafulda_structured_v3\underhang\cage_fault\35g\50.5856.npz,C:\dev_work\personal\Ai-Driven-Vibrations-motor\data\raw_mafulda\underhang\cage_fault\35g\50.5856.csv,3,Bearing,2962.915380260881
4k_mafulda_structured_v3\underhang\cage_fault\35g\51.8144.npz,C:\dev_work\personal\Ai-Driven-Vibrations-motor\data\raw_mafulda\underhang\cage_fault\35g\51.8144.csv,3,Bearing,3032.831605635611
4k_mafulda_structured_v3\underhang\cage_fault\35g\53.6576.npz,C:\dev_work\personal\Ai-Driven-Vibrations-motor\data\raw_mafulda\underhang\cage_fault\35g\53.6576.csv,3,Bearing,3140.189614514654
4k_mafulda_structured_v3\underhang\cage_fault\35g\54.6816.npz,C:\dev_work\personal\Ai-Driven-Vibrations-motor\data\raw_mafulda\underhang\cage_fault\35g\54.6816.csv,3,Bearing,3206.7639411852165
4k_mafulda_structured_v3\underhang\cage_fault\35g\56.1152.npz,C:\dev_work\personal\Ai-Driven-Vibrations-motor\data\raw_mafulda\underhang\cage_fault\35g\56.1152.csv,3,Bearing,3294.647706016051
4k_mafulda_structured_v3\underhang\cage_fault\35g\56.5248.npz,C:\dev_work\personal\Ai-Driven-Vibrations-motor\data\raw_mafulda\underhang\cage_fault\35g\56.5248.csv,3,Bearing,3317.579539171251
4k_mafulda_structured_v3\underhang\cage_fault\6g\12.9024.npz,C:\dev_work\personal\Ai-Driven-Vibrations-motor\data\raw_mafulda\underhang\cage_fault\6g\12.9024.csv,3,Bearing,758.6108448722393
4k_mafulda_structured_v3\underhang\cage_fault\6g\14.336.npz,C:\dev_work\personal\Ai-Driven-Vibrations-motor\data\raw_mafulda\underhang\cage_fault\6g\14.336.csv,3,Bearing,846.0475478721904
4k_mafulda_structured_v3\underhang\cage_fault\6g\15.5648.npz,C:\dev_work\personal\Ai-Driven-Vibrations-motor\data\raw_mafulda\underhang\cage_fault\6g\15.5648.csv,3,Bearing,908.2065544257914
4k_mafulda_structured_v3\underhang\cage_fault\6g\16.1792.npz,C:\dev_work\personal\Ai-Driven-Vibrations-motor\data\raw_mafulda\underhang\cage_fault\6g\16.1792.csv,3,Bearing,951.9702529637194
4k_mafulda_structured_v3\underhang\cage_fault\6g\17.408.npz,C:\dev_work\personal\Ai-Driven-Vibrations-motor\data\raw_mafulda\underhang\cage_fault\6g\17.408.csv,3,Bearing,1020.7346859418101
4k_mafulda_structured_v3\underhang\cage_fault\6g\18.6368.npz,C:\dev_work\personal\Ai-Driven-Vibrations-motor\data\raw_mafulda\underhang\cage_fault\6g\18.6368.csv,3,Bearing,1088.665779605661
4k_mafulda_structured_v3\underhang\cage_fault\6g\19.456.npz,C:\dev_work\personal\Ai-Driven-Vibrations-motor\data\raw_mafulda\underhang\cage_fault\6g\19.456.csv,3,Bearing,1143.0771637247472
4k_mafulda_structured_v3\underhang\cage_fault\6g\20.2752.npz,C:\dev_work\personal\Ai-Driven-Vibrations-motor\data\raw_mafulda\underhang\cage_fault\6g\20.2752.csv,3,Bearing,1190.548502703031
4k_mafulda_structured_v3\underhang\cage_fault\6g\21.7088.npz,C:\dev_work\personal\Ai-Driven-Vibrations-motor\data\raw_mafulda\underhang\cage_fault\6g\21.7088.csv,3,Bearing,1269.7056298344546
4k_mafulda_structured_v3\underhang\cage_fault\6g\22.528.npz,C:\dev_work\personal\Ai-Driven-Vibrations-motor\data\raw_mafulda\underhang\cage_fault\6g\22.528.csv,3,Bearing,1314.7049954769323
4k_mafulda_structured_v3\underhang\cage_fault\6g\23.7568.npz,C:\dev_work\personal\Ai-Driven-Vibrations-motor\data\raw_mafulda\underhang\cage_fault\6g\23.7568.csv,3,Bearing,1389.1483951680382
4k_mafulda_structured_v3\underhang\cage_fault\6g\24.3712.npz,C:\dev_work\personal\Ai-Driven-Vibrations-motor\data\raw_mafulda\underhang\cage_fault\6g\24.3712.csv,3,Bearing,1429.8812875394328
4k_mafulda_structured_v3\underhang\cage_fault\6g\25.8048.npz,C:\dev_work\personal\Ai-Driven-Vibrations-motor\data\raw_mafulda\underhang\cage_fault\6g\25.8048.csv,3,Bearing,1512.1272606302546
4k_mafulda_structured_v3\underhang\cage_fault\6g\26.624.npz,C:\dev_work\personal\Ai-Driven-Vibrations-motor\data\raw_mafulda\underhang\cage_fault\6g\26.624.csv,3,Bearing,1556.8052907243368
4k_mafulda_structured_v3\underhang\cage_fault\6g\27.4432.npz,C:\dev_work\personal\Ai-Driven-Vibrations-motor\data\raw_mafulda\underhang\cage_fault\6g\27.4432.csv,3,Bearing,1610.2864614863065
4k_mafulda_structured_v3\underhang\cage_fault\6g\28.4672.npz,C:\dev_work\personal\Ai-Driven-Vibrations-motor\data\raw_mafulda\underhang\cage_fault\6g\28.4672.csv,3,Bearing,1667.922308662318
4k_mafulda_structured_v3\underhang\cage_fault\6g\29.696.npz,C:\dev_work\personal\Ai-Driven-Vibrations-motor\data\raw_mafulda\underhang\cage_fault\6g\29.696.csv,3,Bearing,1742.1883821845108
4k_mafulda_structured_v3\underhang\cage_fault\6g\30.72.npz,C:\dev_work\personal\Ai-Driven-Vibrations-motor\data\raw_mafulda\underhang\cage_fault\6g\30.72.csv,3,Bearing,1795.123048255478
4k_mafulda_structured_v3\underhang\cage_fault\6g\31.5392.npz,C:\dev_work\personal\Ai-Driven-Vibrations-motor\data\raw_mafulda\underhang\cage_fault\6g\31.5392.csv,3,Bearing,1853.9012706695853
4k_mafulda_structured_v3\underhang\cage_fault\6g\32.768.npz,C:\dev_work\personal\Ai-Driven-Vibrations-motor\data\raw_mafulda\underhang\cage_fault\6g\32.768.csv,3,Bearing,1919.1541237673357
4k_mafulda_structured_v3\underhang\cage_fault\6g\33.5872.npz,C:\dev_work\personal\Ai-Driven-Vibrations-motor\data\raw_mafulda\underhang\cage_fault\6g\33.5872.csv,3,Bearing,1965.4893827398682
4k_mafulda_structured_v3\underhang\cage_fault\6g\35.0208.npz,C:\dev_work\personal\Ai-Driven-Vibrations-motor\data\raw_mafulda\underhang\cage_fault\6g\35.0208.csv,3,Bearing,2053.8429011537764
4k_mafulda_structured_v3\underhang\cage_fault\6g\36.0448.npz,C:\dev_work\personal\Ai-Driven-Vibrations-motor\data\raw_mafulda\underhang\cage_fault\6g\36.0448.csv,3,Bearing,2113.7903683632017
4k_mafulda_structured_v3\underhang\cage_fault\6g\36.864.npz,C:\dev_work\personal\Ai-Driven-Vibrations-motor\data\raw_mafulda\underhang\cage_fault\6g\36.864.csv,3,Bearing,2163.054861838395
4k_mafulda_structured_v3\underhang\cage_fault\6g\37.4784.npz,C:\dev_work\personal\Ai-Driven-Vibrations-motor\data\raw_mafulda\underhang\cage_fault\6g\37.4784.csv,3,Bearing,2194.1192781106465
4k_mafulda_structured_v3\underhang\cage_fault\6g\38.5024.npz,C:\dev_work\personal\Ai-Driven-Vibrations-motor\data\raw_mafulda\underhang\cage_fault\6g\38.5024.csv,3,Bearing,2250.273763251946
4k_mafulda_structured_v3\underhang\cage_fault\6g\40.3456.npz,C:\dev_work\personal\Ai-Driven-Vibrations-motor\data\raw_mafulda\underhang\cage_fault\6g\40.3456.csv,3,Bearing,2368.2175538084803
4k_mafulda_structured_v3\underhang\cage_fault\6g\41.3696.npz,C:\dev_work\personal\Ai-Driven-Vibrations-motor\data\raw_mafulda\underhang\cage_fault\6g\41.3696.csv,3,Bearing,2418.3796856106405
4k_mafulda_structured_v3\underhang\cage_fault\6g\42.3936.npz,C:\dev_work\personal\Ai-Driven-Vibrations-motor\data\raw_mafulda\underhang\cage_fault\6g\42.3936.csv,3,Bearing,2482.3165074047743
4k_mafulda_structured_v3\underhang\cage_fault\6g\43.4176.npz,C:\dev_work\personal\Ai-Driven-Vibrations-motor\data\raw_mafulda\underhang\cage_fault\6g\43.4176.csv,3,Bearing,2545.2147550080017
4k_mafulda_structured_v3\underhang\cage_fault\6g\44.4416.npz,C:\dev_work\personal\Ai-Driven-Vibrations-motor\data\raw_mafulda\underhang\cage_fault\6g\44.4416.csv,3,Bearing,2604.5539500391887
4k_mafulda_structured_v3\underhang\cage_fault\6g\45.4656.npz,C:\dev_work\personal\Ai-Driven-Vibrations-motor\data\raw_mafulda\underhang\cage_fault\6g\45.4656.csv,3,Bearing,2662.1587979730652
4k_mafulda_structured_v3\underhang\cage_fault\6g\46.4896.npz,C:\dev_work\personal\Ai-Driven-Vibrations-motor\data\raw_mafulda\underhang\cage_fault\6g\46.4896.csv,3,Bearing,2719.6040128198447
4k_mafulda_structured_v3\underhang\cage_fault\6g\47.5136.npz,C:\dev_work\personal\Ai-Driven-Vibrations-motor\data\raw_mafulda\underhang\cage_fault\6g\47.5136.csv,3,Bearing,2780.753813003334
4k_mafulda_structured_v3\underhang\cage_fault\6g\48.5376.npz,C:\dev_work\personal\Ai-Driven-Vibrations-motor\data\raw_mafulda\underhang\cage_fault\6g\48.5376.csv,3,Bearing,2841.63883894169
4k_mafulda_structured_v3\underhang\cage_fault\6g\49.7664.npz,C:\dev_work\personal\Ai-Driven-Vibrations-motor\data\raw_mafulda\underhang\cage_fault\6g\49.7664.csv,3,Bearing,2918.7807054926143
4k_mafulda_structured_v3\underhang\cage_fault\6g\50.7904.npz,C:\dev_work\personal\Ai-Driven-Vibrations-motor\data\raw_mafulda\underhang\cage_fault\6g\50.7904.csv,3,Bearing,2971.3451652484946
4k_mafulda_structured_v3\underhang\cage_fault\6g\51.6096.npz,C:\dev_work\personal\Ai-Driven-Vibrations-motor\data\raw_mafulda\underhang\cage_fault\6g\51.6096.csv,3,Bearing,3021.9603814171505
4k_mafulda_structured_v3\underhang\cage_fault\6g\52.8384.npz,C:\dev_work\personal\Ai-Driven-Vibrations-motor\data\raw_mafulda\underhang\cage_fault\6g\52.8384.csv,3,Bearing,3098.924420006753
4k_mafulda_structured_v3\underhang\cage_fault\6g\53.6576.npz,C:\dev_work\personal\Ai-Driven-Vibrations-motor\data\raw_mafulda\underhang\cage_fault\6g\53.6576.csv,3,Bearing,3146.7140348268504
4k_mafulda_structured_v3\underhang\cage_fault\6g\54.6816.npz,C:\dev_work\personal\Ai-Driven-Vibrations-motor\data\raw_mafulda\underhang\cage_fault\6g\54.6816.csv,3,Bearing,3211.280528291865
4k_mafulda_structured_v3\underhang\cage_fault\6g\56.1152.npz,C:\dev_work\personal\Ai-Driven-Vibrations-motor\data\raw_mafulda\underhang\cage_fault\6g\56.1152.csv,3,Bearing,3293.4094805787518
4k_mafulda_structured_v3\underhang\cage_fault\6g\57.1392.npz,C:\dev_work\personal\Ai-Driven-Vibrations-motor\data\raw_mafulda\underhang\cage_fault\6g\57.1392.csv,3,Bearing,3344.8106246925727
4k_mafulda_structured_v3\underhang\cage_fault\6g\57.7536.npz,C:\dev_work\personal\Ai-Driven-Vibrations-motor\data\raw_mafulda\underhang\cage_fault\6g\57.7536.csv,3,Bearing,3379.949641556942
4k_mafulda_structured_v3\underhang\cage_fault\6g\58.9824.npz,C:\dev_work\personal\Ai-Driven-Vibrations-motor\data\raw_mafulda\underhang\cage_fault\6g\58.9824.csv,3,Bearing,3456.5857695771765
4k_mafulda_structured_v3\underhang\cage_fault\6g\60.2112.npz,C:\dev_work\personal\Ai-Driven-Vibrations-motor\data\raw_mafulda\underhang\cage_fault\6g\60.2112.csv,3,Bearing,3523.5486478985413
4k_mafulda_structured_v3\underhang\cage_fault\6g\61.0304.npz,C:\dev_work\personal\Ai-Driven-Vibrations-motor\data\raw_mafulda\underhang\cage_fault\6g\61.0304.csv,3,Bearing,3578.4425943106376
4k_mafulda_structured_v3\underhang\cage_fault\6g\62.0544.npz,C:\dev_work\personal\Ai-Driven-Vibrations-motor\data\raw_mafulda\underhang\cage_fault\6g\62.0544.csv,3,Bearing,3636.26147368928
4k_mafulda_structured_v3\underhang\outer_race\0g\13.5168.npz,C:\dev_work\personal\Ai-Driven-Vibrations-motor\data\raw_mafulda\underhang\outer_race\0g\13.5168.csv,3,Bearing,795.9151187138011
4k_mafulda_structured_v3\underhang\outer_race\0g\14.7456.npz,C:\dev_work\personal\Ai-Driven-Vibrations-motor\data\raw_mafulda\underhang\outer_race\0g\14.7456.csv,3,Bearing,869.04742745868
4k_mafulda_structured_v3\underhang\outer_race\0g\15.5648.npz,C:\dev_work\personal\Ai-Driven-Vibrations-motor\data\raw_mafulda\underhang\outer_race\0g\15.5648.csv,3,Bearing,912.7937167337402
4k_mafulda_structured_v3\underhang\outer_race\0g\16.384.npz,C:\dev_work\personal\Ai-Driven-Vibrations-motor\data\raw_mafulda\underhang\outer_race\0g\16.384.csv,3,Bearing,956.8438872396281
4k_mafulda_structured_v3\underhang\outer_race\0g\17.6128.npz,C:\dev_work\personal\Ai-Driven-Vibrations-motor\data\raw_mafulda\underhang\outer_race\0g\17.6128.csv,3,Bearing,1033.1080752588846
4k_mafulda_structured_v3\underhang\outer_race\0g\18.6368.npz,C:\dev_work\personal\Ai-Driven-Vibrations-motor\data\raw_mafulda\underhang\outer_race\0g\18.6368.csv,3,Bearing,1087.7624685282208
4k_mafulda_structured_v3\underhang\outer_race\0g\19.6608.npz,C:\dev_work\personal\Ai-Driven-Vibrations-motor\data\raw_mafulda\underhang\outer_race\0g\19.6608.csv,3,Bearing,1147.6248192994253
4k_mafulda_structured_v3\underhang\outer_race\0g\20.6848.npz,C:\dev_work\personal\Ai-Driven-Vibrations-motor\data\raw_mafulda\underhang\outer_race\0g\20.6848.csv,3,Bearing,1207.9823473512974
4k_mafulda_structured_v3\underhang\outer_race\0g\21.504.npz,C:\dev_work\personal\Ai-Driven-Vibrations-motor\data\raw_mafulda\underhang\outer_race\0g\21.504.csv,3,Bearing,1255.6898446083817
4k_mafulda_structured_v3\underhang\outer_race\0g\22.528.npz,C:\dev_work\personal\Ai-Driven-Vibrations-motor\data\raw_mafulda\underhang\outer_race\0g\22.528.csv,3,Bearing,1322.8315877619873
4k_mafulda_structured_v3\underhang\outer_race\0g\23.7568.npz,C:\dev_work\personal\Ai-Driven-Vibrations-motor\data\raw_mafulda\underhang\outer_race\0g\23.7568.csv,3,Bearing,1392.2012517705168
4k_mafulda_structured_v3\underhang\outer_race\0g\24.576.npz,C:\dev_work\personal\Ai-Driven-Vibrations-motor\data\raw_mafulda\underhang\outer_race\0g\24.576.csv,3,Bearing,1444.8761534725595
4k_mafulda_structured_v3\underhang\outer_race\0g\25.6.npz,C:\dev_work\personal\Ai-Driven-Vibrations-motor\data\raw_mafulda\underhang\outer_race\0g\25.6.csv,3,Bearing,1501.8288399583364
4k_mafulda_structured_v3\underhang\outer_race\0g\26.624.npz,C:\dev_work\personal\Ai-Driven-Vibrations-motor\data\raw_mafulda\underhang\outer_race\0g\26.624.csv,3,Bearing,1554.7565834224079
4k_mafulda_structured_v3\underhang\outer_race\0g\26.8288.npz,C:\dev_work\personal\Ai-Driven-Vibrations-motor\data\raw_mafulda\underhang\outer_race\0g\26.8288.csv,3,Bearing,1567.0265470369136
4k_mafulda_structured_v3\underhang\outer_race\0g\28.672.npz,C:\dev_work\personal\Ai-Driven-Vibrations-motor\data\raw_mafulda\underhang\outer_race\0g\28.672.csv,3,Bearing,1677.4068978833297
4k_mafulda_structured_v3\underhang\outer_race\0g\29.4912.npz,C:\dev_work\personal\Ai-Driven-Vibrations-motor\data\raw_mafulda\underhang\outer_race\0g\29.4912.csv,3,Bearing,1724.4428723027945
4k_mafulda_structured_v3\underhang\outer_race\0g\30.72.npz,C:\dev_work\personal\Ai-Driven-Vibrations-motor\data\raw_mafulda\underhang\outer_race\0g\30.72.csv,3,Bearing,1795.490787565724
4k_mafulda_structured_v3\underhang\outer_race\0g\31.3344.npz,C:\dev_work\personal\Ai-Driven-Vibrations-motor\data\raw_mafulda\underhang\outer_race\0g\31.3344.csv,3,Bearing,1840.372725596016
4k_mafulda_structured_v3\underhang\outer_race\0g\32.768.npz,C:\dev_work\personal\Ai-Driven-Vibrations-motor\data\raw_mafulda\underhang\outer_race\0g\32.768.csv,3,Bearing,1915.4780262143408
4k_mafulda_structured_v3\underhang\outer_race\0g\33.792.npz,C:\dev_work\personal\Ai-Driven-Vibrations-motor\data\raw_mafulda\underhang\outer_race\0g\33.792.csv,3,Bearing,1974.4173651824215
4k_mafulda_structured_v3\underhang\outer_race\0g\34.816.npz,C:\dev_work\personal\Ai-Driven-Vibrations-motor\data\raw_mafulda\underhang\outer_race\0g\34.816.csv,3,Bearing,2037.5847988939975
4k_mafulda_structured_v3\underhang\outer_race\0g\35.4304.npz,C:\dev_work\personal\Ai-Driven-Vibrations-motor\data\raw_mafulda\underhang\outer_race\0g\35.4304.csv,3,Bearing,2080.927636643572
4k_mafulda_structured_v3\underhang\outer_race\0g\36.6592.npz,C:\dev_work\personal\Ai-Driven-Vibrations-motor\data\raw_mafulda\underhang\outer_race\0g\36.6592.csv,3,Bearing,2144.7936539813236
4k_mafulda_structured_v3\underhang\outer_race\0g\37.2736.npz,C:\dev_work\personal\Ai-Driven-Vibrations-motor\data\raw_mafulda\underhang\outer_race\0g\37.2736.csv,3,Bearing,2178.4831659017236
4k_mafulda_structured_v3\underhang\outer_race\0g\38.7072.npz,C:\dev_work\personal\Ai-Driven-Vibrations-motor\data\raw_mafulda\underhang\outer_race\0g\38.7072.csv,3,Bearing,2264.3691082239957
4k_mafulda_structured_v3\underhang\outer_race\0g\39.5264.npz,C:\dev_work\personal\Ai-Driven-Vibrations-motor\data\raw_mafulda\underhang\outer_race\0g\39.5264.csv,3,Bearing,2319.6530185693055
4k_mafulda_structured_v3\underhang\outer_race\0g\40.7552.npz,C:\dev_work\personal\Ai-Driven-Vibrations-motor\data\raw_mafulda\underhang\outer_race\0g\40.7552.csv,3,Bearing,2382.3728594924055
4k_mafulda_structured_v3\underhang\outer_race\0g\41.7792.npz,C:\dev_work\personal\Ai-Driven-Vibrations-motor\data\raw_mafulda\underhang\outer_race\0g\41.7792.csv,3,Bearing,2452.283160183619
4k_mafulda_structured_v3\underhang\outer_race\0g\43.008.npz,C:\dev_work\personal\Ai-Driven-Vibrations-motor\data\raw_mafulda\underhang\outer_race\0g\43.008.csv,3,Bearing,2514.2940031670432
4k_mafulda_structured_v3\underhang\outer_race\0g\43.8272.npz,C:\dev_work\personal\Ai-Driven-Vibrations-motor\data\raw_mafulda\underhang\outer_race\0g\43.8272.csv,3,Bearing,2566.8034821352903
4k_mafulda_structured_v3\underhang\outer_race\0g\44.6464.npz,C:\dev_work\personal\Ai-Driven-Vibrations-motor\data\raw_mafulda\underhang\outer_race\0g\44.6464.csv,3,Bearing,2611.3974603353713
4k_mafulda_structured_v3\underhang\outer_race\0g\45.6704.npz,C:\dev_work\personal\Ai-Driven-Vibrations-motor\data\raw_mafulda\underhang\outer_race\0g\45.6704.csv,3,Bearing,2677.7887628936132
4k_mafulda_structured_v3\underhang\outer_race\0g\46.4896.npz,C:\dev_work\personal\Ai-Driven-Vibrations-motor\data\raw_mafulda\underhang\outer_race\0g\46.4896.csv,3,Bearing,2729.5455185935193
4k_mafulda_structured_v3\underhang\outer_race\0g\47.9232.npz,C:\dev_work\personal\Ai-Driven-Vibrations-motor\data\raw_mafulda\underhang\outer_race\0g\47.9232.csv,3,Bearing,2808.9436121648555
4k_mafulda_structured_v3\underhang\outer_race\0g\48.5376.npz,C:\dev_work\personal\Ai-Driven-Vibrations-motor\data\raw_mafulda\underhang\outer_race\0g\48.5376.csv,3,Bearing,2844.2987477854244
4k_mafulda_structured_v3\underhang\outer_race\0g\49.7664.npz,C:\dev_work\personal\Ai-Driven-Vibrations-motor\data\raw_mafulda\underhang\outer_race\0g\49.7664.csv,3,Bearing,2916.459113332155
4k_mafulda_structured_v3\underhang\outer_race\0g\49.9712.npz,C:\dev_work\personal\Ai-Driven-Vibrations-motor\data\raw_mafulda\underhang\outer_race\0g\49.9712.csv,3,Bearing,2930.4529941672326
4k_mafulda_structured_v3\underhang\outer_race\0g\51.4048.npz,C:\dev_work\personal\Ai-Driven-Vibrations-motor\data\raw_mafulda\underhang\outer_race\0g\51.4048.csv,3,Bearing,3014.033339227443
4k_mafulda_structured_v3\underhang\outer_race\0g\52.224.npz,C:\dev_work\personal\Ai-Driven-Vibrations-motor\data\raw_mafulda\underhang\outer_race\0g\52.224.csv,3,Bearing,3054.389783426929
4k_mafulda_structured_v3\underhang\outer_race\0g\53.4528.npz,C:\dev_work\personal\Ai-Driven-Vibrations-motor\data\raw_mafulda\underhang\outer_race\0g\53.4528.csv,3,Bearing,3135.172794868407
4k_mafulda_structured_v3\underhang\outer_race\0g\54.272.npz,C:\dev_work\personal\Ai-Driven-Vibrations-motor\data\raw_mafulda\underhang\outer_race\0g\54.272.csv,3,Bearing,3178.910019185846
4k_mafulda_structured_v3\underhang\outer_race\0g\55.296.npz,C:\dev_work\personal\Ai-Driven-Vibrations-motor\data\raw_mafulda\underhang\outer_race\0g\55.296.csv,3,Bearing,3238.41474180966
4k_mafulda_structured_v3\underhang\outer_race\0g\56.7296.npz,C:\dev_work\personal\Ai-Driven-Vibrations-motor\data\raw_mafulda\underhang\outer_race\0g\56.7296.csv,3,Bearing,3319.3956134267146
4k_mafulda_structured_v3\underhang\outer_race\0g\57.7536.npz,C:\dev_work\personal\Ai-Driven-Vibrations-motor\data\raw_mafulda\underhang\outer_race\0g\57.7536.csv,3,Bearing,3383.0015209461167
4k_mafulda_structured_v3\underhang\outer_race\0g\58.368.npz,C:\dev_work\personal\Ai-Driven-Vibrations-motor\data\raw_mafulda\underhang\outer_race\0g\58.368.csv,3,Bearing,3419.462036747176
4k_mafulda_structured_v3\underhang\outer_race\0g\59.1872.npz,C:\dev_work\personal\Ai-Driven-Vibrations-motor\data\raw_mafulda\underhang\outer_race\0g\59.1872.csv,3,Bearing,3469.545104086353
4k_mafulda_structured_v3\underhang\outer_race\0g\60.416.npz,C:\dev_work\personal\Ai-Driven-Vibrations-motor\data\raw_mafulda\underhang\outer_race\0g\60.416.csv,3,Bearing,3539.8940439877993
4k_mafulda_structured_v3\underhang\outer_race\0g\61.2352.npz,C:\dev_work\personal\Ai-Driven-Vibrations-motor\data\raw_mafulda\underhang\outer_race\0g\61.2352.csv,3,Bearing,3587.048108173173
4k_mafulda_structured_v3\underhang\outer_race\20g\12.9024.npz,C:\dev_work\personal\Ai-Driven-Vibrations-motor\data\raw_mafulda\underhang\outer_race\20g\12.9024.csv,3,Bearing,756.3096966222233
4k_mafulda_structured_v3\underhang\outer_race\20g\13.9264.npz,C:\dev_work\personal\Ai-Driven-Vibrations-motor\data\raw_mafulda\underhang\outer_race\20g\13.9264.csv,3,Bearing,815.0157529164183
4k_mafulda_structured_v3\underhang\outer_race\20g\15.9744.npz,C:\dev_work\personal\Ai-Driven-Vibrations-motor\data\raw_mafulda\underhang\outer_race\20g\15.9744.csv,3,Bearing,941.7105326701115
4k_mafulda_structured_v3\underhang\outer_race\20g\16.384.npz,C:\dev_work\personal\Ai-Driven-Vibrations-motor\data\raw_mafulda\underhang\outer_race\20g\16.384.csv,3,Bearing,960.5797524379273
4k_mafulda_structured_v3\underhang\outer_race\20g\16.9984.npz,C:\dev_work\personal\Ai-Driven-Vibrations-motor\data\raw_mafulda\underhang\outer_race\20g\16.9984.csv,3,Bearing,996.8029369218241
4k_mafulda_structured_v3\underhang\outer_race\20g\18.2272.npz,C:\dev_work\personal\Ai-Driven-Vibrations-motor\data\raw_mafulda\underhang\outer_race\20g\18.2272.csv,3,Bearing,1074.030829566767
4k_mafulda_structured_v3\underhang\outer_race\20g\19.456.npz,C:\dev_work\personal\Ai-Driven-Vibrations-motor\data\raw_mafulda\underhang\outer_race\20g\19.456.csv,3,Bearing,1135.421112390585
4k_mafulda_structured_v3\underhang\outer_race\20g\20.2752.npz,C:\dev_work\personal\Ai-Driven-Vibrations-motor\data\raw_mafulda\underhang\outer_race\20g\20.2752.csv,3,Bearing,1186.6322247336132
4k_mafulda_structured_v3\underhang\outer_race\20g\21.0944.npz,C:\dev_work\personal\Ai-Driven-Vibrations-motor\data\raw_mafulda\underhang\outer_race\20g\21.0944.csv,3,Bearing,1240.9239863779478
4k_mafulda_structured_v3\underhang\outer_race\20g\22.3232.npz,C:\dev_work\personal\Ai-Driven-Vibrations-motor\data\raw_mafulda\underhang\outer_race\20g\22.3232.csv,3,Bearing,1312.048983162038
4k_mafulda_structured_v3\underhang\outer_race\20g\23.1424.npz,C:\dev_work\personal\Ai-Driven-Vibrations-motor\data\raw_mafulda\underhang\outer_race\20g\23.1424.csv,3,Bearing,1358.7396072595513
4k_mafulda_structured_v3\underhang\outer_race\20g\24.3712.npz,C:\dev_work\personal\Ai-Driven-Vibrations-motor\data\raw_mafulda\underhang\outer_race\20g\24.3712.csv,3,Bearing,1432.8213223240848
4k_mafulda_structured_v3\underhang\outer_race\20g\25.8048.npz,C:\dev_work\personal\Ai-Driven-Vibrations-motor\data\raw_mafulda\underhang\outer_race\20g\25.8048.csv,3,Bearing,1512.4870934434691
4k_mafulda_structured_v3\underhang\outer_race\20g\26.624.npz,C:\dev_work\personal\Ai-Driven-Vibrations-motor\data\raw_mafulda\underhang\outer_race\20g\26.624.csv,3,Bearing,1559.6474471352058
4k_mafulda_structured_v3\underhang\outer_race\20g\28.0576.npz,C:\dev_work\personal\Ai-Driven-Vibrations-motor\data\raw_mafulda\underhang\outer_race\20g\28.0576.csv,3,Bearing,1643.1404925394172
4k_mafulda_structured_v3\underhang\outer_race\20g\28.4672.npz,C:\dev_work\personal\Ai-Driven-Vibrations-motor\data\raw_mafulda\underhang\outer_race\20g\28.4672.csv,3,Bearing,1673.106320490136
4k_mafulda_structured_v3\underhang\outer_race\20g\29.4912.npz,C:\dev_work\personal\Ai-Driven-Vibrations-motor\data\raw_mafulda\underhang\outer_race\20g\29.4912.csv,3,Bearing,1726.4832060269957
4k_mafulda_structured_v3\underhang\outer_race\20g\30.72.npz,C:\dev_work\personal\Ai-Driven-Vibrations-motor\data\raw_mafulda\underhang\outer_race\20g\30.72.csv,3,Bearing,1796.9704766192835
4k_mafulda_structured_v3\underhang\outer_race\20g\31.9488.npz,C:\dev_work\personal\Ai-Driven-Vibrations-motor\data\raw_mafulda\underhang\outer_race\20g\31.9488.csv,3,Bearing,1867.8224403803126
4k_mafulda_structured_v3\underhang\outer_race\20g\32.3584.npz,C:\dev_work\personal\Ai-Driven-Vibrations-motor\data\raw_mafulda\underhang\outer_race\20g\32.3584.csv,3,Bearing,1890.763941353997
4k_mafulda_structured_v3\underhang\outer_race\20g\33.1776.npz,C:\dev_work\personal\Ai-Driven-Vibrations-motor\data\raw_mafulda\underhang\outer_race\20g\33.1776.csv,3,Bearing,1943.9279418511987
4k_mafulda_structured_v3\underhang\outer_race\20g\34.2016.npz,C:\dev_work\personal\Ai-Driven-Vibrations-motor\data\raw_mafulda\underhang\outer_race\20g\34.2016.csv,3,Bearing,2002.6219065925668
4k_mafulda_structured_v3\underhang\outer_race\20g\35.0208.npz,C:\dev_work\personal\Ai-Driven-Vibrations-motor\data\raw_mafulda\underhang\outer_race\20g\35.0208.csv,3,Bearing,2047.4609476933947
4k_mafulda_structured_v3\underhang\outer_race\20g\36.6592.npz,C:\dev_work\personal\Ai-Driven-Vibrations-motor\data\raw_mafulda\underhang\outer_race\20g\36.6592.csv,3,Bearing,2151.603428060293
4k_mafulda_structured_v3\underhang\outer_race\20g\37.888.npz,C:\dev_work\personal\Ai-Driven-Vibrations-motor\data\raw_mafulda\underhang\outer_race\20g\37.888.csv,3,Bearing,2221.739235431911
4k_mafulda_structured_v3\underhang\outer_race\20g\38.2976.npz,C:\dev_work\personal\Ai-Driven-Vibrations-motor\data\raw_mafulda\underhang\outer_race\20g\38.2976.csv,3,Bearing,2240.145167830231
4k_mafulda_structured_v3\underhang\outer_race\20g\39.1168.npz,C:\dev_work\personal\Ai-Driven-Vibrations-motor\data\raw_mafulda\underhang\outer_race\20g\39.1168.csv,3,Bearing,2288.136613798668
4k_mafulda_structured_v3\underhang\outer_race\20g\40.3456.npz,C:\dev_work\personal\Ai-Driven-Vibrations-motor\data\raw_mafulda\underhang\outer_race\20g\40.3456.csv,3,Bearing,2362.0339200925528
4k_mafulda_structured_v3\underhang\outer_race\20g\41.3696.npz,C:\dev_work\personal\Ai-Driven-Vibrations-motor\data\raw_mafulda\underhang\outer_race\20g\41.3696.csv,3,Bearing,2419.8499933785197
4k_mafulda_structured_v3\underhang\outer_race\20g\42.3936.npz,C:\dev_work\personal\Ai-Driven-Vibrations-motor\data\raw_mafulda\underhang\outer_race\20g\42.3936.csv,3,Bearing,2478.9509785438368
4k_mafulda_structured_v3\underhang\outer_race\20g\43.6224.npz,C:\dev_work\personal\Ai-Driven-Vibrations-motor\data\raw_mafulda\underhang\outer_race\20g\43.6224.csv,3,Bearing,2553.850746991257
4k_mafulda_structured_v3\underhang\outer_race\20g\44.4416.npz,C:\dev_work\personal\Ai-Driven-Vibrations-motor\data\raw_mafulda\underhang\outer_race\20g\44.4416.csv,3,Bearing,2604.271326490423
4k_mafulda_structured_v3\underhang\outer_race\20g\45.6704.npz,C:\dev_work\personal\Ai-Driven-Vibrations-motor\data\raw_mafulda\underhang\outer_race\20g\45.6704.csv,3,Bearing,2672.4388120344393
4k_mafulda_structured_v3\underhang\outer_race\20g\46.8992.npz,C:\dev_work\personal\Ai-Driven-Vibrations-motor\data\raw_mafulda\underhang\outer_race\20g\46.8992.csv,3,Bearing,2748.710035202778
4k_mafulda_structured_v3\underhang\outer_race\20g\47.3088.npz,C:\dev_work\personal\Ai-Driven-Vibrations-motor\data\raw_mafulda\underhang\outer_race\20g\47.3088.csv,3,Bearing,2777.3102171351625
4k_mafulda_structured_v3\underhang\outer_race\20g\48.3328.npz,C:\dev_work\personal\Ai-Driven-Vibrations-motor\data\raw_mafulda\underhang\outer_race\20g\48.3328.csv,3,Bearing,2836.6340219044478
4k_mafulda_structured_v3\underhang\outer_race\20g\49.3568.npz,C:\dev_work\personal\Ai-Driven-Vibrations-motor\data\raw_mafulda\underhang\outer_race\20g\49.3568.csv,3,Bearing,2892.437481169027
4k_mafulda_structured_v3\underhang\outer_race\20g\50.5856.npz,C:\dev_work\personal\Ai-Driven-Vibrations-motor\data\raw_mafulda\underhang\outer_race\20g\50.5856.csv,3,Bearing,2964.700778133524
4k_mafulda_structured_v3\underhang\outer_race\20g\51.2.npz,C:\dev_work\personal\Ai-Driven-Vibrations-motor\data\raw_mafulda\underhang\outer_race\20g\51.2.csv,3,Bearing,2999.662688533016
4k_mafulda_structured_v3\underhang\outer_race\20g\52.224.npz,C:\dev_work\personal\Ai-Driven-Vibrations-motor\data\raw_mafulda\underhang\outer_race\20g\52.224.csv,3,Bearing,3059.0738473273254
4k_mafulda_structured_v3\underhang\outer_race\20g\53.4528.npz,C:\dev_work\personal\Ai-Driven-Vibrations-motor\data\raw_mafulda\underhang\outer_race\20g\53.4528.csv,3,Bearing,3135.96835084249
4k_mafulda_structured_v3\underhang\outer_race\20g\54.0672.npz,C:\dev_work\personal\Ai-Driven-Vibrations-motor\data\raw_mafulda\underhang\outer_race\20g\54.0672.csv,3,Bearing,3172.2163700838687
4k_mafulda_structured_v3\underhang\outer_race\20g\55.296.npz,C:\dev_work\personal\Ai-Driven-Vibrations-motor\data\raw_mafulda\underhang\outer_race\20g\55.296.csv,3,Bearing,3234.2150994400463
4k_mafulda_structured_v3\underhang\outer_race\20g\56.7296.npz,C:\dev_work\personal\Ai-Driven-Vibrations-motor\data\raw_mafulda\underhang\outer_race\20g\56.7296.csv,3,Bearing,3328.9911709364596
4k_mafulda_structured_v3\underhang\outer_race\20g\57.5488.npz,C:\dev_work\personal\Ai-Driven-Vibrations-motor\data\raw_mafulda\underhang\outer_race\20g\57.5488.csv,3,Bearing,3371.9637273044764
4k_mafulda_structured_v3\underhang\outer_race\20g\58.5728.npz,C:\dev_work\personal\Ai-Driven-Vibrations-motor\data\raw_mafulda\underhang\outer_race\20g\58.5728.csv,3,Bearing,3429.882651315392
4k_mafulda_structured_v3\underhang\outer_race\20g\59.392.npz,C:\dev_work\personal\Ai-Driven-Vibrations-motor\data\raw_mafulda\underhang\outer_race\20g\59.392.csv,3,Bearing,3474.1701261440317
4k_mafulda_structured_v3\underhang\outer_race\20g\60.6208.npz,C:\dev_work\personal\Ai-Driven-Vibrations-motor\data\raw_mafulda\underhang\outer_race\20g\60.6208.csv,3,Bearing,3551.891733523838
4k_mafulda_structured_v3\underhang\outer_race\20g\61.44.npz,C:\dev_work\personal\Ai-Driven-Vibrations-motor\data\raw_mafulda\underhang\outer_race\20g\61.44.csv,3,Bearing,3601.166778036083
4k_mafulda_structured_v3\underhang\outer_race\35g\13.1072.npz,C:\dev_work\personal\Ai-Driven-Vibrations-motor\data\raw_mafulda\underhang\outer_race\35g\13.1072.csv,3,Bearing,771.9516080282967
4k_mafulda_structured_v3\underhang\outer_race\35g\14.7456.npz,C:\dev_work\personal\Ai-Driven-Vibrations-motor\data\raw_mafulda\underhang\outer_race\35g\14.7456.csv,3,Bearing,860.0283399814889
4k_mafulda_structured_v3\underhang\outer_race\35g\16.384.npz,C:\dev_work\personal\Ai-Driven-Vibrations-motor\data\raw_mafulda\underhang\outer_race\35g\16.384.csv,3,Bearing,956.9609826414545
4k_mafulda_structured_v3\underhang\outer_race\35g\17.8176.npz,C:\dev_work\personal\Ai-Driven-Vibrations-motor\data\raw_mafulda\underhang\outer_race\35g\17.8176.csv,3,Bearing,1038.104543234001
4k_mafulda_structured_v3\underhang\outer_race\35g\18.6368.npz,C:\dev_work\personal\Ai-Driven-Vibrations-motor\data\raw_mafulda\underhang\outer_race\35g\18.6368.csv,3,Bearing,1094.3624122990122
4k_mafulda_structured_v3\underhang\outer_race\35g\19.2512.npz,C:\dev_work\personal\Ai-Driven-Vibrations-motor\data\raw_mafulda\underhang\outer_race\35g\19.2512.csv,3,Bearing,1131.1173594426239
4k_mafulda_structured_v3\underhang\outer_race\35g\20.6848.npz,C:\dev_work\personal\Ai-Driven-Vibrations-motor\data\raw_mafulda\underhang\outer_race\35g\20.6848.csv,3,Bearing,1214.3880698516018
4k_mafulda_structured_v3\underhang\outer_race\35g\21.0944.npz,C:\dev_work\personal\Ai-Driven-Vibrations-motor\data\raw_mafulda\underhang\outer_race\35g\21.0944.csv,3,Bearing,1236.8933765572326
4k_mafulda_structured_v3\underhang\outer_race\35g\22.3232.npz,C:\dev_work\personal\Ai-Driven-Vibrations-motor\data\raw_mafulda\underhang\outer_race\35g\22.3232.csv,3,Bearing,1306.5517116230678
4k_mafulda_structured_v3\underhang\outer_race\35g\23.552.npz,C:\dev_work\personal\Ai-Driven-Vibrations-motor\data\raw_mafulda\underhang\outer_race\35g\23.552.csv,3,Bearing,1374.0568425620133
4k_mafulda_structured_v3\underhang\outer_race\35g\24.3712.npz,C:\dev_work\personal\Ai-Driven-Vibrations-motor\data\raw_mafulda\underhang\outer_race\35g\24.3712.csv,3,Bearing,1427.0510835913312
4k_mafulda_structured_v3\underhang\outer_race\35g\25.8048.npz,C:\dev_work\personal\Ai-Driven-Vibrations-motor\data\raw_mafulda\underhang\outer_race\35g\25.8048.csv,3,Bearing,1507.525567633627
4k_mafulda_structured_v3\underhang\outer_race\35g\26.2144.npz,C:\dev_work\personal\Ai-Driven-Vibrations-motor\data\raw_mafulda\underhang\outer_race\35g\26.2144.csv,3,Bearing,1533.2321994986573
4k_mafulda_structured_v3\underhang\outer_race\35g\27.2384.npz,C:\dev_work\personal\Ai-Driven-Vibrations-motor\data\raw_mafulda\underhang\outer_race\35g\27.2384.csv,3,Bearing,1593.2792584009271
4k_mafulda_structured_v3\underhang\outer_race\35g\28.672.npz,C:\dev_work\personal\Ai-Driven-Vibrations-motor\data\raw_mafulda\underhang\outer_race\35g\28.672.csv,3,Bearing,1682.6321693446207
4k_mafulda_structured_v3\underhang\outer_race\35g\29.4912.npz,C:\dev_work\personal\Ai-Driven-Vibrations-motor\data\raw_mafulda\underhang\outer_race\35g\29.4912.csv,3,Bearing,1723.1822235075797
4k_mafulda_structured_v3\underhang\outer_race\35g\30.9248.npz,C:\dev_work\personal\Ai-Driven-Vibrations-motor\data\raw_mafulda\underhang\outer_race\35g\30.9248.csv,3,Bearing,1807.0112034694614
4k_mafulda_structured_v3\underhang\outer_race\35g\31.5392.npz,C:\dev_work\personal\Ai-Driven-Vibrations-motor\data\raw_mafulda\underhang\outer_race\35g\31.5392.csv,3,Bearing,1844.0548315040094
4k_mafulda_structured_v3\underhang\outer_race\35g\32.5632.npz,C:\dev_work\personal\Ai-Driven-Vibrations-motor\data\raw_mafulda\underhang\outer_race\35g\32.5632.csv,3,Bearing,1911.9147786172098
4k_mafulda_structured_v3\underhang\outer_race\35g\33.1776.npz,C:\dev_work\personal\Ai-Driven-Vibrations-motor\data\raw_mafulda\underhang\outer_race\35g\33.1776.csv,3,Bearing,1938.8090975505977
4k_mafulda_structured_v3\underhang\outer_race\35g\34.2016.npz,C:\dev_work\personal\Ai-Driven-Vibrations-motor\data\raw_mafulda\underhang\outer_race\35g\34.2016.csv,3,Bearing,2008.461349218192
4k_mafulda_structured_v3\underhang\outer_race\35g\35.6352.npz,C:\dev_work\personal\Ai-Driven-Vibrations-motor\data\raw_mafulda\underhang\outer_race\35g\35.6352.csv,3,Bearing,2083.0323171025384
4k_mafulda_structured_v3\underhang\outer_race\35g\36.4544.npz,C:\dev_work\personal\Ai-Driven-Vibrations-motor\data\raw_mafulda\underhang\outer_race\35g\36.4544.csv,3,Bearing,2137.2337513885977
4k_mafulda_structured_v3\underhang\outer_race\35g\37.4784.npz,C:\dev_work\personal\Ai-Driven-Vibrations-motor\data\raw_mafulda\underhang\outer_race\35g\37.4784.csv,3,Bearing,2197.554516256269
4k_mafulda_structured_v3\underhang\outer_race\35g\38.0928.npz,C:\dev_work\personal\Ai-Driven-Vibrations-motor\data\raw_mafulda\underhang\outer_race\35g\38.0928.csv,3,Bearing,2230.895694572291
4k_mafulda_structured_v3\underhang\outer_race\35g\39.3216.npz,C:\dev_work\personal\Ai-Driven-Vibrations-motor\data\raw_mafulda\underhang\outer_race\35g\39.3216.csv,3,Bearing,2299.1734210737504
4k_mafulda_structured_v3\underhang\outer_race\35g\39.936.npz,C:\dev_work\personal\Ai-Driven-Vibrations-motor\data\raw_mafulda\underhang\outer_race\35g\39.936.csv,3,Bearing,2339.6044380125422
4k_mafulda_structured_v3\underhang\outer_race\35g\40.96.npz,C:\dev_work\personal\Ai-Driven-Vibrations-motor\data\raw_mafulda\underhang\outer_race\35g\40.96.csv,3,Bearing,2398.678918545364
4k_mafulda_structured_v3\underhang\outer_race\35g\42.1888.npz,C:\dev_work\personal\Ai-Driven-Vibrations-motor\data\raw_mafulda\underhang\outer_race\35g\42.1888.csv,3,Bearing,2472.6799025402265
4k_mafulda_structured_v3\underhang\outer_race\35g\43.4176.npz,C:\dev_work\personal\Ai-Driven-Vibrations-motor\data\raw_mafulda\underhang\outer_race\35g\43.4176.csv,3,Bearing,2547.058208126444
4k_mafulda_structured_v3\underhang\outer_race\35g\44.2368.npz,C:\dev_work\personal\Ai-Driven-Vibrations-motor\data\raw_mafulda\underhang\outer_race\35g\44.2368.csv,3,Bearing,2595.7066691235086
4k_mafulda_structured_v3\underhang\outer_race\35g\45.6704.npz,C:\dev_work\personal\Ai-Driven-Vibrations-motor\data\raw_mafulda\underhang\outer_race\35g\45.6704.csv,3,Bearing,2678.6683880931987
4k_mafulda_structured_v3\underhang\outer_race\35g\46.8992.npz,C:\dev_work\personal\Ai-Driven-Vibrations-motor\data\raw_mafulda\underhang\outer_race\35g\46.8992.csv,3,Bearing,2751.8415708328826
4k_mafulda_structured_v3\underhang\outer_race\35g\47.104.npz,C:\dev_work\personal\Ai-Driven-Vibrations-motor\data\raw_mafulda\underhang\outer_race\35g\47.104.csv,3,Bearing,2762.5975655362936
4k_mafulda_structured_v3\underhang\outer_race\35g\48.128.npz,C:\dev_work\personal\Ai-Driven-Vibrations-motor\data\raw_mafulda\underhang\outer_race\35g\48.128.csv,3,Bearing,2819.175210534559
4k_mafulda_structured_v3\underhang\outer_race\35g\48.9472.npz,C:\dev_work\personal\Ai-Driven-Vibrations-motor\data\raw_mafulda\underhang\outer_race\35g\48.9472.csv,3,Bearing,2848.555806346486
4k_mafulda_structured_v3\underhang\outer_race\35g\58.9824.npz,C:\dev_work\personal\Ai-Driven-Vibrations-motor\data\raw_mafulda\underhang\outer_race\35g\58.9824.csv,3,Bearing,3456.1795768287443
4k_mafulda_structured_v3\underhang\outer_race\6g\13.5168.npz,C:\dev_work\personal\Ai-Driven-Vibrations-motor\data\raw_mafulda\underhang\outer_race\6g\13.5168.csv,3,Bearing,797.7319865981027
4k_mafulda_structured_v3\underhang\outer_race\6g\14.336.npz,C:\dev_work\personal\Ai-Driven-Vibrations-motor\data\raw_mafulda\underhang\outer_race\6g\14.336.csv,3,Bearing,836.684788100483
4k_mafulda_structured_v3\underhang\outer_race\6g\15.7696.npz,C:\dev_work\personal\Ai-Driven-Vibrations-motor\data\raw_mafulda\underhang\outer_race\6g\15.7696.csv,3,Bearing,928.9855722021439
4k_mafulda_structured_v3\underhang\outer_race\6g\16.7936.npz,C:\dev_work\personal\Ai-Driven-Vibrations-motor\data\raw_mafulda\underhang\outer_race\6g\16.7936.csv,3,Bearing,986.329393427718
4k_mafulda_structured_v3\underhang\outer_race\6g\17.6128.npz,C:\dev_work\personal\Ai-Driven-Vibrations-motor\data\raw_mafulda\underhang\outer_race\6g\17.6128.csv,3,Bearing,1029.8661174047375
4k_mafulda_structured_v3\underhang\outer_race\6g\18.432.npz,C:\dev_work\personal\Ai-Driven-Vibrations-motor\data\raw_mafulda\underhang\outer_race\6g\18.432.csv,3,Bearing,1081.9704018284083
4k_mafulda_structured_v3\underhang\outer_race\6g\19.8656.npz,C:\dev_work\personal\Ai-Driven-Vibrations-motor\data\raw_mafulda\underhang\outer_race\6g\19.8656.csv,3,Bearing,1159.761121424573
4k_mafulda_structured_v3\underhang\outer_race\6g\20.0704.npz,C:\dev_work\personal\Ai-Driven-Vibrations-motor\data\raw_mafulda\underhang\outer_race\6g\20.0704.csv,3,Bearing,1172.1062870814553
4k_mafulda_structured_v3\underhang\outer_race\6g\21.0944.npz,C:\dev_work\personal\Ai-Driven-Vibrations-motor\data\raw_mafulda\underhang\outer_race\6g\21.0944.csv,3,Bearing,1235.8193765170088
4k_mafulda_structured_v3\underhang\outer_race\6g\21.9136.npz,C:\dev_work\personal\Ai-Driven-Vibrations-motor\data\raw_mafulda\underhang\outer_race\6g\21.9136.csv,3,Bearing,1283.0185634226739
4k_mafulda_structured_v3\underhang\outer_race\6g\23.3472.npz,C:\dev_work\personal\Ai-Driven-Vibrations-motor\data\raw_mafulda\underhang\outer_race\6g\23.3472.csv,3,Bearing,1368.1657296682097
4k_mafulda_structured_v3\underhang\outer_race\6g\24.1664.npz,C:\dev_work\personal\Ai-Driven-Vibrations-motor\data\raw_mafulda\underhang\outer_race\6g\24.1664.csv,3,Bearing,1411.2311484044242
4k_mafulda_structured_v3\underhang\outer_race\6g\25.3952.npz,C:\dev_work\personal\Ai-Driven-Vibrations-motor\data\raw_mafulda\underhang\outer_race\6g\25.3952.csv,3,Bearing,1486.4755097067664
4k_mafulda_structured_v3\underhang\outer_race\6g\26.8288.npz,C:\dev_work\personal\Ai-Driven-Vibrations-motor\data\raw_mafulda\underhang\outer_race\6g\26.8288.csv,3,Bearing,1573.9896197402513
4k_mafulda_structured_v3\underhang\outer_race\6g\27.8528.npz,C:\dev_work\personal\Ai-Driven-Vibrations-motor\data\raw_mafulda\underhang\outer_race\6g\27.8528.csv,3,Bearing,1628.8282491101772
4k_mafulda_structured_v3\underhang\outer_race\6g\29.0816.npz,C:\dev_work\personal\Ai-Driven-Vibrations-motor\data\raw_mafulda\underhang\outer_race\6g\29.0816.csv,3,Bearing,1707.4489985387788
4k_mafulda_structured_v3\underhang\outer_race\6g\29.4912.npz,C:\dev_work\personal\Ai-Driven-Vibrations-motor\data\raw_mafulda\underhang\outer_race\6g\29.4912.csv,3,Bearing,1728.0340289778014
4k_mafulda_structured_v3\underhang\outer_race\6g\30.5152.npz,C:\dev_work\personal\Ai-Driven-Vibrations-motor\data\raw_mafulda\underhang\outer_race\6g\30.5152.csv,3,Bearing,1789.1322305724013
4k_mafulda_structured_v3\underhang\outer_race\6g\31.3344.npz,C:\dev_work\personal\Ai-Driven-Vibrations-motor\data\raw_mafulda\underhang\outer_race\6g\31.3344.csv,3,Bearing,1834.1640382380688
4k_mafulda_structured_v3\underhang\outer_race\6g\31.9488.npz,C:\dev_work\personal\Ai-Driven-Vibrations-motor\data\raw_mafulda\underhang\outer_race\6g\31.9488.csv,3,Bearing,1874.0478627793946
4k_mafulda_structured_v3\underhang\outer_race\6g\33.3824.npz,C:\dev_work\personal\Ai-Driven-Vibrations-motor\data\raw_mafulda\underhang\outer_race\6g\33.3824.csv,3,Bearing,1960.0014518529272
4k_mafulda_structured_v3\underhang\outer_race\6g\34.4064.npz,C:\dev_work\personal\Ai-Driven-Vibrations-motor\data\raw_mafulda\underhang\outer_race\6g\34.4064.csv,3,Bearing,2011.284192840959
4k_mafulda_structured_v3\underhang\outer_race\6g\35.6352.npz,C:\dev_work\personal\Ai-Driven-Vibrations-motor\data\raw_mafulda\underhang\outer_race\6g\35.6352.csv,3,Bearing,2085.794892816667
4k_mafulda_structured_v3\underhang\outer_race\6g\36.4544.npz,C:\dev_work\personal\Ai-Driven-Vibrations-motor\data\raw_mafulda\underhang\outer_race\6g\36.4544.csv,3,Bearing,2133.9972435868935
4k_mafulda_structured_v3\underhang\outer_race\6g\37.0688.npz,C:\dev_work\personal\Ai-Driven-Vibrations-motor\data\raw_mafulda\underhang\outer_race\6g\37.0688.csv,3,Bearing,2169.1097763433736
4k_mafulda_structured_v3\underhang\outer_race\6g\38.2976.npz,C:\dev_work\personal\Ai-Driven-Vibrations-motor\data\raw_mafulda\underhang\outer_race\6g\38.2976.csv,3,Bearing,2242.0533672989686
4k_mafulda_structured_v3\underhang\outer_race\6g\38.912.npz,C:\dev_work\personal\Ai-Driven-Vibrations-motor\data\raw_mafulda\underhang\outer_race\6g\38.912.csv,3,Bearing,2277.9958457712437
4k_mafulda_structured_v3\underhang\outer_race\6g\40.5504.npz,C:\dev_work\personal\Ai-Driven-Vibrations-motor\data\raw_mafulda\underhang\outer_race\6g\40.5504.csv,3,Bearing,2375.1346311508355
4k_mafulda_structured_v3\underhang\outer_race\6g\40.96.npz,C:\dev_work\personal\Ai-Driven-Vibrations-motor\data\raw_mafulda\underhang\outer_race\6g\40.96.csv,3,Bearing,2399.7298796517375
4k_mafulda_structured_v3\underhang\outer_race\6g\42.1888.npz,C:\dev_work\personal\Ai-Driven-Vibrations-motor\data\raw_mafulda\underhang\outer_race\6g\42.1888.csv,3,Bearing,2468.848352495343
4k_mafulda_structured_v3\underhang\outer_race\6g\43.008.npz,C:\dev_work\personal\Ai-Driven-Vibrations-motor\data\raw_mafulda\underhang\outer_race\6g\43.008.csv,3,Bearing,2519.2864030858245
4k_mafulda_structured_v3\underhang\outer_race\6g\44.4416.npz,C:\dev_work\personal\Ai-Driven-Vibrations-motor\data\raw_mafulda\underhang\outer_race\6g\44.4416.csv,3,Bearing,2607.0583691401534
4k_mafulda_structured_v3\underhang\outer_race\6g\45.6704.npz,C:\dev_work\personal\Ai-Driven-Vibrations-motor\data\raw_mafulda\underhang\outer_race\6g\45.6704.csv,3,Bearing,2676.6444684690473
4k_mafulda_structured_v3\underhang\outer_race\6g\46.2848.npz,C:\dev_work\personal\Ai-Driven-Vibrations-motor\data\raw_mafulda\underhang\outer_race\6g\46.2848.csv,3,Bearing,2710.974022844475
4k_mafulda_structured_v3\underhang\outer_race\6g\47.104.npz,C:\dev_work\personal\Ai-Driven-Vibrations-motor\data\raw_mafulda\underhang\outer_race\6g\47.104.csv,3,Bearing,2759.922866784509
4k_mafulda_structured_v3\underhang\outer_race\6g\48.5376.npz,C:\dev_work\personal\Ai-Driven-Vibrations-motor\data\raw_mafulda\underhang\outer_race\6g\48.5376.csv,3,Bearing,2840.977488864813
4k_mafulda_structured_v3\underhang\outer_race\6g\49.9712.npz,C:\dev_work\personal\Ai-Driven-Vibrations-motor\data\raw_mafulda\underhang\outer_race\6g\49.9712.csv,3,Bearing,2927.569755674426
4k_mafulda_structured_v3\underhang\outer_race\6g\50.5856.npz,C:\dev_work\personal\Ai-Driven-Vibrations-motor\data\raw_mafulda\underhang\outer_race\6g\50.5856.csv,3,Bearing,2964.0577870778325
4k_mafulda_structured_v3\underhang\outer_race\6g\51.2.npz,C:\dev_work\personal\Ai-Driven-Vibrations-motor\data\raw_mafulda\underhang\outer_race\6g\51.2.csv,3,Bearing,2998.0735270508912
4k_mafulda_structured_v3\underhang\outer_race\6g\52.224.npz,C:\dev_work\personal\Ai-Driven-Vibrations-motor\data\raw_mafulda\underhang\outer_race\6g\52.224.csv,3,Bearing,3056.564566402758
4k_mafulda_structured_v3\underhang\outer_race\6g\53.248.npz,C:\dev_work\personal\Ai-Driven-Vibrations-motor\data\raw_mafulda\underhang\outer_race\6g\53.248.csv,3,Bearing,3123.1284341349497
4k_mafulda_structured_v3\underhang\outer_race\6g\54.4768.npz,C:\dev_work\personal\Ai-Driven-Vibrations-motor\data\raw_mafulda\underhang\outer_race\6g\54.4768.csv,3,Bearing,3193.0403768992564
4k_mafulda_structured_v3\underhang\outer_race\6g\55.7056.npz,C:\dev_work\personal\Ai-Driven-Vibrations-motor\data\raw_mafulda\underhang\outer_race\6g\55.7056.csv,3,Bearing,3269.1039518762163
4k_mafulda_structured_v3\underhang\outer_race\6g\56.5248.npz,C:\dev_work\personal\Ai-Driven-Vibrations-motor\data\raw_mafulda\underhang\outer_race\6g\56.5248.csv,3,Bearing,3315.783127687794
4k_mafulda_structured_v3\underhang\outer_race\6g\57.5488.npz,C:\dev_work\personal\Ai-Driven-Vibrations-motor\data\raw_mafulda\underhang\outer_race\6g\57.5488.csv,3,Bearing,3377.5904912785786
4k_mafulda_structured_v3\underhang\outer_race\6g\58.5728.npz,C:\dev_work\personal\Ai-Driven-Vibrations-motor\data\raw_mafulda\underhang\outer_race\6g\58.5728.csv,3,Bearing,3432.508059368338
4k_mafulda_structured_v3\underhang\outer_race\6g\59.8016.npz,C:\dev_work\personal\Ai-Driven-Vibrations-motor\data\raw_mafulda\underhang\outer_race\6g\59.8016.csv,3,Bearing,3502.2265013840415
4k_mafulda_structured_v3\underhang\outer_race\6g\60.6208.npz,C:\dev_work\personal\Ai-Driven-Vibrations-motor\data\raw_mafulda\underhang\outer_race\6g\60.6208.csv,3,Bearing,3548.1749951889155
4k_mafulda_structured_v3\underhang\outer_race\6g\61.6448.npz,C:\dev_work\personal\Ai-Driven-Vibrations-motor\data\raw_mafulda\underhang\outer_race\6g\61.6448.csv,3,Bearing,3612.0208052398384
4k_mafulda_structured_v3\vertical-misalignment\0.51mm\12.4928.npz,C:\dev_work\personal\Ai-Driven-Vibrations-motor\data\raw_mafulda\vertical-misalignment\0.51mm\12.4928.csv,2,Misalignment,728.3321194464676
4k_mafulda_structured_v3\vertical-misalignment\0.51mm\13.1072.npz,C:\dev_work\personal\Ai-Driven-Vibrations-motor\data\raw_mafulda\vertical-misalignment\0.51mm\13.1072.csv,2,Misalignment,773.4616706772088
4k_mafulda_structured_v3\vertical-misalignment\0.51mm\14.9504.npz,C:\dev_work\personal\Ai-Driven-Vibrations-motor\data\raw_mafulda\vertical-misalignment\0.51mm\14.9504.csv,2,Misalignment,880.7052165474723
4k_mafulda_structured_v3\vertical-misalignment\0.51mm\16.1792.npz,C:\dev_work\personal\Ai-Driven-Vibrations-motor\data\raw_mafulda\vertical-misalignment\0.51mm\16.1792.csv,2,Misalignment,943.0303525137269
4k_mafulda_structured_v3\vertical-misalignment\0.51mm\16.9984.npz,C:\dev_work\personal\Ai-Driven-Vibrations-motor\data\raw_mafulda\vertical-misalignment\0.51mm\16.9984.csv,2,Misalignment,997.3161654409679
4k_mafulda_structured_v3\vertical-misalignment\0.51mm\18.0224.npz,C:\dev_work\personal\Ai-Driven-Vibrations-motor\data\raw_mafulda\vertical-misalignment\0.51mm\18.0224.csv,2,Misalignment,1050.2046088289617
4k_mafulda_structured_v3\vertical-misalignment\0.51mm\18.8416.npz,C:\dev_work\personal\Ai-Driven-Vibrations-motor\data\raw_mafulda\vertical-misalignment\0.51mm\18.8416.csv,2,Misalignment,1104.2885226803874
4k_mafulda_structured_v3\vertical-misalignment\0.51mm\19.456.npz,C:\dev_work\personal\Ai-Driven-Vibrations-motor\data\raw_mafulda\vertical-misalignment\0.51mm\19.456.csv,2,Misalignment,1141.7235166703779
4k_mafulda_structured_v3\vertical-misalignment\0.51mm\20.48.npz,C:\dev_work\personal\Ai-Driven-Vibrations-motor\data\raw_mafulda\vertical-misalignment\0.51mm\20.48.csv,2,Misalignment,1198.677822038721
4k_mafulda_structured_v3\vertical-misalignment\0.51mm\21.504.npz,C:\dev_work\personal\Ai-Driven-Vibrations-motor\data\raw_mafulda\vertical-misalignment\0.51mm\21.504.csv,2,Misalignment,1255.8423084738874
4k_mafulda_structured_v3\vertical-misalignment\0.51mm\22.528.npz,C:\dev_work\personal\Ai-Driven-Vibrations-motor\data\raw_mafulda\vertical-misalignment\0.51mm\22.528.csv,2,Misalignment,1318.0913070467498
4k_mafulda_structured_v3\vertical-misalignment\0.51mm\23.1424.npz,C:\dev_work\personal\Ai-Driven-Vibrations-motor\data\raw_mafulda\vertical-misalignment\0.51mm\23.1424.csv,2,Misalignment,1359.3603387574083
4k_mafulda_structured_v3\vertical-misalignment\0.51mm\24.1664.npz,C:\dev_work\personal\Ai-Driven-Vibrations-motor\data\raw_mafulda\vertical-misalignment\0.51mm\24.1664.csv,2,Misalignment,1411.1744107040195
4k_mafulda_structured_v3\vertical-misalignment\0.51mm\24.9856.npz,C:\dev_work\personal\Ai-Driven-Vibrations-motor\data\raw_mafulda\vertical-misalignment\0.51mm\24.9856.csv,2,Misalignment,1464.1347487980383
4k_mafulda_structured_v3\vertical-misalignment\0.51mm\26.624.npz,C:\dev_work\personal\Ai-Driven-Vibrations-motor\data\raw_mafulda\vertical-misalignment\0.51mm\26.624.csv,2,Misalignment,1561.0000080671834
4k_mafulda_structured_v3\vertical-misalignment\0.51mm\27.2384.npz,C:\dev_work\personal\Ai-Driven-Vibrations-motor\data\raw_mafulda\vertical-misalignment\0.51mm\27.2384.csv,2,Misalignment,1595.1083344410476
4k_mafulda_structured_v3\vertical-misalignment\0.51mm\28.4672.npz,C:\dev_work\personal\Ai-Driven-Vibrations-motor\data\raw_mafulda\vertical-misalignment\0.51mm\28.4672.csv,2,Misalignment,1662.9375326214936
4k_mafulda_structured_v3\vertical-misalignment\0.51mm\29.2864.npz,C:\dev_work\personal\Ai-Driven-Vibrations-motor\data\raw_mafulda\vertical-misalignment\0.51mm\29.2864.csv,2,Misalignment,1715.9636989087921
4k_mafulda_structured_v3\vertical-misalignment\0.51mm\30.5152.npz,C:\dev_work\personal\Ai-Driven-Vibrations-motor\data\raw_mafulda\vertical-misalignment\0.51mm\30.5152.csv,2,Misalignment,1786.0519000937275
4k_mafulda_structured_v3\vertical-misalignment\0.51mm\31.5392.npz,C:\dev_work\personal\Ai-Driven-Vibrations-motor\data\raw_mafulda\vertical-misalignment\0.51mm\31.5392.csv,2,Misalignment,1844.8094506027994
4k_mafulda_structured_v3\vertical-misalignment\0.51mm\32.3584.npz,C:\dev_work\personal\Ai-Driven-Vibrations-motor\data\raw_mafulda\vertical-misalignment\0.51mm\32.3584.csv,2,Misalignment,1897.8751005993922
4k_mafulda_structured_v3\vertical-misalignment\0.51mm\33.3824.npz,C:\dev_work\personal\Ai-Driven-Vibrations-motor\data\raw_mafulda\vertical-misalignment\0.51mm\33.3824.csv,2,Misalignment,1957.1047735637833
4k_mafulda_structured_v3\vertical-misalignment\0.51mm\34.2016.npz,C:\dev_work\personal\Ai-Driven-Vibrations-motor\data\raw_mafulda\vertical-misalignment\0.51mm\34.2016.csv,2,Misalignment,2009.6446802929725
4k_mafulda_structured_v3\vertical-misalignment\0.51mm\35.2256.npz,C:\dev_work\personal\Ai-Driven-Vibrations-motor\data\raw_mafulda\vertical-misalignment\0.51mm\35.2256.csv,2,Misalignment,2065.541691328349
4k_mafulda_structured_v3\vertical-misalignment\0.51mm\36.0448.npz,C:\dev_work\personal\Ai-Driven-Vibrations-motor\data\raw_mafulda\vertical-misalignment\0.51mm\36.0448.csv,2,Misalignment,2112.6250472825604
4k_mafulda_structured_v3\vertical-misalignment\0.51mm\37.6832.npz,C:\dev_work\personal\Ai-Driven-Vibrations-motor\data\raw_mafulda\vertical-misalignment\0.51mm\37.6832.csv,2,Misalignment,2202.740919745192
4k_mafulda_structured_v3\vertical-misalignment\0.51mm\38.0928.npz,C:\dev_work\personal\Ai-Driven-Vibrations-motor\data\raw_mafulda\vertical-misalignment\0.51mm\38.0928.csv,2,Misalignment,2228.5845075229786
4k_mafulda_structured_v3\vertical-misalignment\0.51mm\38.7072.npz,C:\dev_work\personal\Ai-Driven-Vibrations-motor\data\raw_mafulda\vertical-misalignment\0.51mm\38.7072.csv,2,Misalignment,2270.7612456747406
4k_mafulda_structured_v3\vertical-misalignment\0.51mm\40.3456.npz,C:\dev_work\personal\Ai-Driven-Vibrations-motor\data\raw_mafulda\vertical-misalignment\0.51mm\40.3456.csv,2,Misalignment,2358.4338074266598
4k_mafulda_structured_v3\vertical-misalignment\0.51mm\41.1648.npz,C:\dev_work\personal\Ai-Driven-Vibrations-motor\data\raw_mafulda\vertical-misalignment\0.51mm\41.1648.csv,2,Misalignment,2416.276035374281
4k_mafulda_structured_v3\vertical-misalignment\0.51mm\42.8032.npz,C:\dev_work\personal\Ai-Driven-Vibrations-motor\data\raw_mafulda\vertical-misalignment\0.51mm\42.8032.csv,2,Misalignment,2508.9259866833927
4k_mafulda_structured_v3\vertical-misalignment\0.51mm\43.4176.npz,C:\dev_work\personal\Ai-Driven-Vibrations-motor\data\raw_mafulda\vertical-misalignment\0.51mm\43.4176.csv,2,Misalignment,2539.812463136608
4k_mafulda_structured_v3\vertical-misalignment\0.51mm\43.8272.npz,C:\dev_work\personal\Ai-Driven-Vibrations-motor\data\raw_mafulda\vertical-misalignment\0.51mm\43.8272.csv,2,Misalignment,2563.0946459800725
4k_mafulda_structured_v3\vertical-misalignment\0.51mm\45.2608.npz,C:\dev_work\personal\Ai-Driven-Vibrations-motor\data\raw_mafulda\vertical-misalignment\0.51mm\45.2608.csv,2,Misalignment,2653.778417543888
4k_mafulda_structured_v3\vertical-misalignment\0.51mm\45.8752.npz,C:\dev_work\personal\Ai-Driven-Vibrations-motor\data\raw_mafulda\vertical-misalignment\0.51mm\45.8752.csv,2,Misalignment,2689.0580659683424
4k_mafulda_structured_v3\vertical-misalignment\0.51mm\47.3088.npz,C:\dev_work\personal\Ai-Driven-Vibrations-motor\data\raw_mafulda\vertical-misalignment\0.51mm\47.3088.csv,2,Misalignment,2771.841306059486
4k_mafulda_structured_v3\vertical-misalignment\0.51mm\48.128.npz,C:\dev_work\personal\Ai-Driven-Vibrations-motor\data\raw_mafulda\vertical-misalignment\0.51mm\48.128.csv,2,Misalignment,2822.950345027264
4k_mafulda_structured_v3\vertical-misalignment\0.51mm\48.9472.npz,C:\dev_work\personal\Ai-Driven-Vibrations-motor\data\raw_mafulda\vertical-misalignment\0.51mm\48.9472.csv,2,Misalignment,2865.8815596175614
4k_mafulda_structured_v3\vertical-misalignment\0.51mm\49.9712.npz,C:\dev_work\personal\Ai-Driven-Vibrations-motor\data\raw_mafulda\vertical-misalignment\0.51mm\49.9712.csv,2,Misalignment,2929.652179154862
4k_mafulda_structured_v3\vertical-misalignment\0.51mm\51.2.npz,C:\dev_work\personal\Ai-Driven-Vibrations-motor\data\raw_mafulda\vertical-misalignment\0.51mm\51.2.csv,2,Misalignment,2996.785705654419
4k_mafulda_structured_v3\vertical-misalignment\0.51mm\52.8384.npz,C:\dev_work\personal\Ai-Driven-Vibrations-motor\data\raw_mafulda\vertical-misalignment\0.51mm\52.8384.csv,2,Misalignment,3092.982795283201
4k_mafulda_structured_v3\vertical-misalignment\0.51mm\53.6576.npz,C:\dev_work\personal\Ai-Driven-Vibrations-motor\data\raw_mafulda\vertical-misalignment\0.51mm\53.6576.csv,2,Misalignment,3149.2959332654946
4k_mafulda_structured_v3\vertical-misalignment\0.51mm\54.4768.npz,C:\dev_work\personal\Ai-Driven-Vibrations-motor\data\raw_mafulda\vertical-misalignment\0.51mm\54.4768.csv,2,Misalignment,3188.264609860272
4k_mafulda_structured_v3\vertical-misalignment\0.51mm\55.5008.npz,C:\dev_work\personal\Ai-Driven-Vibrations-motor\data\raw_mafulda\vertical-misalignment\0.51mm\55.5008.csv,2,Misalignment,3250.936149205929
4k_mafulda_structured_v3\vertical-misalignment\0.51mm\56.7296.npz,C:\dev_work\personal\Ai-Driven-Vibrations-motor\data\raw_mafulda\vertical-misalignment\0.51mm\56.7296.csv,2,Misalignment,3328.9644025956272
4k_mafulda_structured_v3\vertical-misalignment\0.51mm\57.1392.npz,C:\dev_work\personal\Ai-Driven-Vibrations-motor\data\raw_mafulda\vertical-misalignment\0.51mm\57.1392.csv,2,Misalignment,3351.308778500189
4k_mafulda_structured_v3\vertical-misalignment\0.51mm\58.368.npz,C:\dev_work\personal\Ai-Driven-Vibrations-motor\data\raw_mafulda\vertical-misalignment\0.51mm\58.368.csv,2,Misalignment,3424.506119495971
4k_mafulda_structured_v3\vertical-misalignment\0.51mm\59.5968.npz,C:\dev_work\personal\Ai-Driven-Vibrations-motor\data\raw_mafulda\vertical-misalignment\0.51mm\59.5968.csv,2,Misalignment,3490.9055890602244
4k_mafulda_structured_v3\vertical-misalignment\0.51mm\60.416.npz,C:\dev_work\personal\Ai-Driven-Vibrations-motor\data\raw_mafulda\vertical-misalignment\0.51mm\60.416.csv,2,Misalignment,3542.8374030439477
4k_mafulda_structured_v3\vertical-misalignment\0.51mm\61.2352.npz,C:\dev_work\personal\Ai-Driven-Vibrations-motor\data\raw_mafulda\vertical-misalignment\0.51mm\61.2352.csv,2,Misalignment,3582.821692502525
4k_mafulda_structured_v3\vertical-misalignment\0.51mm\61.6448.npz,C:\dev_work\personal\Ai-Driven-Vibrations-motor\data\raw_mafulda\vertical-misalignment\0.51mm\61.6448.csv,2,Misalignment,3614.965959070552
4k_mafulda_structured_v3\vertical-misalignment\0.63mm\12.4928.npz,C:\dev_work\personal\Ai-Driven-Vibrations-motor\data\raw_mafulda\vertical-misalignment\0.63mm\12.4928.csv,2,Misalignment,734.852845717645
4k_mafulda_structured_v3\vertical-misalignment\0.63mm\13.312.npz,C:\dev_work\personal\Ai-Driven-Vibrations-motor\data\raw_mafulda\vertical-misalignment\0.63mm\13.312.csv,2,Misalignment,774.8251518903274
4k_mafulda_structured_v3\vertical-misalignment\0.63mm\14.1312.npz,C:\dev_work\personal\Ai-Driven-Vibrations-motor\data\raw_mafulda\vertical-misalignment\0.63mm\14.1312.csv,2,Misalignment,832.0214041584757
4k_mafulda_structured_v3\vertical-misalignment\0.63mm\15.36.npz,C:\dev_work\personal\Ai-Driven-Vibrations-motor\data\raw_mafulda\vertical-misalignment\0.63mm\15.36.csv,2,Misalignment,904.5791262254602
4k_mafulda_structured_v3\vertical-misalignment\0.63mm\16.7936.npz,C:\dev_work\personal\Ai-Driven-Vibrations-motor\data\raw_mafulda\vertical-misalignment\0.63mm\16.7936.csv,2,Misalignment,984.0925289963066
4k_mafulda_structured_v3\vertical-misalignment\0.63mm\18.0224.npz,C:\dev_work\personal\Ai-Driven-Vibrations-motor\data\raw_mafulda\vertical-misalignment\0.63mm\18.0224.csv,2,Misalignment,1057.3608112104553
4k_mafulda_structured_v3\vertical-misalignment\0.63mm\18.8416.npz,C:\dev_work\personal\Ai-Driven-Vibrations-motor\data\raw_mafulda\vertical-misalignment\0.63mm\18.8416.csv,2,Misalignment,1109.6072478082208
4k_mafulda_structured_v3\vertical-misalignment\0.63mm\20.0704.npz,C:\dev_work\personal\Ai-Driven-Vibrations-motor\data\raw_mafulda\vertical-misalignment\0.63mm\20.0704.csv,2,Misalignment,1173.8509572331002
4k_mafulda_structured_v3\vertical-misalignment\0.63mm\20.48.npz,C:\dev_work\personal\Ai-Driven-Vibrations-motor\data\raw_mafulda\vertical-misalignment\0.63mm\20.48.csv,2,Misalignment,1204.1132508649548
4k_mafulda_structured_v3\vertical-misalignment\0.63mm\21.9136.npz,C:\dev_work\personal\Ai-Driven-Vibrations-motor\data\raw_mafulda\vertical-misalignment\0.63mm\21.9136.csv,2,Misalignment,1282.5011191637125
4k_mafulda_structured_v3\vertical-misalignment\0.63mm\22.528.npz,C:\dev_work\personal\Ai-Driven-Vibrations-motor\data\raw_mafulda\vertical-misalignment\0.63mm\22.528.csv,2,Misalignment,1314.353634147232
4k_mafulda_structured_v3\vertical-misalignment\0.63mm\23.3472.npz,C:\dev_work\personal\Ai-Driven-Vibrations-motor\data\raw_mafulda\vertical-misalignment\0.63mm\23.3472.csv,2,Misalignment,1367.6965408170677
4k_mafulda_structured_v3\vertical-misalignment\0.63mm\24.576.npz,C:\dev_work\personal\Ai-Driven-Vibrations-motor\data\raw_mafulda\vertical-misalignment\0.63mm\24.576.csv,2,Misalignment,1439.278183848638
4k_mafulda_structured_v3\vertical-misalignment\0.63mm\25.6.npz,C:\dev_work\personal\Ai-Driven-Vibrations-motor\data\raw_mafulda\vertical-misalignment\0.63mm\25.6.csv,2,Misalignment,1504.9274236613426
4k_mafulda_structured_v3\vertical-misalignment\0.63mm\26.8288.npz,C:\dev_work\personal\Ai-Driven-Vibrations-motor\data\raw_mafulda\vertical-misalignment\0.63mm\26.8288.csv,2,Misalignment,1570.3011757126749
4k_mafulda_structured_v3\vertical-misalignment\0.63mm\27.8528.npz,C:\dev_work\personal\Ai-Driven-Vibrations-motor\data\raw_mafulda\vertical-misalignment\0.63mm\27.8528.csv,2,Misalignment,1633.5682254964765
4k_mafulda_structured_v3\vertical-misalignment\0.63mm\28.672.npz,C:\dev_work\personal\Ai-Driven-Vibrations-motor\data\raw_mafulda\vertical-misalignment\0.63mm\28.672.csv,2,Misalignment,1679.4335838387744
4k_mafulda_structured_v3\vertical-misalignment\0.63mm\29.0816.npz,C:\dev_work\personal\Ai-Driven-Vibrations-motor\data\raw_mafulda\vertical-misalignment\0.63mm\29.0816.csv,2,Misalignment,1706.3889445223313
4k_mafulda_structured_v3\vertical-misalignment\0.63mm\30.5152.npz,C:\dev_work\personal\Ai-Driven-Vibrations-motor\data\raw_mafulda\vertical-misalignment\0.63mm\30.5152.csv,2,Misalignment,1790.069949805471
4k_mafulda_structured_v3\vertical-misalignment\0.63mm\31.1296.npz,C:\dev_work\personal\Ai-Driven-Vibrations-motor\data\raw_mafulda\vertical-misalignment\0.63mm\31.1296.csv,2,Misalignment,1825.91346056954
4k_mafulda_structured_v3\vertical-misalignment\0.63mm\32.768.npz,C:\dev_work\personal\Ai-Driven-Vibrations-motor\data\raw_mafulda\vertical-misalignment\0.63mm\32.768.csv,2,Misalignment,1924.5650683421075
4k_mafulda_structured_v3\vertical-misalignment\0.63mm\33.5872.npz,C:\dev_work\personal\Ai-Driven-Vibrations-motor\data\raw_mafulda\vertical-misalignment\0.63mm\33.5872.csv,2,Misalignment,1965.2840016236703
4k_mafulda_structured_v3\vertical-misalignment\0.63mm\34.2016.npz,C:\dev_work\personal\Ai-Driven-Vibrations-motor\data\raw_mafulda\vertical-misalignment\0.63mm\34.2016.csv,2,Misalignment,2000.4338290231615
4k_mafulda_structured_v3\vertical-misalignment\0.63mm\35.0208.npz,C:\dev_work\personal\Ai-Driven-Vibrations-motor\data\raw_mafulda\vertical-misalignment\0.63mm\35.0208.csv,2,Misalignment,2053.6346932158
4k_mafulda_structured_v3\vertical-misalignment\0.63mm\36.6592.npz,C:\dev_work\personal\Ai-Driven-Vibrations-motor\data\raw_mafulda\vertical-misalignment\0.63mm\36.6592.csv,2,Misalignment,2143.0893395351823
4k_mafulda_structured_v3\vertical-misalignment\0.63mm\37.2736.npz,C:\dev_work\personal\Ai-Driven-Vibrations-motor\data\raw_mafulda\vertical-misalignment\0.63mm\37.2736.csv,2,Misalignment,2184.0735586321184
4k_mafulda_structured_v3\vertical-misalignment\0.63mm\38.7072.npz,C:\dev_work\personal\Ai-Driven-Vibrations-motor\data\raw_mafulda\vertical-misalignment\0.63mm\38.7072.csv,2,Misalignment,2263.822025656649
4k_mafulda_structured_v3\vertical-misalignment\0.63mm\39.7312.npz,C:\dev_work\personal\Ai-Driven-Vibrations-motor\data\raw_mafulda\vertical-misalignment\0.63mm\39.7312.csv,2,Misalignment,2323.994541221803
4k_mafulda_structured_v3\vertical-misalignment\0.63mm\40.3456.npz,C:\dev_work\personal\Ai-Driven-Vibrations-motor\data\raw_mafulda\vertical-misalignment\0.63mm\40.3456.csv,2,Misalignment,2366.5304972531344
4k_mafulda_structured_v3\vertical-misalignment\0.63mm\41.3696.npz,C:\dev_work\personal\Ai-Driven-Vibrations-motor\data\raw_mafulda\vertical-misalignment\0.63mm\41.3696.csv,2,Misalignment,2429.0617295886304
4k_mafulda_structured_v3\vertical-misalignment\0.63mm\42.3936.npz,C:\dev_work\personal\Ai-Driven-Vibrations-motor\data\raw_mafulda\vertical-misalignment\0.63mm\42.3936.csv,2,Misalignment,2485.351307222399
4k_mafulda_structured_v3\vertical-misalignment\0.63mm\43.008.npz,C:\dev_work\personal\Ai-Driven-Vibrations-motor\data\raw_mafulda\vertical-misalignment\0.63mm\43.008.csv,2,Misalignment,2517.8599395231727
4k_mafulda_structured_v3\vertical-misalignment\0.63mm\44.4416.npz,C:\dev_work\personal\Ai-Driven-Vibrations-motor\data\raw_mafulda\vertical-misalignment\0.63mm\44.4416.csv,2,Misalignment,2605.716491611845
4k_mafulda_structured_v3\vertical-misalignment\0.63mm\45.2608.npz,C:\dev_work\personal\Ai-Driven-Vibrations-motor\data\raw_mafulda\vertical-misalignment\0.63mm\45.2608.csv,2,Misalignment,2656.577040734181
4k_mafulda_structured_v3\vertical-misalignment\0.63mm\46.4896.npz,C:\dev_work\personal\Ai-Driven-Vibrations-motor\data\raw_mafulda\vertical-misalignment\0.63mm\46.4896.csv,2,Misalignment,2720.28053394533
4k_mafulda_structured_v3\vertical-misalignment\0.63mm\47.3088.npz,C:\dev_work\personal\Ai-Driven-Vibrations-motor\data\raw_mafulda\vertical-misalignment\0.63mm\47.3088.csv,2,Misalignment,2770.661505473061
4k_mafulda_structured_v3\vertical-misalignment\0.63mm\47.9232.npz,C:\dev_work\personal\Ai-Driven-Vibrations-motor\data\raw_mafulda\vertical-misalignment\0.63mm\47.9232.csv,2,Misalignment,2808.052159870163
4k_mafulda_structured_v3\vertical-misalignment\0.63mm\49.5616.npz,C:\dev_work\personal\Ai-Driven-Vibrations-motor\data\raw_mafulda\vertical-misalignment\0.63mm\49.5616.csv,2,Misalignment,2899.5155442908017
4k_mafulda_structured_v3\vertical-misalignment\0.63mm\49.9712.npz,C:\dev_work\personal\Ai-Driven-Vibrations-motor\data\raw_mafulda\vertical-misalignment\0.63mm\49.9712.csv,2,Misalignment,2931.0303234989024
4k_mafulda_structured_v3\vertical-misalignment\0.63mm\51.2.npz,C:\dev_work\personal\Ai-Driven-Vibrations-motor\data\raw_mafulda\vertical-misalignment\0.63mm\51.2.csv,2,Misalignment,2998.145725133853
4k_mafulda_structured_v3\vertical-misalignment\0.63mm\52.224.npz,C:\dev_work\personal\Ai-Driven-Vibrations-motor\data\raw_mafulda\vertical-misalignment\0.63mm\52.224.csv,2,Misalignment,3055.651350982861
4k_mafulda_structured_v3\vertical-misalignment\0.63mm\53.248.npz,C:\dev_work\personal\Ai-Driven-Vibrations-motor\data\raw_mafulda\vertical-misalignment\0.63mm\53.248.csv,2,Misalignment,3117.1718310766723
4k_mafulda_structured_v3\vertical-misalignment\0.63mm\54.0672.npz,C:\dev_work\personal\Ai-Driven-Vibrations-motor\data\raw_mafulda\vertical-misalignment\0.63mm\54.0672.csv,2,Misalignment,3166.9322501274396
4k_mafulda_structured_v3\vertical-misalignment\0.63mm\55.296.npz,C:\dev_work\personal\Ai-Driven-Vibrations-motor\data\raw_mafulda\vertical-misalignment\0.63mm\55.296.csv,2,Misalignment,3243.9211650782036
4k_mafulda_structured_v3\vertical-misalignment\0.63mm\56.5248.npz,C:\dev_work\personal\Ai-Driven-Vibrations-motor\data\raw_mafulda\vertical-misalignment\0.63mm\56.5248.csv,2,Misalignment,3312.70754614702
4k_mafulda_structured_v3\vertical-misalignment\0.63mm\57.5488.npz,C:\dev_work\personal\Ai-Driven-Vibrations-motor\data\raw_mafulda\vertical-misalignment\0.63mm\57.5488.csv,2,Misalignment,3370.3807727801627
4k_mafulda_structured_v3\vertical-misalignment\0.63mm\58.5728.npz,C:\dev_work\personal\Ai-Driven-Vibrations-motor\data\raw_mafulda\vertical-misalignment\0.63mm\58.5728.csv,2,Misalignment,3432.301368103282
4k_mafulda_structured_v3\vertical-misalignment\0.63mm\60.0064.npz,C:\dev_work\personal\Ai-Driven-Vibrations-motor\data\raw_mafulda\vertical-misalignment\0.63mm\60.0064.csv,2,Misalignment,3516.603506968977
4k_mafulda_structured_v3\vertical-misalignment\0.63mm\60.8256.npz,C:\dev_work\personal\Ai-Driven-Vibrations-motor\data\raw_mafulda\vertical-misalignment\0.63mm\60.8256.csv,2,Misalignment,3565.7065760784453
4k_mafulda_structured_v3\vertical-misalignment\0.63mm\61.8496.npz,C:\dev_work\personal\Ai-Driven-Vibrations-motor\data\raw_mafulda\vertical-misalignment\0.63mm\61.8496.csv,2,Misalignment,3627.8901588959643
4k_mafulda_structured_v3\vertical-misalignment\1.27mm\12.0832.npz,C:\dev_work\personal\Ai-Driven-Vibrations-motor\data\raw_mafulda\vertical-misalignment\1.27mm\12.0832.csv,2,Misalignment,710.1055363745439
4k_mafulda_structured_v3\vertical-misalignment\1.27mm\13.7216.npz,C:\dev_work\personal\Ai-Driven-Vibrations-motor\data\raw_mafulda\vertical-misalignment\1.27mm\13.7216.csv,2,Misalignment,802.3665761640394
4k_mafulda_structured_v3\vertical-misalignment\1.27mm\14.9504.npz,C:\dev_work\personal\Ai-Driven-Vibrations-motor\data\raw_mafulda\vertical-misalignment\1.27mm\14.9504.csv,2,Misalignment,878.6202408070291
4k_mafulda_structured_v3\vertical-misalignment\1.27mm\15.36.npz,C:\dev_work\personal\Ai-Driven-Vibrations-motor\data\raw_mafulda\vertical-misalignment\1.27mm\15.36.csv,2,Misalignment,906.0004162704616
4k_mafulda_structured_v3\vertical-misalignment\1.27mm\17.2032.npz,C:\dev_work\personal\Ai-Driven-Vibrations-motor\data\raw_mafulda\vertical-misalignment\1.27mm\17.2032.csv,2,Misalignment,1002.4613278130043
4k_mafulda_structured_v3\vertical-misalignment\1.27mm\17.408.npz,C:\dev_work\personal\Ai-Driven-Vibrations-motor\data\raw_mafulda\vertical-misalignment\1.27mm\17.408.csv,2,Misalignment,1022.4169937732801
4k_mafulda_structured_v3\vertical-misalignment\1.27mm\18.6368.npz,C:\dev_work\personal\Ai-Driven-Vibrations-motor\data\raw_mafulda\vertical-misalignment\1.27mm\18.6368.csv,2,Misalignment,1088.2971776826525
4k_mafulda_structured_v3\vertical-misalignment\1.27mm\19.6608.npz,C:\dev_work\personal\Ai-Driven-Vibrations-motor\data\raw_mafulda\vertical-misalignment\1.27mm\19.6608.csv,2,Misalignment,1154.944988146617
4k_mafulda_structured_v3\vertical-misalignment\1.27mm\20.2752.npz,C:\dev_work\personal\Ai-Driven-Vibrations-motor\data\raw_mafulda\vertical-misalignment\1.27mm\20.2752.csv,2,Misalignment,1190.3026769664286
4k_mafulda_structured_v3\vertical-misalignment\1.27mm\21.2992.npz,C:\dev_work\personal\Ai-Driven-Vibrations-motor\data\raw_mafulda\vertical-misalignment\1.27mm\21.2992.csv,2,Misalignment,1242.2763699547745
4k_mafulda_structured_v3\vertical-misalignment\1.27mm\22.7328.npz,C:\dev_work\personal\Ai-Driven-Vibrations-motor\data\raw_mafulda\vertical-misalignment\1.27mm\22.7328.csv,2,Misalignment,1335.9945264709097
4k_mafulda_structured_v3\vertical-misalignment\1.27mm\23.3472.npz,C:\dev_work\personal\Ai-Driven-Vibrations-motor\data\raw_mafulda\vertical-misalignment\1.27mm\23.3472.csv,2,Misalignment,1369.9626594248582
4k_mafulda_structured_v3\vertical-misalignment\1.27mm\24.7808.npz,C:\dev_work\personal\Ai-Driven-Vibrations-motor\data\raw_mafulda\vertical-misalignment\1.27mm\24.7808.csv,2,Misalignment,1438.651777762554
4k_mafulda_structured_v3\vertical-misalignment\1.27mm\26.0096.npz,C:\dev_work\personal\Ai-Driven-Vibrations-motor\data\raw_mafulda\vertical-misalignment\1.27mm\26.0096.csv,2,Misalignment,1524.7714859664547
4k_mafulda_structured_v3\vertical-misalignment\1.27mm\26.2144.npz,C:\dev_work\personal\Ai-Driven-Vibrations-motor\data\raw_mafulda\vertical-misalignment\1.27mm\26.2144.csv,2,Misalignment,1537.3565537388836
4k_mafulda_structured_v3\vertical-misalignment\1.27mm\27.0336.npz,C:\dev_work\personal\Ai-Driven-Vibrations-motor\data\raw_mafulda\vertical-misalignment\1.27mm\27.0336.csv,2,Misalignment,1585.9244163757794
4k_mafulda_structured_v3\vertical-misalignment\1.27mm\28.672.npz,C:\dev_work\personal\Ai-Driven-Vibrations-motor\data\raw_mafulda\vertical-misalignment\1.27mm\28.672.csv,2,Misalignment,1677.346172875261
4k_mafulda_structured_v3\vertical-misalignment\1.27mm\29.2864.npz,C:\dev_work\personal\Ai-Driven-Vibrations-motor\data\raw_mafulda\vertical-misalignment\1.27mm\29.2864.csv,2,Misalignment,1718.3516731743523
4k_mafulda_structured_v3\vertical-misalignment\1.27mm\30.5152.npz,C:\dev_work\personal\Ai-Driven-Vibrations-motor\data\raw_mafulda\vertical-misalignment\1.27mm\30.5152.csv,2,Misalignment,1789.6442477448065
4k_mafulda_structured_v3\vertical-misalignment\1.27mm\31.1296.npz,C:\dev_work\personal\Ai-Driven-Vibrations-motor\data\raw_mafulda\vertical-misalignment\1.27mm\31.1296.csv,2,Misalignment,1821.61814379926
4k_mafulda_structured_v3\vertical-misalignment\1.27mm\32.9728.npz,C:\dev_work\personal\Ai-Driven-Vibrations-motor\data\raw_mafulda\vertical-misalignment\1.27mm\32.9728.csv,2,Misalignment,1936.1396602074897
4k_mafulda_structured_v3\vertical-misalignment\1.27mm\33.9968.npz,C:\dev_work\personal\Ai-Driven-Vibrations-motor\data\raw_mafulda\vertical-misalignment\1.27mm\33.9968.csv,2,Misalignment,1986.5237439752145
4k_mafulda_structured_v3\vertical-misalignment\1.27mm\34.4064.npz,C:\dev_work\personal\Ai-Driven-Vibrations-motor\data\raw_mafulda\vertical-misalignment\1.27mm\34.4064.csv,2,Misalignment,2017.0868595447264
4k_mafulda_structured_v3\vertical-misalignment\1.27mm\35.4304.npz,C:\dev_work\personal\Ai-Driven-Vibrations-motor\data\raw_mafulda\vertical-misalignment\1.27mm\35.4304.csv,2,Misalignment,2072.4306478755575
4k_mafulda_structured_v3\vertical-misalignment\1.27mm\36.0448.npz,C:\dev_work\personal\Ai-Driven-Vibrations-motor\data\raw_mafulda\vertical-misalignment\1.27mm\36.0448.csv,2,Misalignment,2116.4234459404984
4k_mafulda_structured_v3\vertical-misalignment\1.27mm\37.2736.npz,C:\dev_work\personal\Ai-Driven-Vibrations-motor\data\raw_mafulda\vertical-misalignment\1.27mm\37.2736.csv,2,Misalignment,2180.8980641015346
4k_mafulda_structured_v3\vertical-misalignment\1.27mm\38.2976.npz,C:\dev_work\personal\Ai-Driven-Vibrations-motor\data\raw_mafulda\vertical-misalignment\1.27mm\38.2976.csv,2,Misalignment,2237.8671311753037
4k_mafulda_structured_v3\vertical-misalignment\1.27mm\39.3216.npz,C:\dev_work\personal\Ai-Driven-Vibrations-motor\data\raw_mafulda\vertical-misalignment\1.27mm\39.3216.csv,2,Misalignment,2299.518311427396
4k_mafulda_structured_v3\vertical-misalignment\1.27mm\40.7552.npz,C:\dev_work\personal\Ai-Driven-Vibrations-motor\data\raw_mafulda\vertical-misalignment\1.27mm\40.7552.csv,2,Misalignment,2383.4363213225265
4k_mafulda_structured_v3\vertical-misalignment\1.27mm\41.1648.npz,C:\dev_work\personal\Ai-Driven-Vibrations-motor\data\raw_mafulda\vertical-misalignment\1.27mm\41.1648.csv,2,Misalignment,2414.2148973153926
4k_mafulda_structured_v3\vertical-misalignment\1.27mm\42.3936.npz,C:\dev_work\personal\Ai-Driven-Vibrations-motor\data\raw_mafulda\vertical-misalignment\1.27mm\42.3936.csv,2,Misalignment,2488.593944421402
4k_mafulda_structured_v3\vertical-misalignment\1.27mm\43.4176.npz,C:\dev_work\personal\Ai-Driven-Vibrations-motor\data\raw_mafulda\vertical-misalignment\1.27mm\43.4176.csv,2,Misalignment,2549.0993584967964
4k_mafulda_structured_v3\vertical-misalignment\1.27mm\44.032.npz,C:\dev_work\personal\Ai-Driven-Vibrations-motor\data\raw_mafulda\vertical-misalignment\1.27mm\44.032.csv,2,Misalignment,2582.648783902294
4k_mafulda_structured_v3\vertical-misalignment\1.27mm\45.2608.npz,C:\dev_work\personal\Ai-Driven-Vibrations-motor\data\raw_mafulda\vertical-misalignment\1.27mm\45.2608.csv,2,Misalignment,2654.2373290329324
4k_mafulda_structured_v3\vertical-misalignment\1.27mm\46.08.npz,C:\dev_work\personal\Ai-Driven-Vibrations-motor\data\raw_mafulda\vertical-misalignment\1.27mm\46.08.csv,2,Misalignment,2694.603542859905
4k_mafulda_structured_v3\vertical-misalignment\1.27mm\47.5136.npz,C:\dev_work\personal\Ai-Driven-Vibrations-motor\data\raw_mafulda\vertical-misalignment\1.27mm\47.5136.csv,2,Misalignment,2778.269902881348
4k_mafulda_structured_v3\vertical-misalignment\1.27mm\48.3328.npz,C:\dev_work\personal\Ai-Driven-Vibrations-motor\data\raw_mafulda\vertical-misalignment\1.27mm\48.3328.csv,2,Misalignment,2833.1344111299986
4k_mafulda_structured_v3\vertical-misalignment\1.27mm\48.9472.npz,C:\dev_work\personal\Ai-Driven-Vibrations-motor\data\raw_mafulda\vertical-misalignment\1.27mm\48.9472.csv,2,Misalignment,2871.298277221034
4k_mafulda_structured_v3\vertical-misalignment\1.27mm\50.3808.npz,C:\dev_work\personal\Ai-Driven-Vibrations-motor\data\raw_mafulda\vertical-misalignment\1.27mm\50.3808.csv,2,Misalignment,2957.5365083436195
4k_mafulda_structured_v3\vertical-misalignment\1.27mm\51.4048.npz,C:\dev_work\personal\Ai-Driven-Vibrations-motor\data\raw_mafulda\vertical-misalignment\1.27mm\51.4048.csv,2,Misalignment,3016.5305876201583
4k_mafulda_structured_v3\vertical-misalignment\1.27mm\52.224.npz,C:\dev_work\personal\Ai-Driven-Vibrations-motor\data\raw_mafulda\vertical-misalignment\1.27mm\52.224.csv,2,Misalignment,3060.7326478149103
4k_mafulda_structured_v3\vertical-misalignment\1.27mm\53.6576.npz,C:\dev_work\personal\Ai-Driven-Vibrations-motor\data\raw_mafulda\vertical-misalignment\1.27mm\53.6576.csv,2,Misalignment,3140.983211986281
4k_mafulda_structured_v3\vertical-misalignment\1.27mm\54.272.npz,C:\dev_work\personal\Ai-Driven-Vibrations-motor\data\raw_mafulda\vertical-misalignment\1.27mm\54.272.csv,2,Misalignment,3178.910019185846
4k_mafulda_structured_v3\vertical-misalignment\1.27mm\55.0912.npz,C:\dev_work\personal\Ai-Driven-Vibrations-motor\data\raw_mafulda\vertical-misalignment\1.27mm\55.0912.csv,2,Misalignment,3228.3192663202785
4k_mafulda_structured_v3\vertical-misalignment\1.27mm\56.32.npz,C:\dev_work\personal\Ai-Driven-Vibrations-motor\data\raw_mafulda\vertical-misalignment\1.27mm\56.32.csv,2,Misalignment,3304.801611392318
4k_mafulda_structured_v3\vertical-misalignment\1.27mm\57.344.npz,C:\dev_work\personal\Ai-Driven-Vibrations-motor\data\raw_mafulda\vertical-misalignment\1.27mm\57.344.csv,2,Misalignment,3358.828864258369
4k_mafulda_structured_v3\vertical-misalignment\1.27mm\58.9824.npz,C:\dev_work\personal\Ai-Driven-Vibrations-motor\data\raw_mafulda\vertical-misalignment\1.27mm\58.9824.csv,2,Misalignment,3461.821456859915
4k_mafulda_structured_v3\vertical-misalignment\1.27mm\60.0064.npz,C:\dev_work\personal\Ai-Driven-Vibrations-motor\data\raw_mafulda\vertical-misalignment\1.27mm\60.0064.csv,2,Misalignment,3512.4016647821586
4k_mafulda_structured_v3\vertical-misalignment\1.27mm\61.2352.npz,C:\dev_work\personal\Ai-Driven-Vibrations-motor\data\raw_mafulda\vertical-misalignment\1.27mm\61.2352.csv,2,Misalignment,3583.0907072884324
4k_mafulda_structured_v3\vertical-misalignment\1.27mm\62.2592.npz,C:\dev_work\personal\Ai-Driven-Vibrations-motor\data\raw_mafulda\vertical-misalignment\1.27mm\62.2592.csv,2,Misalignment,3643.9396376974805
4k_mafulda_structured_v3\vertical-misalignment\1.40mm\12.0832.npz,C:\dev_work\personal\Ai-Driven-Vibrations-motor\data\raw_mafulda\vertical-misalignment\1.40mm\12.0832.csv,2,Misalignment,707.9674823211569
4k_mafulda_structured_v3\vertical-misalignment\1.40mm\13.312.npz,C:\dev_work\personal\Ai-Driven-Vibrations-motor\data\raw_mafulda\vertical-misalignment\1.40mm\13.312.csv,2,Misalignment,782.7756736151597
4k_mafulda_structured_v3\vertical-misalignment\1.40mm\14.7456.npz,C:\dev_work\personal\Ai-Driven-Vibrations-motor\data\raw_mafulda\vertical-misalignment\1.40mm\14.7456.csv,2,Misalignment,869.0858906319783
4k_mafulda_structured_v3\vertical-misalignment\1.40mm\15.7696.npz,C:\dev_work\personal\Ai-Driven-Vibrations-motor\data\raw_mafulda\vertical-misalignment\1.40mm\15.7696.csv,2,Misalignment,920.1005653775843
4k_mafulda_structured_v3\vertical-misalignment\1.40mm\16.384.npz,C:\dev_work\personal\Ai-Driven-Vibrations-motor\data\raw_mafulda\vertical-misalignment\1.40mm\16.384.csv,2,Misalignment,963.6692622034277
4k_mafulda_structured_v3\vertical-misalignment\1.40mm\17.2032.npz,C:\dev_work\personal\Ai-Driven-Vibrations-motor\data\raw_mafulda\vertical-misalignment\1.40mm\17.2032.csv,2,Misalignment,1007.6851166122354
4k_mafulda_structured_v3\vertical-misalignment\1.40mm\18.2272.npz,C:\dev_work\personal\Ai-Driven-Vibrations-motor\data\raw_mafulda\vertical-misalignment\1.40mm\18.2272.csv,2,Misalignment,1068.0605396133135
4k_mafulda_structured_v3\vertical-misalignment\1.40mm\19.6608.npz,C:\dev_work\personal\Ai-Driven-Vibrations-motor\data\raw_mafulda\vertical-misalignment\1.40mm\19.6608.csv,2,Misalignment,1146.9366729982937
4k_mafulda_structured_v3\vertical-misalignment\1.40mm\20.2752.npz,C:\dev_work\personal\Ai-Driven-Vibrations-motor\data\raw_mafulda\vertical-misalignment\1.40mm\20.2752.csv,2,Misalignment,1191.751634144286
4k_mafulda_structured_v3\vertical-misalignment\1.40mm\21.7088.npz,C:\dev_work\personal\Ai-Driven-Vibrations-motor\data\raw_mafulda\vertical-misalignment\1.40mm\21.7088.csv,2,Misalignment,1266.6964394462261
4k_mafulda_structured_v3\vertical-misalignment\1.40mm\22.7328.npz,C:\dev_work\personal\Ai-Driven-Vibrations-motor\data\raw_mafulda\vertical-misalignment\1.40mm\22.7328.csv,2,Misalignment,1335.2205519713548
4k_mafulda_structured_v3\vertical-misalignment\1.40mm\23.552.npz,C:\dev_work\personal\Ai-Driven-Vibrations-motor\data\raw_mafulda\vertical-misalignment\1.40mm\23.552.csv,2,Misalignment,1374.9021548245273
4k_mafulda_structured_v3\vertical-misalignment\1.40mm\24.576.npz,C:\dev_work\personal\Ai-Driven-Vibrations-motor\data\raw_mafulda\vertical-misalignment\1.40mm\24.576.csv,2,Misalignment,1441.4183556619714
4k_mafulda_structured_v3\vertical-misalignment\1.40mm\25.3952.npz,C:\dev_work\personal\Ai-Driven-Vibrations-motor\data\raw_mafulda\vertical-misalignment\1.40mm\25.3952.csv,2,Misalignment,1485.0947200656824
4k_mafulda_structured_v3\vertical-misalignment\1.40mm\25.8048.npz,C:\dev_work\personal\Ai-Driven-Vibrations-motor\data\raw_mafulda\vertical-misalignment\1.40mm\25.8048.csv,2,Misalignment,1517.0639351424827
4k_mafulda_structured_v3\vertical-misalignment\1.40mm\27.4432.npz,C:\dev_work\personal\Ai-Driven-Vibrations-motor\data\raw_mafulda\vertical-misalignment\1.40mm\27.4432.csv,2,Misalignment,1605.5239681792393
4k_mafulda_structured_v3\vertical-misalignment\1.40mm\28.0576.npz,C:\dev_work\personal\Ai-Driven-Vibrations-motor\data\raw_mafulda\vertical-misalignment\1.40mm\28.0576.csv,2,Misalignment,1645.493042952208
4k_mafulda_structured_v3\vertical-misalignment\1.40mm\29.0816.npz,C:\dev_work\personal\Ai-Driven-Vibrations-motor\data\raw_mafulda\vertical-misalignment\1.40mm\29.0816.csv,2,Misalignment,1699.8669844038209
4k_mafulda_structured_v3\vertical-misalignment\1.40mm\30.1056.npz,C:\dev_work\personal\Ai-Driven-Vibrations-motor\data\raw_mafulda\vertical-misalignment\1.40mm\30.1056.csv,2,Misalignment,1766.3527819054982
4k_mafulda_structured_v3\vertical-misalignment\1.40mm\30.9248.npz,C:\dev_work\personal\Ai-Driven-Vibrations-motor\data\raw_mafulda\vertical-misalignment\1.40mm\30.9248.csv,2,Misalignment,1817.8097198646876
4k_mafulda_structured_v3\vertical-misalignment\1.40mm\32.1536.npz,C:\dev_work\personal\Ai-Driven-Vibrations-motor\data\raw_mafulda\vertical-misalignment\1.40mm\32.1536.csv,2,Misalignment,1886.0852849076907
4k_mafulda_structured_v3\vertical-misalignment\1.40mm\33.9968.npz,C:\dev_work\personal\Ai-Driven-Vibrations-motor\data\raw_mafulda\vertical-misalignment\1.40mm\33.9968.csv,2,Misalignment,1988.650143085803
4k_mafulda_structured_v3\vertical-misalignment\1.40mm\34.6112.npz,C:\dev_work\personal\Ai-Driven-Vibrations-motor\data\raw_mafulda\vertical-misalignment\1.40mm\34.6112.csv,2,Misalignment,2031.2997497148522
4k_mafulda_structured_v3\vertical-misalignment\1.40mm\36.0448.npz,C:\dev_work\personal\Ai-Driven-Vibrations-motor\data\raw_mafulda\vertical-misalignment\1.40mm\36.0448.csv,2,Misalignment,2117.378140476811
4k_mafulda_structured_v3\vertical-misalignment\1.40mm\36.864.npz,C:\dev_work\personal\Ai-Driven-Vibrations-motor\data\raw_mafulda\vertical-misalignment\1.40mm\36.864.csv,2,Misalignment,2163.551608965242
4k_mafulda_structured_v3\vertical-misalignment\1.40mm\37.888.npz,C:\dev_work\personal\Ai-Driven-Vibrations-motor\data\raw_mafulda\vertical-misalignment\1.40mm\37.888.csv,2,Misalignment,2222.1864382216067
4k_mafulda_structured_v3\vertical-misalignment\1.40mm\38.7072.npz,C:\dev_work\personal\Ai-Driven-Vibrations-motor\data\raw_mafulda\vertical-misalignment\1.40mm\38.7072.csv,2,Misalignment,2272.7181629061934
4k_mafulda_structured_v3\vertical-misalignment\1.40mm\39.5264.npz,C:\dev_work\personal\Ai-Driven-Vibrations-motor\data\raw_mafulda\vertical-misalignment\1.40mm\39.5264.csv,2,Misalignment,2310.3395717849776
4k_mafulda_structured_v3\vertical-misalignment\1.40mm\40.7552.npz,C:\dev_work\personal\Ai-Driven-Vibrations-motor\data\raw_mafulda\vertical-misalignment\1.40mm\40.7552.csv,2,Misalignment,2393.4954655889924
4k_mafulda_structured_v3\vertical-misalignment\1.40mm\41.7792.npz,C:\dev_work\personal\Ai-Driven-Vibrations-motor\data\raw_mafulda\vertical-misalignment\1.40mm\41.7792.csv,2,Misalignment,2452.5004228449
4k_mafulda_structured_v3\vertical-misalignment\1.40mm\42.3936.npz,C:\dev_work\personal\Ai-Driven-Vibrations-motor\data\raw_mafulda\vertical-misalignment\1.40mm\42.3936.csv,2,Misalignment,2479.3188524986695
4k_mafulda_structured_v3\vertical-misalignment\1.40mm\43.2128.npz,C:\dev_work\personal\Ai-Driven-Vibrations-motor\data\raw_mafulda\vertical-misalignment\1.40mm\43.2128.csv,2,Misalignment,2527.2380096596653
4k_mafulda_structured_v3\vertical-misalignment\1.40mm\43.8272.npz,C:\dev_work\personal\Ai-Driven-Vibrations-motor\data\raw_mafulda\vertical-misalignment\1.40mm\43.8272.csv,2,Misalignment,2572.37056628383
4k_mafulda_structured_v3\vertical-misalignment\1.40mm\44.6464.npz,C:\dev_work\personal\Ai-Driven-Vibrations-motor\data\raw_mafulda\vertical-misalignment\1.40mm\44.6464.csv,2,Misalignment,2616.1914521670988
4k_mafulda_structured_v3\vertical-misalignment\1.40mm\45.8752.npz,C:\dev_work\personal\Ai-Driven-Vibrations-motor\data\raw_mafulda\vertical-misalignment\1.40mm\45.8752.csv,2,Misalignment,2691.509728686207
4k_mafulda_structured_v3\vertical-misalignment\1.40mm\47.7184.npz,C:\dev_work\personal\Ai-Driven-Vibrations-motor\data\raw_mafulda\vertical-misalignment\1.40mm\47.7184.csv,2,Misalignment,2790.2166025905717
4k_mafulda_structured_v3\vertical-misalignment\1.40mm\48.5376.npz,C:\dev_work\personal\Ai-Driven-Vibrations-motor\data\raw_mafulda\vertical-misalignment\1.40mm\48.5376.csv,2,Misalignment,2848.7621162922637
4k_mafulda_structured_v3\vertical-misalignment\1.40mm\49.7664.npz,C:\dev_work\personal\Ai-Driven-Vibrations-motor\data\raw_mafulda\vertical-misalignment\1.40mm\49.7664.csv,2,Misalignment,2921.928956074473
4k_mafulda_structured_v3\vertical-misalignment\1.40mm\50.5856.npz,C:\dev_work\personal\Ai-Driven-Vibrations-motor\data\raw_mafulda\vertical-misalignment\1.40mm\50.5856.csv,2,Misalignment,2969.305110182141
4k_mafulda_structured_v3\vertical-misalignment\1.40mm\51.2.npz,C:\dev_work\personal\Ai-Driven-Vibrations-motor\data\raw_mafulda\vertical-misalignment\1.40mm\51.2.csv,2,Misalignment,3001.820381034282
4k_mafulda_structured_v3\vertical-misalignment\1.40mm\52.0192.npz,C:\dev_work\personal\Ai-Driven-Vibrations-motor\data\raw_mafulda\vertical-misalignment\1.40mm\52.0192.csv,2,Misalignment,3050.2017392981725
4k_mafulda_structured_v3\vertical-misalignment\1.40mm\53.4528.npz,C:\dev_work\personal\Ai-Driven-Vibrations-motor\data\raw_mafulda\vertical-misalignment\1.40mm\53.4528.csv,2,Misalignment,3128.848383227768
4k_mafulda_structured_v3\vertical-misalignment\1.40mm\54.272.npz,C:\dev_work\personal\Ai-Driven-Vibrations-motor\data\raw_mafulda\vertical-misalignment\1.40mm\54.272.csv,2,Misalignment,3183.8172038688203
4k_mafulda_structured_v3\vertical-misalignment\1.40mm\55.5008.npz,C:\dev_work\personal\Ai-Driven-Vibrations-motor\data\raw_mafulda\vertical-misalignment\1.40mm\55.5008.csv,2,Misalignment,3256.376570110228
4k_mafulda_structured_v3\vertical-misalignment\1.40mm\56.5248.npz,C:\dev_work\personal\Ai-Driven-Vibrations-motor\data\raw_mafulda\vertical-misalignment\1.40mm\56.5248.csv,2,Misalignment,3313.7454159855074
4k_mafulda_structured_v3\vertical-misalignment\1.40mm\57.344.npz,C:\dev_work\personal\Ai-Driven-Vibrations-motor\data\raw_mafulda\vertical-misalignment\1.40mm\57.344.csv,2,Misalignment,3363.809906560836
4k_mafulda_structured_v3\vertical-misalignment\1.40mm\58.368.npz,C:\dev_work\personal\Ai-Driven-Vibrations-motor\data\raw_mafulda\vertical-misalignment\1.40mm\58.368.csv,2,Misalignment,3414.602755813673
4k_mafulda_structured_v3\vertical-misalignment\1.40mm\59.392.npz,C:\dev_work\personal\Ai-Driven-Vibrations-motor\data\raw_mafulda\vertical-misalignment\1.40mm\59.392.csv,2,Misalignment,3478.5609109255697
4k_mafulda_structured_v3\vertical-misalignment\1.40mm\60.416.npz,C:\dev_work\personal\Ai-Driven-Vibrations-motor\data\raw_mafulda\vertical-misalignment\1.40mm\60.416.csv,2,Misalignment,3538.3319292333613
4k_mafulda_structured_v3\vertical-misalignment\1.40mm\61.2352.npz,C:\dev_work\personal\Ai-Driven-Vibrations-motor\data\raw_mafulda\vertical-misalignment\1.40mm\61.2352.csv,2,Misalignment,3592.6411136383726
4k_mafulda_structured_v3\vertical-misalignment\1.78mm\12.4928.npz,C:\dev_work\personal\Ai-Driven-Vibrations-motor\data\raw_mafulda\vertical-misalignment\1.78mm\12.4928.csv,2,Misalignment,735.3001250010212
4k_mafulda_structured_v3\vertical-misalignment\1.78mm\13.312.npz,C:\dev_work\personal\Ai-Driven-Vibrations-motor\data\raw_mafulda\vertical-misalignment\1.78mm\13.312.csv,2,Misalignment,777.3657019774239
4k_mafulda_structured_v3\vertical-misalignment\1.78mm\15.1552.npz,C:\dev_work\personal\Ai-Driven-Vibrations-motor\data\raw_mafulda\vertical-misalignment\1.78mm\15.1552.csv,2,Misalignment,885.2490824130516
4k_mafulda_structured_v3\vertical-misalignment\1.78mm\15.9744.npz,C:\dev_work\personal\Ai-Driven-Vibrations-motor\data\raw_mafulda\vertical-misalignment\1.78mm\15.9744.csv,2,Misalignment,934.1221475912994
4k_mafulda_structured_v3\vertical-misalignment\1.78mm\16.7936.npz,C:\dev_work\personal\Ai-Driven-Vibrations-motor\data\raw_mafulda\vertical-misalignment\1.78mm\16.7936.csv,2,Misalignment,983.522954940078
4k_mafulda_structured_v3\vertical-misalignment\1.78mm\17.408.npz,C:\dev_work\personal\Ai-Driven-Vibrations-motor\data\raw_mafulda\vertical-misalignment\1.78mm\17.408.csv,2,Misalignment,1018.3957841647539
4k_mafulda_structured_v3\vertical-misalignment\1.78mm\18.432.npz,C:\dev_work\personal\Ai-Driven-Vibrations-motor\data\raw_mafulda\vertical-misalignment\1.78mm\18.432.csv,2,Misalignment,1084.8631122162901
4k_mafulda_structured_v3\vertical-misalignment\1.78mm\19.2512.npz,C:\dev_work\personal\Ai-Driven-Vibrations-motor\data\raw_mafulda\vertical-misalignment\1.78mm\19.2512.csv,2,Misalignment,1128.4079740830168
4k_mafulda_structured_v3\vertical-misalignment\1.78mm\20.48.npz,C:\dev_work\personal\Ai-Driven-Vibrations-motor\data\raw_mafulda\vertical-misalignment\1.78mm\20.48.csv,2,Misalignment,1201.3455069678039
4k_mafulda_structured_v3\vertical-misalignment\1.78mm\21.7088.npz,C:\dev_work\personal\Ai-Driven-Vibrations-motor\data\raw_mafulda\vertical-misalignment\1.78mm\21.7088.csv,2,Misalignment,1269.1838140786733
4k_mafulda_structured_v3\vertical-misalignment\1.78mm\22.528.npz,C:\dev_work\personal\Ai-Driven-Vibrations-motor\data\raw_mafulda\vertical-misalignment\1.78mm\22.528.csv,2,Misalignment,1321.1213775215438
4k_mafulda_structured_v3\vertical-misalignment\1.78mm\23.9616.npz,C:\dev_work\personal\Ai-Driven-Vibrations-motor\data\raw_mafulda\vertical-misalignment\1.78mm\23.9616.csv,2,Misalignment,1402.2815281645019
4k_mafulda_structured_v3\vertical-misalignment\1.78mm\24.7808.npz,C:\dev_work\personal\Ai-Driven-Vibrations-motor\data\raw_mafulda\vertical-misalignment\1.78mm\24.7808.csv,2,Misalignment,1457.1583405254603
4k_mafulda_structured_v3\vertical-misalignment\1.78mm\25.8048.npz,C:\dev_work\personal\Ai-Driven-Vibrations-motor\data\raw_mafulda\vertical-misalignment\1.78mm\25.8048.csv,2,Misalignment,1514.3316345897576
4k_mafulda_structured_v3\vertical-misalignment\1.78mm\26.624.npz,C:\dev_work\personal\Ai-Driven-Vibrations-motor\data\raw_mafulda\vertical-misalignment\1.78mm\26.624.csv,2,Misalignment,1559.5154621726829
4k_mafulda_structured_v3\vertical-misalignment\1.78mm\27.4432.npz,C:\dev_work\personal\Ai-Driven-Vibrations-motor\data\raw_mafulda\vertical-misalignment\1.78mm\27.4432.csv,2,Misalignment,1603.8975917417365
4k_mafulda_structured_v3\vertical-misalignment\1.78mm\28.4672.npz,C:\dev_work\personal\Ai-Driven-Vibrations-motor\data\raw_mafulda\vertical-misalignment\1.78mm\28.4672.csv,2,Misalignment,1665.7881712945266
4k_mafulda_structured_v3\vertical-misalignment\1.78mm\29.4912.npz,C:\dev_work\personal\Ai-Driven-Vibrations-motor\data\raw_mafulda\vertical-misalignment\1.78mm\29.4912.csv,2,Misalignment,1722.221099229852
4k_mafulda_structured_v3\vertical-misalignment\1.78mm\30.5152.npz,C:\dev_work\personal\Ai-Driven-Vibrations-motor\data\raw_mafulda\vertical-misalignment\1.78mm\30.5152.csv,2,Misalignment,1783.3330655656057
4k_mafulda_structured_v3\vertical-misalignment\1.78mm\31.3344.npz,C:\dev_work\personal\Ai-Driven-Vibrations-motor\data\raw_mafulda\vertical-misalignment\1.78mm\31.3344.csv,2,Misalignment,1838.8728032325448
4k_mafulda_structured_v3\vertical-misalignment\1.78mm\32.768.npz,C:\dev_work\personal\Ai-Driven-Vibrations-motor\data\raw_mafulda\vertical-misalignment\1.78mm\32.768.csv,2,Misalignment,1915.924262750737
4k_mafulda_structured_v3\vertical-misalignment\1.78mm\33.1776.npz,C:\dev_work\personal\Ai-Driven-Vibrations-motor\data\raw_mafulda\vertical-misalignment\1.78mm\33.1776.csv,2,Misalignment,1942.9817327535227
4k_mafulda_structured_v3\vertical-misalignment\1.78mm\34.816.npz,C:\dev_work\personal\Ai-Driven-Vibrations-motor\data\raw_mafulda\vertical-misalignment\1.78mm\34.816.csv,2,Misalignment,2044.4372756966006
4k_mafulda_structured_v3\vertical-misalignment\1.78mm\36.2496.npz,C:\dev_work\personal\Ai-Driven-Vibrations-motor\data\raw_mafulda\vertical-misalignment\1.78mm\36.2496.csv,2,Misalignment,2121.5035600850215
4k_mafulda_structured_v3\vertical-misalignment\1.78mm\36.6592.npz,C:\dev_work\personal\Ai-Driven-Vibrations-motor\data\raw_mafulda\vertical-misalignment\1.78mm\36.6592.csv,2,Misalignment,2150.038236247963
4k_mafulda_structured_v3\vertical-misalignment\1.78mm\37.2736.npz,C:\dev_work\personal\Ai-Driven-Vibrations-motor\data\raw_mafulda\vertical-misalignment\1.78mm\37.2736.csv,2,Misalignment,2180.0837505470286
4k_mafulda_structured_v3\vertical-misalignment\1.78mm\38.0928.npz,C:\dev_work\personal\Ai-Driven-Vibrations-motor\data\raw_mafulda\vertical-misalignment\1.78mm\38.0928.csv,2,Misalignment,2236.1951020113734
4k_mafulda_structured_v3\vertical-misalignment\1.78mm\39.7312.npz,C:\dev_work\personal\Ai-Driven-Vibrations-motor\data\raw_mafulda\vertical-misalignment\1.78mm\39.7312.csv,2,Misalignment,2333.6942138818717
4k_mafulda_structured_v3\vertical-misalignment\1.78mm\40.5504.npz,C:\dev_work\personal\Ai-Driven-Vibrations-motor\data\raw_mafulda\vertical-misalignment\1.78mm\40.5504.csv,2,Misalignment,2378.193056159158
4k_mafulda_structured_v3\vertical-misalignment\1.78mm\41.5744.npz,C:\dev_work\personal\Ai-Driven-Vibrations-motor\data\raw_mafulda\vertical-misalignment\1.78mm\41.5744.csv,2,Misalignment,2437.660650284193
4k_mafulda_structured_v3\vertical-misalignment\1.78mm\42.1888.npz,C:\dev_work\personal\Ai-Driven-Vibrations-motor\data\raw_mafulda\vertical-misalignment\1.78mm\42.1888.csv,2,Misalignment,2476.772704756612
4k_mafulda_structured_v3\vertical-misalignment\1.78mm\43.4176.npz,C:\dev_work\personal\Ai-Driven-Vibrations-motor\data\raw_mafulda\vertical-misalignment\1.78mm\43.4176.csv,2,Misalignment,2541.076726065506
4k_mafulda_structured_v3\vertical-misalignment\1.78mm\44.2368.npz,C:\dev_work\personal\Ai-Driven-Vibrations-motor\data\raw_mafulda\vertical-misalignment\1.78mm\44.2368.csv,2,Misalignment,2587.015987357714
4k_mafulda_structured_v3\vertical-misalignment\1.78mm\45.056.npz,C:\dev_work\personal\Ai-Driven-Vibrations-motor\data\raw_mafulda\vertical-misalignment\1.78mm\45.056.csv,2,Misalignment,2638.8085598611915
4k_mafulda_structured_v3\vertical-misalignment\1.78mm\46.2848.npz,C:\dev_work\personal\Ai-Driven-Vibrations-motor\data\raw_mafulda\vertical-misalignment\1.78mm\46.2848.csv,2,Misalignment,2713.4587554269174
4k_mafulda_structured_v3\vertical-misalignment\1.78mm\47.3088.npz,C:\dev_work\personal\Ai-Driven-Vibrations-motor\data\raw_mafulda\vertical-misalignment\1.78mm\47.3088.csv,2,Misalignment,2774.8175255866327
4k_mafulda_structured_v3\vertical-misalignment\1.78mm\48.128.npz,C:\dev_work\personal\Ai-Driven-Vibrations-motor\data\raw_mafulda\vertical-misalignment\1.78mm\48.128.csv,2,Misalignment,2820.228510822928
4k_mafulda_structured_v3\vertical-misalignment\1.78mm\49.3568.npz,C:\dev_work\personal\Ai-Driven-Vibrations-motor\data\raw_mafulda\vertical-misalignment\1.78mm\49.3568.csv,2,Misalignment,2890.150207528841
4k_mafulda_structured_v3\vertical-misalignment\1.78mm\50.3808.npz,C:\dev_work\personal\Ai-Driven-Vibrations-motor\data\raw_mafulda\vertical-misalignment\1.78mm\50.3808.csv,2,Misalignment,2956.3664446375137
4k_mafulda_structured_v3\vertical-misalignment\1.78mm\51.8144.npz,C:\dev_work\personal\Ai-Driven-Vibrations-motor\data\raw_mafulda\vertical-misalignment\1.78mm\51.8144.csv,2,Misalignment,3032.4386364093994
4k_mafulda_structured_v3\vertical-misalignment\1.78mm\52.224.npz,C:\dev_work\personal\Ai-Driven-Vibrations-motor\data\raw_mafulda\vertical-misalignment\1.78mm\52.224.csv,2,Misalignment,3063.131871444938
4k_mafulda_structured_v3\vertical-misalignment\1.78mm\53.0432.npz,C:\dev_work\personal\Ai-Driven-Vibrations-motor\data\raw_mafulda\vertical-misalignment\1.78mm\53.0432.csv,2,Misalignment,3113.292597415607
4k_mafulda_structured_v3\vertical-misalignment\1.78mm\54.272.npz,C:\dev_work\personal\Ai-Driven-Vibrations-motor\data\raw_mafulda\vertical-misalignment\1.78mm\54.272.csv,2,Misalignment,3181.578979082725
4k_mafulda_structured_v3\vertical-misalignment\1.78mm\55.9104.npz,C:\dev_work\personal\Ai-Driven-Vibrations-motor\data\raw_mafulda\vertical-misalignment\1.78mm\55.9104.csv,2,Misalignment,3279.4396016445426
4k_mafulda_structured_v3\vertical-misalignment\1.78mm\56.5248.npz,C:\dev_work\personal\Ai-Driven-Vibrations-motor\data\raw_mafulda\vertical-misalignment\1.78mm\56.5248.csv,2,Misalignment,3316.3562691192965
4k_mafulda_structured_v3\vertical-misalignment\1.78mm\57.344.npz,C:\dev_work\personal\Ai-Driven-Vibrations-motor\data\raw_mafulda\vertical-misalignment\1.78mm\57.344.csv,2,Misalignment,3356.474494415937
4k_mafulda_structured_v3\vertical-misalignment\1.78mm\58.5728.npz,C:\dev_work\personal\Ai-Driven-Vibrations-motor\data\raw_mafulda\vertical-misalignment\1.78mm\58.5728.csv,2,Misalignment,3428.847392144237
4k_mafulda_structured_v3\vertical-misalignment\1.78mm\60.0064.npz,C:\dev_work\personal\Ai-Driven-Vibrations-motor\data\raw_mafulda\vertical-misalignment\1.78mm\60.0064.csv,2,Misalignment,3518.0157748469906
4k_mafulda_structured_v3\vertical-misalignment\1.78mm\60.6208.npz,C:\dev_work\personal\Ai-Driven-Vibrations-motor\data\raw_mafulda\vertical-misalignment\1.78mm\60.6208.csv,2,Misalignment,3548.3030290880656
4k_mafulda_structured_v3\vertical-misalignment\1.78mm\62.0544.npz,C:\dev_work\personal\Ai-Driven-Vibrations-motor\data\raw_mafulda\vertical-misalignment\1.78mm\62.0544.csv,2,Misalignment,3633.242970115975
4k_mafulda_structured_v3\vertical-misalignment\1.90mm\12.0832.npz,C:\dev_work\personal\Ai-Driven-Vibrations-motor\data\raw_mafulda\vertical-misalignment\1.90mm\12.0832.csv,2,Misalignment,712.3148595429723
4k_mafulda_structured_v3\vertical-misalignment\1.90mm\14.5408.npz,C:\dev_work\personal\Ai-Driven-Vibrations-motor\data\raw_mafulda\vertical-misalignment\1.90mm\14.5408.csv,2,Misalignment,854.7773915450305
4k_mafulda_structured_v3\vertical-misalignment\1.90mm\15.1552.npz,C:\dev_work\personal\Ai-Driven-Vibrations-motor\data\raw_mafulda\vertical-misalignment\1.90mm\15.1552.csv,2,Misalignment,882.2072099290609
4k_mafulda_structured_v3\vertical-misalignment\1.90mm\16.1792.npz,C:\dev_work\personal\Ai-Driven-Vibrations-motor\data\raw_mafulda\vertical-misalignment\1.90mm\16.1792.csv,2,Misalignment,944.2137274778457
4k_mafulda_structured_v3\vertical-misalignment\1.90mm\17.408.npz,C:\dev_work\personal\Ai-Driven-Vibrations-motor\data\raw_mafulda\vertical-misalignment\1.90mm\17.408.csv,2,Misalignment,1014.583104135343
4k_mafulda_structured_v3\vertical-misalignment\1.90mm\18.432.npz,C:\dev_work\personal\Ai-Driven-Vibrations-motor\data\raw_mafulda\vertical-misalignment\1.90mm\18.432.csv,2,Misalignment,1077.5862068965516
4k_mafulda_structured_v3\vertical-misalignment\1.90mm\18.6368.npz,C:\dev_work\personal\Ai-Driven-Vibrations-motor\data\raw_mafulda\vertical-misalignment\1.90mm\18.6368.csv,2,Misalignment,1097.6100557341995
4k_mafulda_structured_v3\vertical-misalignment\1.90mm\19.6608.npz,C:\dev_work\personal\Ai-Driven-Vibrations-motor\data\raw_mafulda\vertical-misalignment\1.90mm\19.6608.csv,2,Misalignment,1148.7229622387877
4k_mafulda_structured_v3\vertical-misalignment\1.90mm\20.8896.npz,C:\dev_work\personal\Ai-Driven-Vibrations-motor\data\raw_mafulda\vertical-misalignment\1.90mm\20.8896.csv,2,Misalignment,1219.095133678006
4k_mafulda_structured_v3\vertical-misalignment\1.90mm\22.1184.npz,C:\dev_work\personal\Ai-Driven-Vibrations-motor\data\raw_mafulda\vertical-misalignment\1.90mm\22.1184.csv,2,Misalignment,1294.965770141559
4k_mafulda_structured_v3\vertical-misalignment\1.90mm\22.528.npz,C:\dev_work\personal\Ai-Driven-Vibrations-motor\data\raw_mafulda\vertical-misalignment\1.90mm\22.528.csv,2,Misalignment,1323.8497550877955
4k_mafulda_structured_v3\vertical-misalignment\1.90mm\23.552.npz,C:\dev_work\personal\Ai-Driven-Vibrations-motor\data\raw_mafulda\vertical-misalignment\1.90mm\23.552.csv,2,Misalignment,1378.5708815194914
4k_mafulda_structured_v3\vertical-misalignment\1.90mm\24.7808.npz,C:\dev_work\personal\Ai-Driven-Vibrations-motor\data\raw_mafulda\vertical-misalignment\1.90mm\24.7808.csv,2,Misalignment,1455.0628102113074
4k_mafulda_structured_v3\vertical-misalignment\1.90mm\25.3952.npz,C:\dev_work\personal\Ai-Driven-Vibrations-motor\data\raw_mafulda\vertical-misalignment\1.90mm\25.3952.csv,2,Misalignment,1489.2543638381594
4k_mafulda_structured_v3\vertical-misalignment\1.90mm\26.4192.npz,C:\dev_work\personal\Ai-Driven-Vibrations-motor\data\raw_mafulda\vertical-misalignment\1.90mm\26.4192.csv,2,Misalignment,1550.6693318795808
4k_mafulda_structured_v3\vertical-misalignment\1.90mm\27.2384.npz,C:\dev_work\personal\Ai-Driven-Vibrations-motor\data\raw_mafulda\vertical-misalignment\1.90mm\27.2384.csv,2,Misalignment,1600.8859037783313
4k_mafulda_structured_v3\vertical-misalignment\1.90mm\28.8768.npz,C:\dev_work\personal\Ai-Driven-Vibrations-motor\data\raw_mafulda\vertical-misalignment\1.90mm\28.8768.csv,2,Misalignment,1692.395101725034
4k_mafulda_structured_v3\vertical-misalignment\1.90mm\29.9008.npz,C:\dev_work\personal\Ai-Driven-Vibrations-motor\data\raw_mafulda\vertical-misalignment\1.90mm\29.9008.csv,2,Misalignment,1749.1023285176057
4k_mafulda_structured_v3\vertical-misalignment\1.90mm\30.3104.npz,C:\dev_work\personal\Ai-Driven-Vibrations-motor\data\raw_mafulda\vertical-misalignment\1.90mm\30.3104.csv,2,Misalignment,1775.6697012767909
4k_mafulda_structured_v3\vertical-misalignment\1.90mm\31.3344.npz,C:\dev_work\personal\Ai-Driven-Vibrations-motor\data\raw_mafulda\vertical-misalignment\1.90mm\31.3344.csv,2,Misalignment,1840.0333531100173
4k_mafulda_structured_v3\vertical-misalignment\1.90mm\32.5632.npz,C:\dev_work\personal\Ai-Driven-Vibrations-motor\data\raw_mafulda\vertical-misalignment\1.90mm\32.5632.csv,2,Misalignment,1908.7581394037747
4k_mafulda_structured_v3\vertical-misalignment\1.90mm\33.792.npz,C:\dev_work\personal\Ai-Driven-Vibrations-motor\data\raw_mafulda\vertical-misalignment\1.90mm\33.792.csv,2,Misalignment,1977.7553083923156
4k_mafulda_structured_v3\vertical-misalignment\1.90mm\34.4064.npz,C:\dev_work\personal\Ai-Driven-Vibrations-motor\data\raw_mafulda\vertical-misalignment\1.90mm\34.4064.csv,2,Misalignment,2020.2916317181753
4k_mafulda_structured_v3\vertical-misalignment\1.90mm\35.2256.npz,C:\dev_work\personal\Ai-Driven-Vibrations-motor\data\raw_mafulda\vertical-misalignment\1.90mm\35.2256.csv,2,Misalignment,2060.8451473725227
4k_mafulda_structured_v3\vertical-misalignment\1.90mm\36.2496.npz,C:\dev_work\personal\Ai-Driven-Vibrations-motor\data\raw_mafulda\vertical-misalignment\1.90mm\36.2496.csv,2,Misalignment,2126.2544095617013
4k_mafulda_structured_v3\vertical-misalignment\1.90mm\37.4784.npz,C:\dev_work\personal\Ai-Driven-Vibrations-motor\data\raw_mafulda\vertical-misalignment\1.90mm\37.4784.csv,2,Misalignment,2194.410282379609
4k_mafulda_structured_v3\vertical-misalignment\1.90mm\38.5024.npz,C:\dev_work\personal\Ai-Driven-Vibrations-motor\data\raw_mafulda\vertical-misalignment\1.90mm\38.5024.csv,2,Misalignment,2252.6863585987567
4k_mafulda_structured_v3\vertical-misalignment\1.90mm\39.3216.npz,C:\dev_work\personal\Ai-Driven-Vibrations-motor\data\raw_mafulda\vertical-misalignment\1.90mm\39.3216.csv,2,Misalignment,2301.347297531906
4k_mafulda_structured_v3\vertical-misalignment\1.90mm\40.3456.npz,C:\dev_work\personal\Ai-Driven-Vibrations-motor\data\raw_mafulda\vertical-misalignment\1.90mm\40.3456.csv,2,Misalignment,2360.611510791367
4k_mafulda_structured_v3\vertical-misalignment\1.90mm\40.96.npz,C:\dev_work\personal\Ai-Driven-Vibrations-motor\data\raw_mafulda\vertical-misalignment\1.90mm\40.96.csv,2,Misalignment,2400.3956431009733
4k_mafulda_structured_v3\vertical-misalignment\1.90mm\42.1888.npz,C:\dev_work\personal\Ai-Driven-Vibrations-motor\data\raw_mafulda\vertical-misalignment\1.90mm\42.1888.csv,2,Misalignment,2471.5371353478035
4k_mafulda_structured_v3\vertical-misalignment\1.90mm\42.8032.npz,C:\dev_work\personal\Ai-Driven-Vibrations-motor\data\raw_mafulda\vertical-misalignment\1.90mm\42.8032.csv,2,Misalignment,2504.505299998796
4k_mafulda_structured_v3\vertical-misalignment\1.90mm\44.2368.npz,C:\dev_work\personal\Ai-Driven-Vibrations-motor\data\raw_mafulda\vertical-misalignment\1.90mm\44.2368.csv,2,Misalignment,2587.9791994195184
4k_mafulda_structured_v3\vertical-misalignment\1.90mm\44.8512.npz,C:\dev_work\personal\Ai-Driven-Vibrations-motor\data\raw_mafulda\vertical-misalignment\1.90mm\44.8512.csv,2,Misalignment,2626.020895738137
4k_mafulda_structured_v3\vertical-misalignment\1.90mm\45.8752.npz,C:\dev_work\personal\Ai-Driven-Vibrations-motor\data\raw_mafulda\vertical-misalignment\1.90mm\45.8752.csv,2,Misalignment,2690.0636527767165
4k_mafulda_structured_v3\vertical-misalignment\1.90mm\47.104.npz,C:\dev_work\personal\Ai-Driven-Vibrations-motor\data\raw_mafulda\vertical-misalignment\1.90mm\47.104.csv,2,Misalignment,2756.268806419258
4k_mafulda_structured_v3\vertical-misalignment\1.90mm\48.7424.npz,C:\dev_work\personal\Ai-Driven-Vibrations-motor\data\raw_mafulda\vertical-misalignment\1.90mm\48.7424.csv,2,Misalignment,2860.177162028433
4k_mafulda_structured_v3\vertical-misalignment\1.90mm\49.3568.npz,C:\dev_work\personal\Ai-Driven-Vibrations-motor\data\raw_mafulda\vertical-misalignment\1.90mm\49.3568.csv,2,Misalignment,2894.8331249321527
4k_mafulda_structured_v3\vertical-misalignment\1.90mm\49.9712.npz,C:\dev_work\personal\Ai-Driven-Vibrations-motor\data\raw_mafulda\vertical-misalignment\1.90mm\49.9712.csv,2,Misalignment,2925.7603364825054
4k_mafulda_structured_v3\vertical-misalignment\1.90mm\51.2.npz,C:\dev_work\personal\Ai-Driven-Vibrations-motor\data\raw_mafulda\vertical-misalignment\1.90mm\51.2.csv,2,Misalignment,2994.5280711952055
4k_mafulda_structured_v3\vertical-misalignment\1.90mm\52.224.npz,C:\dev_work\personal\Ai-Driven-Vibrations-motor\data\raw_mafulda\vertical-misalignment\1.90mm\52.224.csv,2,Misalignment,3063.3288978046144
4k_mafulda_structured_v3\vertical-misalignment\1.90mm\53.248.npz,C:\dev_work\personal\Ai-Driven-Vibrations-motor\data\raw_mafulda\vertical-misalignment\1.90mm\53.248.csv,2,Misalignment,3115.9545730860427
4k_mafulda_structured_v3\vertical-misalignment\1.90mm\54.6816.npz,C:\dev_work\personal\Ai-Driven-Vibrations-motor\data\raw_mafulda\vertical-misalignment\1.90mm\54.6816.csv,2,Misalignment,3206.068227381751
4k_mafulda_structured_v3\vertical-misalignment\1.90mm\55.9104.npz,C:\dev_work\personal\Ai-Driven-Vibrations-motor\data\raw_mafulda\vertical-misalignment\1.90mm\55.9104.csv,2,Misalignment,3270.685280713779
4k_mafulda_structured_v3\vertical-misalignment\1.90mm\56.7296.npz,C:\dev_work\personal\Ai-Driven-Vibrations-motor\data\raw_mafulda\vertical-misalignment\1.90mm\56.7296.csv,2,Misalignment,3326.182843645304
4k_mafulda_structured_v3\vertical-misalignment\1.90mm\57.9584.npz,C:\dev_work\personal\Ai-Driven-Vibrations-motor\data\raw_mafulda\vertical-misalignment\1.90mm\57.9584.csv,2,Misalignment,3393.5012237537035
4k_mafulda_structured_v3\vertical-misalignment\1.90mm\58.5728.npz,C:\dev_work\personal\Ai-Driven-Vibrations-motor\data\raw_mafulda\vertical-misalignment\1.90mm\58.5728.csv,2,Misalignment,3435.5976131637635
4k_mafulda_structured_v3\vertical-misalignment\1.90mm\59.8016.npz,C:\dev_work\personal\Ai-Driven-Vibrations-motor\data\raw_mafulda\vertical-misalignment\1.90mm\59.8016.csv,2,Misalignment,3501.9595730256847
4k_mafulda_structured_v3\vertical-misalignment\1.90mm\61.0304.npz,C:\dev_work\personal\Ai-Driven-Vibrations-motor\data\raw_mafulda\vertical-misalignment\1.90mm\61.0304.csv,2,Misalignment,3573.3908712095385
4k_mafulda_structured_v3\vertical-misalignment\1.90mm\61.44.npz,C:\dev_work\personal\Ai-Driven-Vibrations-motor\data\raw_mafulda\vertical-misalignment\1.90mm\61.44.csv,2,Misalignment,3602.2794356830473
